[2026-09-22T14:45:33.320Z] {"timestamp":1790088331201,"level":"DEBUG","args":["[Manus] Debug collector initialized (no rrweb, UI events only)"],"stack":null}
[2026-09-22T14:45:33.320Z] {"timestamp":1790088332089,"level":"DEBUG","args":["[vite] connected."],"stack":null}
[2026-09-22T14:45:33.320Z] {"timestamp":1790088332974,"level":"INFO","args":["%cDownload the React DevTools for a better development experience: https://react.dev/link/react-devtools","font-weight:bold"],"stack":null}
[2026-09-22T14:45:52.159Z] {"timestamp":1790088349150,"level":"DEBUG","args":["[Manus] Debug collector initialized (no rrweb, UI events only)"],"stack":null}
[2026-09-22T14:45:52.159Z] {"timestamp":1790088350063,"level":"DEBUG","args":["[vite] connected."],"stack":null}
[2026-09-22T14:45:53.296Z] {"timestamp":1790088352329,"level":"INFO","args":["%cDownload the React DevTools for a better development experience: https://react.dev/link/react-devtools","font-weight:bold"],"stack":null}
[2026-09-22T14:47:11.362Z] {"timestamp":1790088429265,"level":"DEBUG","args":["[Manus] Debug collector initialized (no rrweb, UI events only)"],"stack":null}
[2026-09-22T14:47:11.362Z] {"timestamp":1790088429727,"level":"DEBUG","args":["[vite] connected."],"stack":null}
[2026-09-22T14:47:11.362Z] {"timestamp":1790088430480,"level":"INFO","args":["%cDownload the React DevTools for a better development experience: https://react.dev/link/react-devtools","font-weight:bold"],"stack":null}
[2026-09-22T14:47:23.395Z] {"timestamp":1790088441316,"level":"DEBUG","args":["[Manus] Debug collector initialized (no rrweb, UI events only)"],"stack":null}
[2026-09-22T14:47:23.395Z] {"timestamp":1790088441638,"level":"DEBUG","args":["[vite] connected."],"stack":null}
[2026-09-22T14:47:23.395Z] {"timestamp":1790088442038,"level":"INFO","args":["%cDownload the React DevTools for a better development experience: https://react.dev/link/react-devtools","font-weight:bold"],"stack":null}
[2026-09-22T14:56:43.882Z] {"timestamp":1790089003279,"level":"LOG","args":["[vite] server connection lost. Polling for restart..."],"stack":null}
[2026-09-22T14:56:47.470Z] {"timestamp":1790089004523,"level":"DEBUG","args":["[Manus] Debug collector initialized (no rrweb, UI events only)"],"stack":null}
[2026-09-22T14:56:47.470Z] {"timestamp":1790089004836,"level":"DEBUG","args":["[vite] connected."],"stack":null}
[2026-09-22T14:56:47.470Z] {"timestamp":1790089005199,"level":"INFO","args":["%cDownload the React DevTools for a better development experience: https://react.dev/link/react-devtools","font-weight:bold"],"stack":null}
[2026-09-22T14:57:43.607Z] {"timestamp":1790089063293,"level":"LOG","args":["[vite] server connection lost. Polling for restart..."],"stack":null}
[2026-09-22T14:57:47.464Z] {"timestamp":1790089065023,"level":"DEBUG","args":["[Manus] Debug collector initialized (no rrweb, UI events only)"],"stack":null}
[2026-09-22T14:57:47.464Z] {"timestamp":1790089066427,"level":"DEBUG","args":["[vite] connected."],"stack":null}
[2026-09-22T14:57:53.291Z] {"timestamp":1790089067465,"level":"INFO","args":["%cDownload the React DevTools for a better development experience: https://react.dev/link/react-devtools","font-weight:bold"],"stack":null}
[2026-09-22T14:57:53.848Z] {"timestamp":1790089073223,"level":"LOG","args":["[vite] server connection lost. Polling for restart..."],"stack":null}
[2026-09-22T14:57:58.623Z] {"timestamp":1790089076545,"level":"DEBUG","args":["[Manus] Debug collector initialized (no rrweb, UI events only)"],"stack":null}
[2026-09-22T14:57:58.623Z] {"timestamp":1790089077079,"level":"DEBUG","args":["[vite] connected."],"stack":null}
[2026-09-22T14:57:58.623Z] {"timestamp":1790089077627,"level":"INFO","args":["%cDownload the React DevTools for a better development experience: https://react.dev/link/react-devtools","font-weight:bold"],"stack":null}
[2026-09-22T15:01:45.620Z] {"timestamp":1790089262264,"level":"DEBUG","args":["[vite]","hot updated: /src/pages/Home.tsx"],"stack":null}
[2026-09-22T15:01:45.620Z] {"timestamp":1790089262264,"level":"DEBUG","args":["[vite]","hot updated: /src/index.css"],"stack":null}
[2026-09-22T15:01:57.865Z] {"timestamp":1790089310188,"level":"DEBUG","args":["[vite]","hot updated: /src/index.css"],"stack":null}
[2026-09-22T15:02:02.764Z] {"timestamp":1790089320685,"level":"DEBUG","args":["[Manus] Debug collector initialized (no rrweb, UI events only)"],"stack":null}
[2026-09-22T15:02:02.764Z] {"timestamp":1790089321129,"level":"DEBUG","args":["[vite] connected."],"stack":null}
[2026-09-22T15:02:02.764Z] {"timestamp":1790089321366,"level":"INFO","args":["%cDownload the React DevTools for a better development experience: https://react.dev/link/react-devtools","font-weight:bold"],"stack":null}
[2026-09-22T15:03:49.451Z] {"timestamp":1790089428458,"level":"DEBUG","args":["[vite]","hot updated: /src/index.css"],"stack":null}
[2026-09-22T15:03:57.707Z] {"timestamp":1790089435421,"level":"DEBUG","args":["[vite]","hot updated: /src/index.css"],"stack":null}
[2026-09-22T15:04:04.717Z] {"timestamp":1790089442628,"level":"DEBUG","args":["[Manus] Debug collector initialized (no rrweb, UI events only)"],"stack":null}
[2026-09-22T15:04:04.717Z] {"timestamp":1790089442943,"level":"DEBUG","args":["[vite] connected."],"stack":null}
[2026-09-22T15:04:04.717Z] {"timestamp":1790089443136,"level":"INFO","args":["%cDownload the React DevTools for a better development experience: https://react.dev/link/react-devtools","font-weight:bold"],"stack":null}
[2026-09-22T15:05:45.679Z] {"timestamp":1790089524412,"level":"LOG","args":["[vite] server connection lost. Polling for restart..."],"stack":null}
[2026-09-22T15:06:32.177Z] {"timestamp":1790089585797,"level":"DEBUG","args":["[Manus] Debug collector initialized (no rrweb, UI events only)"],"stack":null}
[2026-09-22T15:06:32.614Z] {"timestamp":1790089590952,"level":"DEBUG","args":["[vite] connected."],"stack":null}
[2026-09-22T15:06:36.458Z] {"timestamp":1790089594882,"level":"INFO","args":["%cDownload the React DevTools for a better development experience: https://react.dev/link/react-devtools","font-weight:bold"],"stack":null}
[2026-09-22T15:06:54.453Z] {"timestamp":1790089612944,"level":"DEBUG","args":["[vite]","hot updated: /src/index.css"],"stack":null}
[2026-09-22T15:07:08.171Z] {"timestamp":1790089626091,"level":"DEBUG","args":["[Manus] Debug collector initialized (no rrweb, UI events only)"],"stack":null}
[2026-09-22T15:07:08.171Z] {"timestamp":1790089626408,"level":"DEBUG","args":["[vite] connected."],"stack":null}
[2026-09-22T15:07:08.171Z] {"timestamp":1790089626570,"level":"INFO","args":["%cDownload the React DevTools for a better development experience: https://react.dev/link/react-devtools","font-weight:bold"],"stack":null}
[2026-09-22T15:08:45.664Z] {"timestamp":1790089713349,"level":"DEBUG","args":["[vite]","hot updated: /src/index.css"],"stack":null}
[2026-09-22T15:09:06.237Z] {"timestamp":1790089733527,"level":"DEBUG","args":["[vite]","hot updated: /src/pages/Home.tsx"],"stack":null}
[2026-09-22T15:09:06.237Z] {"timestamp":1790089733527,"level":"DEBUG","args":["[vite]","hot updated: /src/index.css"],"stack":null}
[2026-09-22T15:09:38.456Z] {"timestamp":1790089778370,"level":"DEBUG","args":["[vite]","hot updated: /src/pages/Home.tsx"],"stack":null}
[2026-09-22T15:09:38.456Z] {"timestamp":1790089778370,"level":"DEBUG","args":["[vite]","hot updated: /src/index.css"],"stack":null}
[2026-09-22T15:12:03.371Z] {"timestamp":1790089921108,"level":"DEBUG","args":["[vite]","hot updated: /src/index.css"],"stack":null}
[2026-09-22T15:12:08.520Z] {"timestamp":1790089926436,"level":"DEBUG","args":["[Manus] Debug collector initialized (no rrweb, UI events only)"],"stack":null}
[2026-09-22T15:12:08.520Z] {"timestamp":1790089926830,"level":"DEBUG","args":["[vite] connected."],"stack":null}
[2026-09-22T15:12:08.520Z] {"timestamp":1790089927028,"level":"INFO","args":["%cDownload the React DevTools for a better development experience: https://react.dev/link/react-devtools","font-weight:bold"],"stack":null}
[2026-09-22T15:13:48.070Z] {"timestamp":1790090025717,"level":"DEBUG","args":["[vite]","hot updated: /src/index.css"],"stack":null}
[2026-09-22T15:13:52.689Z] {"timestamp":1790090030615,"level":"DEBUG","args":["[Manus] Debug collector initialized (no rrweb, UI events only)"],"stack":null}
[2026-09-22T15:13:52.689Z] {"timestamp":1790090030947,"level":"DEBUG","args":["[vite] connected."],"stack":null}
[2026-09-22T15:13:52.689Z] {"timestamp":1790090031181,"level":"INFO","args":["%cDownload the React DevTools for a better development experience: https://react.dev/link/react-devtools","font-weight:bold"],"stack":null}
[2026-09-22T15:18:45.625Z] {"timestamp":1790090301762,"level":"DEBUG","args":["[vite]","hot updated: /src/index.css"],"stack":null}
[2026-09-22T15:19:43.578Z] {"timestamp":1790090380560,"level":"DEBUG","args":["[vite]","hot updated: /src/pages/Home.tsx"],"stack":null}
[2026-09-22T15:19:43.578Z] {"timestamp":1790090380560,"level":"DEBUG","args":["[vite]","hot updated: /src/index.css"],"stack":null}
[2026-09-22T15:19:48.250Z] {"timestamp":1790090386115,"level":"DEBUG","args":["[Manus] Debug collector initialized (no rrweb, UI events only)"],"stack":null}
[2026-09-22T15:19:48.250Z] {"timestamp":1790090386460,"level":"DEBUG","args":["[vite] connected."],"stack":null}
[2026-09-22T15:19:48.250Z] {"timestamp":1790090386943,"level":"INFO","args":["%cDownload the React DevTools for a better development experience: https://react.dev/link/react-devtools","font-weight:bold"],"stack":null}
[2026-09-22T15:22:33.993Z] {"timestamp":1790090551490,"level":"DEBUG","args":["[vite]","hot updated: /src/index.css"],"stack":null}
[2026-09-22T15:22:39.732Z] {"timestamp":1790090557668,"level":"DEBUG","args":["[Manus] Debug collector initialized (no rrweb, UI events only)"],"stack":null}
[2026-09-22T15:22:39.733Z] {"timestamp":1790090558034,"level":"DEBUG","args":["[vite] connected."],"stack":null}
[2026-09-22T15:22:39.733Z] {"timestamp":1790090558350,"level":"INFO","args":["%cDownload the React DevTools for a better development experience: https://react.dev/link/react-devtools","font-weight:bold"],"stack":null}
[2026-09-22T15:23:06.450Z] {"timestamp":1790090586184,"level":"DEBUG","args":["[vite]","hot updated: /src/index.css"],"stack":null}
[2026-09-22T15:23:19.224Z] {"timestamp":1790090597155,"level":"DEBUG","args":["[Manus] Debug collector initialized (no rrweb, UI events only)"],"stack":null}
[2026-09-22T15:23:19.224Z] {"timestamp":1790090597559,"level":"DEBUG","args":["[vite] connected."],"stack":null}
[2026-09-22T15:23:19.224Z] {"timestamp":1790090597769,"level":"INFO","args":["%cDownload the React DevTools for a better development experience: https://react.dev/link/react-devtools","font-weight:bold"],"stack":null}
[2026-09-22T15:23:55.453Z] {"timestamp":1790090635043,"level":"DEBUG","args":["[vite]","hot updated: /src/index.css"],"stack":null}
[2026-09-22T15:24:02.806Z] {"timestamp":1790090640749,"level":"DEBUG","args":["[Manus] Debug collector initialized (no rrweb, UI events only)"],"stack":null}
[2026-09-22T15:24:02.807Z] {"timestamp":1790090641058,"level":"DEBUG","args":["[vite] connected."],"stack":null}
[2026-09-22T15:24:02.807Z] {"timestamp":1790090641243,"level":"INFO","args":["%cDownload the React DevTools for a better development experience: https://react.dev/link/react-devtools","font-weight:bold"],"stack":null}
[2026-09-22T15:24:13.292Z] {"timestamp":1790090651232,"level":"DEBUG","args":["[Manus] Debug collector initialized (no rrweb, UI events only)"],"stack":null}
[2026-09-22T15:24:13.292Z] {"timestamp":1790090651499,"level":"DEBUG","args":["[vite] connected."],"stack":null}
[2026-09-22T15:24:13.292Z] {"timestamp":1790090651801,"level":"INFO","args":["%cDownload the React DevTools for a better development experience: https://react.dev/link/react-devtools","font-weight:bold"],"stack":null}
[2026-09-22T15:27:45.610Z] {"timestamp":1790090841706,"level":"DEBUG","args":["[vite]","hot updated: /src/index.css"],"stack":null}
[2026-09-22T15:30:18.775Z] {"timestamp":1790091014559,"level":"DEBUG","args":["[vite]","hot updated: /src/index.css"],"stack":null}
[2026-09-22T15:30:23.816Z] {"timestamp":1790091021760,"level":"DEBUG","args":["[Manus] Debug collector initialized (no rrweb, UI events only)"],"stack":null}
[2026-09-22T15:30:23.816Z] {"timestamp":1790091022088,"level":"DEBUG","args":["[vite] connected."],"stack":null}
[2026-09-22T15:30:23.816Z] {"timestamp":1790091022651,"level":"INFO","args":["%cDownload the React DevTools for a better development experience: https://react.dev/link/react-devtools","font-weight:bold"],"stack":null}
[2026-09-22T15:32:34.101Z] {"timestamp":1790091127083,"level":"DEBUG","args":["[vite]","hot updated: /src/pages/Home.tsx"],"stack":null}
[2026-09-22T15:32:34.101Z] {"timestamp":1790091127084,"level":"DEBUG","args":["[vite]","hot updated: /src/index.css"],"stack":null}
[2026-09-22T15:32:34.101Z] {"timestamp":1790091151824,"level":"DEBUG","args":["[vite]","hot updated: /src/index.css"],"stack":null}
[2026-09-22T15:35:08.345Z] {"timestamp":1790091306292,"level":"DEBUG","args":["[Manus] Debug collector initialized (no rrweb, UI events only)"],"stack":null}
[2026-09-22T15:35:08.345Z] {"timestamp":1790091306631,"level":"DEBUG","args":["[vite] connected."],"stack":null}
[2026-09-22T15:35:08.345Z] {"timestamp":1790091307011,"level":"INFO","args":["%cDownload the React DevTools for a better development experience: https://react.dev/link/react-devtools","font-weight:bold"],"stack":null}
[2026-09-22T15:40:12.058Z] {"timestamp":1790091609434,"level":"DEBUG","args":["[vite]","hot updated: /src/index.css"],"stack":null}
[2026-09-22T15:40:19.066Z] {"timestamp":1790091617003,"level":"DEBUG","args":["[Manus] Debug collector initialized (no rrweb, UI events only)"],"stack":null}
[2026-09-22T15:40:19.066Z] {"timestamp":1790091617367,"level":"DEBUG","args":["[vite] connected."],"stack":null}
[2026-09-22T15:40:19.066Z] {"timestamp":1790091617788,"level":"INFO","args":["%cDownload the React DevTools for a better development experience: https://react.dev/link/react-devtools","font-weight:bold"],"stack":null}
[2026-09-22T15:42:45.673Z] {"timestamp":1790091743493,"level":"DEBUG","args":["[vite]","hot updated: /src/index.css"],"stack":null}
[2026-09-22T15:47:27.188Z] {"timestamp":1790092045145,"level":"DEBUG","args":["[Manus] Debug collector initialized (no rrweb, UI events only)"],"stack":null}
[2026-09-22T15:47:27.188Z] {"timestamp":1790092045719,"level":"DEBUG","args":["[vite] connected."],"stack":null}
[2026-09-22T15:47:27.188Z] {"timestamp":1790092046312,"level":"INFO","args":["%cDownload the React DevTools for a better development experience: https://react.dev/link/react-devtools","font-weight:bold"],"stack":null}
[2026-09-22T16:06:50.644Z] {"timestamp":1790093208623,"level":"DEBUG","args":["[Manus] Debug collector initialized (no rrweb, UI events only)"],"stack":null}
[2026-09-22T16:06:50.644Z] {"timestamp":1790093208959,"level":"DEBUG","args":["[vite] connected."],"stack":null}
[2026-09-22T16:06:50.644Z] {"timestamp":1790093209305,"level":"INFO","args":["%cDownload the React DevTools for a better development experience: https://react.dev/link/react-devtools","font-weight:bold"],"stack":null}
[2026-09-22T16:21:43.859Z] {"timestamp":1790094103295,"level":"LOG","args":["[vite] server connection lost. Polling for restart..."],"stack":null}
[2026-09-22T16:21:47.415Z] {"timestamp":1790094104521,"level":"DEBUG","args":["[Manus] Debug collector initialized (no rrweb, UI events only)"],"stack":null}
[2026-09-22T16:21:47.415Z] {"timestamp":1790094104940,"level":"DEBUG","args":["[vite] connected."],"stack":null}
[2026-09-22T16:21:47.415Z] {"timestamp":1790094105188,"level":"INFO","args":["%cDownload the React DevTools for a better development experience: https://react.dev/link/react-devtools","font-weight:bold"],"stack":null}
[2026-09-22T16:22:43.566Z] {"timestamp":1790094163294,"level":"LOG","args":["[vite] server connection lost. Polling for restart..."],"stack":null}
[2026-09-22T16:22:46.446Z] {"timestamp":1790094164286,"level":"DEBUG","args":["[Manus] Debug collector initialized (no rrweb, UI events only)"],"stack":null}
[2026-09-22T16:22:46.446Z] {"timestamp":1790094164596,"level":"DEBUG","args":["[vite] connected."],"stack":null}
[2026-09-22T16:22:46.446Z] {"timestamp":1790094165080,"level":"INFO","args":["%cDownload the React DevTools for a better development experience: https://react.dev/link/react-devtools","font-weight:bold"],"stack":null}
[2026-09-22T16:23:43.572Z] {"timestamp":1790094223288,"level":"LOG","args":["[vite] server connection lost. Polling for restart..."],"stack":null}
[2026-09-22T16:23:47.421Z] {"timestamp":1790094224435,"level":"DEBUG","args":["[Manus] Debug collector initialized (no rrweb, UI events only)"],"stack":null}
[2026-09-22T16:23:47.421Z] {"timestamp":1790094224753,"level":"DEBUG","args":["[vite] connected."],"stack":null}
[2026-09-22T16:23:47.421Z] {"timestamp":1790094224972,"level":"INFO","args":["%cDownload the React DevTools for a better development experience: https://react.dev/link/react-devtools","font-weight:bold"],"stack":null}
[2026-09-22T16:24:00.688Z] {"timestamp":1790094240171,"level":"LOG","args":["[vite] server connection lost. Polling for restart..."],"stack":null}
[2026-09-22T16:24:03.416Z] {"timestamp":1790094241254,"level":"DEBUG","args":["[Manus] Debug collector initialized (no rrweb, UI events only)"],"stack":null}
[2026-09-22T16:24:03.416Z] {"timestamp":1790094241567,"level":"DEBUG","args":["[vite] connected."],"stack":null}
[2026-09-22T16:24:03.416Z] {"timestamp":1790094242028,"level":"INFO","args":["%cDownload the React DevTools for a better development experience: https://react.dev/link/react-devtools","font-weight:bold"],"stack":null}
[2026-09-22T16:24:43.552Z] {"timestamp":1790094283283,"level":"LOG","args":["[vite] server connection lost. Polling for restart..."],"stack":null}
[2026-09-22T16:24:46.414Z] {"timestamp":1790094284283,"level":"DEBUG","args":["[Manus] Debug collector initialized (no rrweb, UI events only)"],"stack":null}
[2026-09-22T16:24:46.414Z] {"timestamp":1790094284605,"level":"DEBUG","args":["[vite] connected."],"stack":null}
[2026-09-22T16:24:46.414Z] {"timestamp":1790094284938,"level":"INFO","args":["%cDownload the React DevTools for a better development experience: https://react.dev/link/react-devtools","font-weight:bold"],"stack":null}
[2026-09-22T16:25:43.565Z] {"timestamp":1790094343295,"level":"LOG","args":["[vite] server connection lost. Polling for restart..."],"stack":null}
[2026-09-22T16:25:46.408Z] {"timestamp":1790094344365,"level":"DEBUG","args":["[Manus] Debug collector initialized (no rrweb, UI events only)"],"stack":null}
[2026-09-22T16:25:46.408Z] {"timestamp":1790094344700,"level":"DEBUG","args":["[vite] connected."],"stack":null}
[2026-09-22T16:25:46.408Z] {"timestamp":1790094345101,"level":"INFO","args":["%cDownload the React DevTools for a better development experience: https://react.dev/link/react-devtools","font-weight:bold"],"stack":null}
[2026-09-22T16:26:43.580Z] {"timestamp":1790094403287,"level":"LOG","args":["[vite] server connection lost. Polling for restart..."],"stack":null}
[2026-09-22T16:26:47.401Z] {"timestamp":1790094404837,"level":"DEBUG","args":["[Manus] Debug collector initialized (no rrweb, UI events only)"],"stack":null}
[2026-09-22T16:26:47.401Z] {"timestamp":1790094405141,"level":"DEBUG","args":["[vite] connected."],"stack":null}
[2026-09-22T16:26:47.401Z] {"timestamp":1790094405428,"level":"INFO","args":["%cDownload the React DevTools for a better development experience: https://react.dev/link/react-devtools","font-weight:bold"],"stack":null}
[2026-09-22T16:27:43.563Z] {"timestamp":1790094463283,"level":"LOG","args":["[vite] server connection lost. Polling for restart..."],"stack":null}
[2026-09-22T16:27:47.406Z] {"timestamp":1790094464463,"level":"DEBUG","args":["[Manus] Debug collector initialized (no rrweb, UI events only)"],"stack":null}
[2026-09-22T16:27:47.406Z] {"timestamp":1790094464786,"level":"DEBUG","args":["[vite] connected."],"stack":null}
[2026-09-22T16:27:47.406Z] {"timestamp":1790094464950,"level":"INFO","args":["%cDownload the React DevTools for a better development experience: https://react.dev/link/react-devtools","font-weight:bold"],"stack":null}
[2026-09-22T16:28:43.568Z] {"timestamp":1790094523288,"level":"LOG","args":["[vite] server connection lost. Polling for restart..."],"stack":null}
[2026-09-22T16:28:47.409Z] {"timestamp":1790094524470,"level":"DEBUG","args":["[Manus] Debug collector initialized (no rrweb, UI events only)"],"stack":null}
[2026-09-22T16:28:47.409Z] {"timestamp":1790094524781,"level":"DEBUG","args":["[vite] connected."],"stack":null}
[2026-09-22T16:28:47.409Z] {"timestamp":1790094525098,"level":"INFO","args":["%cDownload the React DevTools for a better development experience: https://react.dev/link/react-devtools","font-weight:bold"],"stack":null}
[2026-09-22T16:29:43.803Z] {"timestamp":1790094583284,"level":"LOG","args":["[vite] server connection lost. Polling for restart..."],"stack":null}
[2026-09-22T16:29:47.395Z] {"timestamp":1790094584630,"level":"DEBUG","args":["[Manus] Debug collector initialized (no rrweb, UI events only)"],"stack":null}
[2026-09-22T16:29:47.395Z] {"timestamp":1790094584950,"level":"DEBUG","args":["[vite] connected."],"stack":null}
[2026-09-22T16:29:47.395Z] {"timestamp":1790094585361,"level":"INFO","args":["%cDownload the React DevTools for a better development experience: https://react.dev/link/react-devtools","font-weight:bold"],"stack":null}
[2026-09-22T16:50:43.062Z] {"timestamp":1790095841055,"level":"DEBUG","args":["[Manus] Debug collector initialized (no rrweb, UI events only)"],"stack":null}
[2026-09-22T16:50:48.374Z] {"timestamp":1790095846061,"level":"DEBUG","args":["[vite] connected."],"stack":null}
[2026-09-22T16:50:53.051Z] {"timestamp":1790095851546,"level":"INFO","args":["%cDownload the React DevTools for a better development experience: https://react.dev/link/react-devtools","font-weight:bold"],"stack":null}
[2026-09-22T17:11:01.556Z] {"timestamp":1790097059567,"level":"DEBUG","args":["[Manus] Debug collector initialized (no rrweb, UI events only)"],"stack":null}
[2026-09-22T17:11:01.556Z] {"timestamp":1790097059740,"level":"DEBUG","args":["[vite] connected."],"stack":null}
[2026-09-22T17:11:01.556Z] {"timestamp":1790097060262,"level":"INFO","args":["%cDownload the React DevTools for a better development experience: https://react.dev/link/react-devtools","font-weight:bold"],"stack":null}
[2026-09-22T19:01:37.677Z] {"timestamp":1790103695531,"level":"DEBUG","args":["[Manus] Debug collector initialized (no rrweb, UI events only)"],"stack":null}
[2026-09-22T19:01:37.677Z] {"timestamp":1790103695868,"level":"DEBUG","args":["[vite] connected."],"stack":null}
[2026-09-22T19:01:37.677Z] {"timestamp":1790103696936,"level":"INFO","args":["%cDownload the React DevTools for a better development experience: https://react.dev/link/react-devtools","font-weight:bold"],"stack":null}
[2026-09-22T19:01:46.559Z] {"timestamp":1790103704467,"level":"DEBUG","args":["[Manus] Debug collector initialized (no rrweb, UI events only)"],"stack":null}
[2026-09-22T19:01:46.559Z] {"timestamp":1790103704816,"level":"DEBUG","args":["[vite] connected."],"stack":null}
[2026-09-22T19:01:46.559Z] {"timestamp":1790103705336,"level":"INFO","args":["%cDownload the React DevTools for a better development experience: https://react.dev/link/react-devtools","font-weight:bold"],"stack":null}
[2026-09-22T19:02:05.834Z] {"timestamp":1790103256168,"level":"LOG","args":["[vite] server connection lost. Polling for restart..."],"stack":null}
[2026-09-22T19:02:17.939Z] {"timestamp":1790103735836,"level":"DEBUG","args":["[Manus] Debug collector initialized (no rrweb, UI events only)"],"stack":null}
[2026-09-22T19:02:17.939Z] {"timestamp":1790103736176,"level":"DEBUG","args":["[vite] connected."],"stack":null}
[2026-09-22T19:02:17.939Z] {"timestamp":1790103736521,"level":"INFO","args":["%cDownload the React DevTools for a better development experience: https://react.dev/link/react-devtools","font-weight:bold"],"stack":null}
[2026-09-23T12:19:12.639Z] {"timestamp":1790165950537,"level":"DEBUG","args":["[Manus] Debug collector initialized (no rrweb, UI events only)"],"stack":null}
[2026-09-23T12:19:12.639Z] {"timestamp":1790165950876,"level":"DEBUG","args":["[vite] connected."],"stack":null}
[2026-09-23T12:19:12.639Z] {"timestamp":1790165951004,"level":"INFO","args":["%cDownload the React DevTools for a better development experience: https://react.dev/link/react-devtools","font-weight:bold"],"stack":null}
[2026-09-23T12:30:49.648Z] {"timestamp":1790166649001,"level":"LOG","args":["[vite] server connection lost. Polling for restart..."],"stack":null}
[2026-09-23T12:30:53.433Z] {"timestamp":1790166650362,"level":"DEBUG","args":["[Manus] Debug collector initialized (no rrweb, UI events only)"],"stack":null}
[2026-09-23T12:30:53.433Z] {"timestamp":1790166650725,"level":"DEBUG","args":["[vite] connected."],"stack":null}
[2026-09-23T12:30:53.433Z] {"timestamp":1790166651109,"level":"INFO","args":["%cDownload the React DevTools for a better development experience: https://react.dev/link/react-devtools","font-weight:bold"],"stack":null}
[2026-09-23T12:31:49.597Z] {"timestamp":1790166708990,"level":"LOG","args":["[vite] server connection lost. Polling for restart..."],"stack":null}
[2026-09-23T12:31:49.600Z] {"timestamp":1790166708990,"level":"LOG","args":["[vite] server connection lost. Polling for restart..."],"stack":null}
[2026-09-23T12:31:52.429Z] {"timestamp":1790166710019,"level":"DEBUG","args":["[Manus] Debug collector initialized (no rrweb, UI events only)"],"stack":null}
[2026-09-23T12:31:52.429Z] {"timestamp":1790166710328,"level":"DEBUG","args":["[vite] connected."],"stack":null}
[2026-09-23T12:31:52.429Z] {"timestamp":1790166710638,"level":"INFO","args":["%cDownload the React DevTools for a better development experience: https://react.dev/link/react-devtools","font-weight:bold"],"stack":null}
[2026-09-23T12:38:11.780Z] {"timestamp":1790167089675,"level":"DEBUG","args":["[Manus] Debug collector initialized (no rrweb, UI events only)"],"stack":null}
[2026-09-23T12:38:11.780Z] {"timestamp":1790167089717,"level":"INFO","args":["%cDownload the React DevTools for a better development experience: https://react.dev/link/react-devtools","font-weight:bold"],"stack":null}
[2026-09-23T12:38:11.780Z] {"timestamp":1790167090062,"level":"DEBUG","args":["[vite] connected."],"stack":null}
[2026-09-23T12:38:16.471Z] {"timestamp":1790167094364,"level":"DEBUG","args":["[Manus] Debug collector initialized (no rrweb, UI events only)"],"stack":null}
[2026-09-23T12:38:16.471Z] {"timestamp":1790167094996,"level":"DEBUG","args":["[vite] connected."],"stack":null}
[2026-09-23T12:38:16.471Z] {"timestamp":1790167095186,"level":"INFO","args":["%cDownload the React DevTools for a better development experience: https://react.dev/link/react-devtools","font-weight:bold"],"stack":null}
[2026-09-23T12:40:45.589Z] {"timestamp":1790167244234,"level":"DEBUG","args":["[vite]","hot updated: /src/pages/Home.tsx"],"stack":null}
[2026-09-23T12:40:45.589Z] {"timestamp":1790167244234,"level":"DEBUG","args":["[vite]","hot updated: /src/index.css"],"stack":null}
[2026-09-23T12:40:56.417Z] {"timestamp":1790167254314,"level":"DEBUG","args":["[Manus] Debug collector initialized (no rrweb, UI events only)"],"stack":null}
[2026-09-23T12:40:56.417Z] {"timestamp":1790167254672,"level":"DEBUG","args":["[vite] connected."],"stack":null}
[2026-09-23T12:40:56.417Z] {"timestamp":1790167254695,"level":"INFO","args":["%cDownload the React DevTools for a better development experience: https://react.dev/link/react-devtools","font-weight:bold"],"stack":null}
[2026-09-23T15:21:37.497Z] {"timestamp":1790176895390,"level":"DEBUG","args":["[Manus] Debug collector initialized (no rrweb, UI events only)"],"stack":null}
[2026-09-23T15:21:37.497Z] {"timestamp":1790176895754,"level":"DEBUG","args":["[vite] connected."],"stack":null}
[2026-09-23T15:21:37.497Z] {"timestamp":1790176895936,"level":"INFO","args":["%cDownload the React DevTools for a better development experience: https://react.dev/link/react-devtools","font-weight:bold"],"stack":null}
[2026-09-23T15:21:49.812Z] {"timestamp":1790176907723,"level":"DEBUG","args":["[Manus] Debug collector initialized (no rrweb, UI events only)"],"stack":null}
[2026-09-23T15:21:49.812Z] {"timestamp":1790176908012,"level":"DEBUG","args":["[vite] connected."],"stack":null}
[2026-09-23T15:21:49.812Z] {"timestamp":1790176908436,"level":"INFO","args":["%cDownload the React DevTools for a better development experience: https://react.dev/link/react-devtools","font-weight:bold"],"stack":null}
[2026-09-23T15:44:50.901Z] {"timestamp":1790178283839,"level":"DEBUG","args":["[vite]","hot updated: /src/pages/Home.tsx"],"stack":null}
[2026-09-23T15:44:50.901Z] {"timestamp":1790178283840,"level":"DEBUG","args":["[vite]","hot updated: /src/index.css"],"stack":null}
[2026-09-23T15:44:50.901Z] {"timestamp":1790178284175,"level":"DEBUG","args":["[vite]","hot updated: /src/pages/Home.tsx"],"stack":null}
[2026-09-23T15:44:50.901Z] {"timestamp":1790178284176,"level":"DEBUG","args":["[vite]","hot updated: /src/index.css"],"stack":null}
[2026-09-23T15:59:35.457Z] {"timestamp":1790179175269,"level":"DEBUG","args":["[vite]","hot updated: /src/index.css"],"stack":null}
[2026-09-23T16:00:35.616Z] {"timestamp":1790179193694,"level":"DEBUG","args":["[vite]","hot updated: /src/index.css"],"stack":null}
[2026-09-23T16:01:35.618Z] {"timestamp":1790179268524,"level":"DEBUG","args":["[vite]","hot updated: /src/pages/Home.tsx"],"stack":null}
[2026-09-23T16:01:35.618Z] {"timestamp":1790179268525,"level":"DEBUG","args":["[vite]","hot updated: /src/index.css"],"stack":null}
[2026-09-23T16:01:57.664Z] {"timestamp":1790179310035,"level":"DEBUG","args":["[vite]","hot updated: /src/pages/Home.tsx"],"stack":null}
[2026-09-23T16:01:57.664Z] {"timestamp":1790179310036,"level":"DEBUG","args":["[vite]","hot updated: /src/index.css"],"stack":null}
[2026-09-23T16:02:02.807Z] {"timestamp":1790179320687,"level":"DEBUG","args":["[Manus] Debug collector initialized (no rrweb, UI events only)"],"stack":null}
[2026-09-23T16:02:02.807Z] {"timestamp":1790179321005,"level":"DEBUG","args":["[vite] connected."],"stack":null}
[2026-09-23T16:02:02.807Z] {"timestamp":1790179321162,"level":"INFO","args":["%cDownload the React DevTools for a better development experience: https://react.dev/link/react-devtools","font-weight:bold"],"stack":null}
[2026-09-23T16:05:04.245Z] {"timestamp":1790179497537,"level":"DEBUG","args":["[vite]","hot updated: /src/pages/Home.tsx"],"stack":null}
[2026-09-23T16:05:04.245Z] {"timestamp":1790179497538,"level":"DEBUG","args":["[vite]","hot updated: /src/index.css"],"stack":null}
[2026-09-23T16:05:09.143Z] {"timestamp":1790179507036,"level":"DEBUG","args":["[Manus] Debug collector initialized (no rrweb, UI events only)"],"stack":null}
[2026-09-23T16:05:09.143Z] {"timestamp":1790179507348,"level":"DEBUG","args":["[vite] connected."],"stack":null}
[2026-09-23T16:05:09.143Z] {"timestamp":1790179507502,"level":"INFO","args":["%cDownload the React DevTools for a better development experience: https://react.dev/link/react-devtools","font-weight:bold"],"stack":null}
[2026-09-23T16:11:19.535Z] {"timestamp":1790179633489,"level":"LOG","args":["[vite] server connection lost. Polling for restart..."],"stack":null}
[2026-09-23T16:11:24.059Z] {"timestamp":1790179881935,"level":"DEBUG","args":["[Manus] Debug collector initialized (no rrweb, UI events only)"],"stack":null}
[2026-09-23T16:11:24.059Z] {"timestamp":1790179882249,"level":"DEBUG","args":["[vite] connected."],"stack":null}
[2026-09-23T16:11:30.888Z] {"timestamp":1790179888768,"level":"DEBUG","args":["[Manus] Debug collector initialized (no rrweb, UI events only)"],"stack":null}
[2026-09-23T16:11:30.888Z] {"timestamp":1790179889096,"level":"DEBUG","args":["[vite] connected."],"stack":null}
[2026-09-23T16:11:39.789Z] {"timestamp":1790179897677,"level":"DEBUG","args":["[Manus] Debug collector initialized (no rrweb, UI events only)"],"stack":null}
[2026-09-23T16:11:39.789Z] {"timestamp":1790179898590,"level":"DEBUG","args":["[vite] connected."],"stack":null}
[2026-09-23T16:11:56.474Z] {"timestamp":1790179913376,"level":"DEBUG","args":["[Manus] Debug collector initialized (no rrweb, UI events only)"],"stack":null}
[2026-09-23T16:11:56.474Z] {"timestamp":1790179913686,"level":"DEBUG","args":["[vite] connected."],"stack":null}
[2026-09-23T16:11:56.474Z] {"timestamp":1790179914131,"level":"INFO","args":["%cDownload the React DevTools for a better development experience: https://react.dev/link/react-devtools","font-weight:bold"],"stack":null}
[2026-09-23T16:12:01.577Z] {"timestamp":1790179919446,"level":"DEBUG","args":["[Manus] Debug collector initialized (no rrweb, UI events only)"],"stack":null}
[2026-09-23T16:12:01.577Z] {"timestamp":1790179919775,"level":"DEBUG","args":["[vite] connected."],"stack":null}
[2026-09-23T16:12:01.577Z] {"timestamp":1790179919933,"level":"INFO","args":["%cDownload the React DevTools for a better development experience: https://react.dev/link/react-devtools","font-weight:bold"],"stack":null}
[2026-09-23T16:16:35.936Z] {"timestamp":1790180191061,"level":"DEBUG","args":["[vite]","hot updated: /src/pages/Home.tsx"],"stack":null}
[2026-09-23T16:16:35.936Z] {"timestamp":1790180191061,"level":"DEBUG","args":["[vite]","hot updated: /src/index.css"],"stack":null}
[2026-09-23T16:18:16.465Z] {"timestamp":1790180295951,"level":"DEBUG","args":["[vite]","hot updated: /src/pages/Home.tsx"],"stack":null}
[2026-09-23T16:18:16.465Z] {"timestamp":1790180295951,"level":"DEBUG","args":["[vite]","hot updated: /src/index.css"],"stack":null}
[2026-09-23T16:27:47.670Z] {"timestamp":1790180867363,"level":"LOG","args":["[vite] server connection lost. Polling for restart..."],"stack":null}
[2026-09-23T16:27:50.919Z] {"timestamp":1790180868794,"level":"DEBUG","args":["[Manus] Debug collector initialized (no rrweb, UI events only)"],"stack":null}
[2026-09-23T16:27:50.919Z] {"timestamp":1790180869103,"level":"DEBUG","args":["[vite] connected."],"stack":null}
[2026-09-23T16:27:50.919Z] {"timestamp":1790180869499,"level":"INFO","args":["%cDownload the React DevTools for a better development experience: https://react.dev/link/react-devtools","font-weight:bold"],"stack":null}
[2026-09-23T16:38:48.263Z] {"timestamp":1790181527408,"level":"LOG","args":["[vite] server connection lost. Polling for restart..."],"stack":null}
[2026-09-23T16:38:48.504Z] {"timestamp":1790181527408,"level":"LOG","args":["[vite] server connection lost. Polling for restart..."],"stack":null}
[2026-09-23T16:38:51.481Z] {"timestamp":1790181528999,"level":"DEBUG","args":["[Manus] Debug collector initialized (no rrweb, UI events only)"],"stack":null}
[2026-09-23T16:38:51.481Z] {"timestamp":1790181529339,"level":"DEBUG","args":["[vite] connected."],"stack":null}
[2026-09-23T16:38:51.481Z] {"timestamp":1790181529683,"level":"INFO","args":["%cDownload the React DevTools for a better development experience: https://react.dev/link/react-devtools","font-weight:bold"],"stack":null}
[2026-09-23T16:39:47.633Z] {"timestamp":1790181587341,"level":"LOG","args":["[vite] server connection lost. Polling for restart..."],"stack":null}
[2026-09-23T16:39:50.471Z] {"timestamp":1790181588232,"level":"DEBUG","args":["[Manus] Debug collector initialized (no rrweb, UI events only)"],"stack":null}
[2026-09-23T16:39:50.471Z] {"timestamp":1790181588546,"level":"DEBUG","args":["[vite] connected."],"stack":null}
[2026-09-23T16:39:50.471Z] {"timestamp":1790181588861,"level":"INFO","args":["%cDownload the React DevTools for a better development experience: https://react.dev/link/react-devtools","font-weight:bold"],"stack":null}
[2026-09-23T16:40:47.629Z] {"timestamp":1790181647344,"level":"LOG","args":["[vite] server connection lost. Polling for restart..."],"stack":null}
[2026-09-23T16:40:50.480Z] {"timestamp":1790181648352,"level":"DEBUG","args":["[Manus] Debug collector initialized (no rrweb, UI events only)"],"stack":null}
[2026-09-23T16:40:50.480Z] {"timestamp":1790181648681,"level":"DEBUG","args":["[vite] connected."],"stack":null}
[2026-09-23T16:40:50.480Z] {"timestamp":1790181648986,"level":"INFO","args":["%cDownload the React DevTools for a better development experience: https://react.dev/link/react-devtools","font-weight:bold"],"stack":null}
[2026-09-23T16:49:20.588Z] {"timestamp":1790182158454,"level":"DEBUG","args":["[Manus] Debug collector initialized (no rrweb, UI events only)"],"stack":null}
[2026-09-23T16:49:20.588Z] {"timestamp":1790182158517,"level":"INFO","args":["%cDownload the React DevTools for a better development experience: https://react.dev/link/react-devtools","font-weight:bold"],"stack":null}
[2026-09-23T16:49:20.588Z] {"timestamp":1790182158797,"level":"DEBUG","args":["[vite] connected."],"stack":null}
[2026-09-23T16:49:50.842Z] {"timestamp":1790182183612,"level":"LOG","args":["[vite] server connection lost. Polling for restart..."],"stack":null}
[2026-09-23T16:49:54.031Z] {"timestamp":1790182191882,"level":"DEBUG","args":["[Manus] Debug collector initialized (no rrweb, UI events only)"],"stack":null}
[2026-09-23T16:49:54.031Z] {"timestamp":1790182192195,"level":"DEBUG","args":["[vite] connected."],"stack":null}
[2026-09-23T16:49:54.031Z] {"timestamp":1790182192481,"level":"INFO","args":["%cDownload the React DevTools for a better development experience: https://react.dev/link/react-devtools","font-weight:bold"],"stack":null}
[2026-09-23T16:52:18.482Z] {"timestamp":1790182338184,"level":"DEBUG","args":["[vite]","hot updated: /src/pages/Home.tsx"],"stack":null}
[2026-09-23T16:52:18.482Z] {"timestamp":1790182338185,"level":"DEBUG","args":["[vite]","hot updated: /src/index.css"],"stack":null}
[2026-09-23T16:52:40.480Z] {"timestamp":1790182358884,"level":"DEBUG","args":["[vite]","hot updated: /src/pages/Home.tsx"],"stack":null}
[2026-09-23T16:52:40.480Z] {"timestamp":1790182358884,"level":"DEBUG","args":["[vite]","hot updated: /src/index.css"],"stack":null}
[2026-09-23T16:52:50.406Z] {"timestamp":1790182368262,"level":"DEBUG","args":["[Manus] Debug collector initialized (no rrweb, UI events only)"],"stack":null}
[2026-09-23T16:52:50.406Z] {"timestamp":1790182368732,"level":"INFO","args":["%cDownload the React DevTools for a better development experience: https://react.dev/link/react-devtools","font-weight:bold"],"stack":null}
[2026-09-23T16:52:50.406Z] {"timestamp":1790182368876,"level":"DEBUG","args":["[vite] connected."],"stack":null}
[2026-09-23T20:00:51.111Z] {"timestamp":1790193649286,"level":"DEBUG","args":["[Manus] Debug collector initialized (no rrweb, UI events only)"],"stack":null}
[2026-09-23T20:00:51.111Z] {"timestamp":1790193650508,"level":"DEBUG","args":["[vite] connected."],"stack":null}
[2026-09-23T20:00:53.110Z] {"timestamp":1790193651454,"level":"INFO","args":["%cDownload the React DevTools for a better development experience: https://react.dev/link/react-devtools","font-weight:bold"],"stack":null}
[2026-09-24T01:29:07.418Z] {"timestamp":1790213345644,"level":"DEBUG","args":["[Manus] Debug collector initialized (no rrweb, UI events only)"],"stack":null}
[2026-09-24T01:29:07.418Z] {"timestamp":1790213346286,"level":"DEBUG","args":["[vite] connected."],"stack":null}
[2026-09-24T01:29:07.418Z] {"timestamp":1790213347041,"level":"INFO","args":["%cDownload the React DevTools for a better development experience: https://react.dev/link/react-devtools","font-weight:bold"],"stack":null}
[2026-09-24T01:29:25.712Z] {"timestamp":1790213363929,"level":"DEBUG","args":["[Manus] Debug collector initialized (no rrweb, UI events only)"],"stack":null}
[2026-09-24T01:29:25.712Z] {"timestamp":1790213364219,"level":"DEBUG","args":["[vite] connected."],"stack":null}
[2026-09-24T01:29:25.712Z] {"timestamp":1790213364500,"level":"INFO","args":["%cDownload the React DevTools for a better development experience: https://react.dev/link/react-devtools","font-weight:bold"],"stack":null}
[2026-09-24T01:29:49.678Z] {"timestamp":1790213387888,"level":"DEBUG","args":["[Manus] Debug collector initialized (no rrweb, UI events only)"],"stack":null}
[2026-09-24T01:29:49.678Z] {"timestamp":1790213388231,"level":"DEBUG","args":["[vite] connected."],"stack":null}
[2026-09-24T01:29:49.678Z] {"timestamp":1790213388596,"level":"INFO","args":["%cDownload the React DevTools for a better development experience: https://react.dev/link/react-devtools","font-weight:bold"],"stack":null}
[2026-09-24T12:25:26.982Z] {"timestamp":1790252724469,"level":"DEBUG","args":["[Manus] Debug collector initialized (no rrweb, UI events only)"],"stack":null}
[2026-09-24T12:25:28.554Z] {"timestamp":1790252727037,"level":"DEBUG","args":["[vite] connected."],"stack":null}
[2026-09-24T12:25:28.554Z] {"timestamp":1790252727704,"level":"INFO","args":["%cDownload the React DevTools for a better development experience: https://react.dev/link/react-devtools","font-weight:bold"],"stack":null}
[2026-09-24T12:31:59.334Z] {"timestamp":1790253118963,"level":"LOG","args":["[vite] server connection lost. Polling for restart..."],"stack":null}
[2026-09-24T12:32:02.934Z] {"timestamp":1790253120833,"level":"DEBUG","args":["[Manus] Debug collector initialized (no rrweb, UI events only)"],"stack":null}
[2026-09-24T12:32:02.934Z] {"timestamp":1790253121238,"level":"DEBUG","args":["[vite] connected."],"stack":null}
[2026-09-24T12:32:02.934Z] {"timestamp":1790253121401,"level":"INFO","args":["%cDownload the React DevTools for a better development experience: https://react.dev/link/react-devtools","font-weight:bold"],"stack":null}
[2026-09-24T12:36:10.555Z] {"timestamp":1790253370266,"level":"LOG","args":["[vite] server connection lost. Polling for restart..."],"stack":null}
[2026-09-24T12:36:13.718Z] {"timestamp":1790253371249,"level":"DEBUG","args":["[Manus] Debug collector initialized (no rrweb, UI events only)"],"stack":null}
[2026-09-24T12:36:13.718Z] {"timestamp":1790253371594,"level":"DEBUG","args":["[vite] connected."],"stack":null}
[2026-09-24T12:36:13.718Z] {"timestamp":1790253371828,"level":"INFO","args":["%cDownload the React DevTools for a better development experience: https://react.dev/link/react-devtools","font-weight:bold"],"stack":null}
[2026-09-24T12:45:30.692Z] {"timestamp":1790253930413,"level":"LOG","args":["[vite] server connection lost. Polling for restart..."],"stack":null}
[2026-09-24T12:45:37.694Z] {"timestamp":1790253935604,"level":"DEBUG","args":["[Manus] Debug collector initialized (no rrweb, UI events only)"],"stack":null}
[2026-09-24T12:45:39.687Z] {"timestamp":1790253937852,"level":"DEBUG","args":["[vite] connected."],"stack":null}
[2026-09-24T12:45:39.687Z] {"timestamp":1790253938024,"level":"INFO","args":["%cDownload the React DevTools for a better development experience: https://react.dev/link/react-devtools","font-weight:bold"],"stack":null}
[2026-09-24T12:48:19.577Z] {"timestamp":1790254098008,"level":"DEBUG","args":["[vite]","hot updated: /src/pages/Home.tsx"],"stack":null}
[2026-09-24T12:48:19.577Z] {"timestamp":1790254098008,"level":"DEBUG","args":["[vite]","hot updated: /src/index.css"],"stack":null}
[2026-09-24T12:48:27.577Z] {"timestamp":1790254104699,"level":"DEBUG","args":["[Manus] Debug collector initialized (no rrweb, UI events only)"],"stack":null}
[2026-09-24T12:48:27.577Z] {"timestamp":1790254104994,"level":"DEBUG","args":["[vite] connected."],"stack":null}
[2026-09-24T12:48:27.577Z] {"timestamp":1790254105141,"level":"INFO","args":["%cDownload the React DevTools for a better development experience: https://react.dev/link/react-devtools","font-weight:bold"],"stack":null}
[2026-09-24T12:50:16.053Z] {"timestamp":1790254213956,"level":"DEBUG","args":["[Manus] Debug collector initialized (no rrweb, UI events only)"],"stack":null}
[2026-09-24T12:50:16.053Z] {"timestamp":1790254214244,"level":"DEBUG","args":["[vite] connected."],"stack":null}
[2026-09-24T12:50:16.053Z] {"timestamp":1790254214532,"level":"INFO","args":["%cDownload the React DevTools for a better development experience: https://react.dev/link/react-devtools","font-weight:bold"],"stack":null}
[2026-09-24T12:51:52.797Z] {"timestamp":1790254310693,"level":"DEBUG","args":["[Manus] Debug collector initialized (no rrweb, UI events only)"],"stack":null}
[2026-09-24T12:51:52.797Z] {"timestamp":1790254310977,"level":"DEBUG","args":["[vite] connected."],"stack":null}
[2026-09-24T12:51:52.797Z] {"timestamp":1790254311107,"level":"INFO","args":["%cDownload the React DevTools for a better development experience: https://react.dev/link/react-devtools","font-weight:bold"],"stack":null}
[2026-09-24T13:02:38.348Z] {"timestamp":1790254753666,"level":"LOG","args":["[vite] server connection lost. Polling for restart..."],"stack":null}
[2026-09-24T13:02:41.743Z] {"timestamp":1790254959649,"level":"DEBUG","args":["[Manus] Debug collector initialized (no rrweb, UI events only)"],"stack":null}
[2026-09-24T13:02:41.743Z] {"timestamp":1790254960369,"level":"DEBUG","args":["[vite] connected."],"stack":null}
[2026-09-24T13:02:41.743Z] {"timestamp":1790254960538,"level":"INFO","args":["%cDownload the React DevTools for a better development experience: https://react.dev/link/react-devtools","font-weight:bold"],"stack":null}
[2026-09-24T15:15:59.601Z] {"timestamp":1790262957526,"level":"DEBUG","args":["[Manus] Debug collector initialized (no rrweb, UI events only)"],"stack":null}
[2026-09-24T15:15:59.601Z] {"timestamp":1790262957828,"level":"DEBUG","args":["[vite] connected."],"stack":null}
[2026-09-24T15:15:59.601Z] {"timestamp":1790262957934,"level":"INFO","args":["%cDownload the React DevTools for a better development experience: https://react.dev/link/react-devtools","font-weight:bold"],"stack":null}
[2026-09-24T17:03:14.552Z] {"timestamp":1790269392455,"level":"DEBUG","args":["[Manus] Debug collector initialized (no rrweb, UI events only)"],"stack":null}
[2026-09-24T17:03:14.552Z] {"timestamp":1790269392754,"level":"INFO","args":["%cDownload the React DevTools for a better development experience: https://react.dev/link/react-devtools","font-weight:bold"],"stack":null}
[2026-09-24T17:03:14.552Z] {"timestamp":1790269392922,"level":"DEBUG","args":["[vite] connected."],"stack":null}
[2026-09-24T17:09:26.697Z] {"timestamp":1790269758585,"level":"DEBUG","args":["[vite]","hot updated: /src/pages/Home.tsx"],"stack":null}
[2026-09-24T17:09:26.697Z] {"timestamp":1790269758585,"level":"DEBUG","args":["[vite]","hot updated: /src/index.css"],"stack":null}
[2026-09-24T17:14:10.794Z] {"timestamp":1790270050349,"level":"DEBUG","args":["[vite]","hot updated: /src/pages/Home.tsx"],"stack":null}
[2026-09-24T17:14:10.794Z] {"timestamp":1790270050349,"level":"DEBUG","args":["[vite]","hot updated: /src/index.css"],"stack":null}
[2026-09-24T17:14:15.535Z] {"timestamp":1790270053434,"level":"DEBUG","args":["[Manus] Debug collector initialized (no rrweb, UI events only)"],"stack":null}
[2026-09-24T17:14:15.535Z] {"timestamp":1790270053736,"level":"DEBUG","args":["[vite] connected."],"stack":null}
[2026-09-24T17:14:15.535Z] {"timestamp":1790270053920,"level":"INFO","args":["%cDownload the React DevTools for a better development experience: https://react.dev/link/react-devtools","font-weight:bold"],"stack":null}
[2026-09-24T17:16:23.860Z] {"timestamp":1790270182371,"level":"ERROR","args":["[vite]","Failed to reload /src/pages/Home.tsx. This could be due to syntax errors or importing non-existent modules. (see errors above)"],"stack":"Error\n    at console.error (http://localhost:3000/__manus__/debug-collector.js:391:37)\n    at Object.error (http://localhost:3000/@vite/client:809:26)\n    at HMRClient.warnFailedUpdate (http://localhost:3000/@vite/client:181:15)\n    at HMRClient.fetchUpdate (http://localhost:3000/@vite/client:212:10)\n    at async Promise.all (index 0)\n    at async HMRClient.queueUpdate (http://localhost:3000/@vite/client:196:5)\n    at async Promise.all (index 0)\n    at async handleMessage (http://localhost:3000/@vite/client:838:4)"}
[2026-09-24T17:16:25.528Z] {"timestamp":1790270183788,"level":"DEBUG","args":["[vite]","hot updated: /src/pages/Home.tsx"],"stack":null}
[2026-09-24T17:16:25.528Z] {"timestamp":1790270183788,"level":"DEBUG","args":["[vite]","hot updated: /src/index.css"],"stack":null}
[2026-09-24T17:16:46.858Z] {"timestamp":1790270204761,"level":"DEBUG","args":["[Manus] Debug collector initialized (no rrweb, UI events only)"],"stack":null}
[2026-09-24T17:16:46.858Z] {"timestamp":1790270206404,"level":"DEBUG","args":["[vite] connected."],"stack":null}
[2026-09-24T17:17:41.680Z] {"timestamp":1790270258520,"level":"DEBUG","args":["[Manus] Debug collector initialized (no rrweb, UI events only)"],"stack":null}
[2026-09-24T17:17:41.680Z] {"timestamp":1790270259101,"level":"DEBUG","args":["[vite] connected."],"stack":null}
[2026-09-24T17:18:35.008Z] {"timestamp":1790270312900,"level":"DEBUG","args":["[Manus] Debug collector initialized (no rrweb, UI events only)"],"stack":null}
[2026-09-24T17:18:35.008Z] {"timestamp":1790270314839,"level":"DEBUG","args":["[vite] connected."],"stack":null}
[2026-09-24T17:20:37.817Z] {"timestamp":1790270435698,"level":"DEBUG","args":["[Manus] Debug collector initialized (no rrweb, UI events only)"],"stack":null}
[2026-09-24T17:20:37.817Z] {"timestamp":1790270436174,"level":"DEBUG","args":["[vite] connected."],"stack":null}
[2026-09-24T17:20:37.817Z] {"timestamp":1790270436839,"level":"INFO","args":["%cDownload the React DevTools for a better development experience: https://react.dev/link/react-devtools","font-weight:bold"],"stack":null}
[2026-09-24T18:22:55.787Z] {"timestamp":1790274174307,"level":"DEBUG","args":["[Manus] Debug collector initialized (no rrweb, UI events only)"],"stack":null}
[2026-09-24T18:22:55.787Z] {"timestamp":1790274174601,"level":"DEBUG","args":["[vite] connected."],"stack":null}
[2026-09-24T18:22:55.787Z] {"timestamp":1790274174630,"level":"INFO","args":["%cDownload the React DevTools for a better development experience: https://react.dev/link/react-devtools","font-weight:bold"],"stack":null}
[2026-09-24T18:28:00.330Z] {"timestamp":1790274467662,"level":"DEBUG","args":["[vite]","hot updated: /src/pages/Home.tsx"],"stack":null}
[2026-09-24T18:28:00.330Z] {"timestamp":1790274467662,"level":"DEBUG","args":["[vite]","hot updated: /src/index.css"],"stack":null}
[2026-09-24T18:28:00.330Z] {"timestamp":1790274467861,"level":"DEBUG","args":["[vite]","hot updated: /src/pages/Home.tsx"],"stack":null}
[2026-09-24T18:28:00.330Z] {"timestamp":1790274467862,"level":"DEBUG","args":["[vite]","hot updated: /src/index.css"],"stack":null}
[2026-09-24T18:28:10.903Z] {"timestamp":1790274489436,"level":"DEBUG","args":["[Manus] Debug collector initialized (no rrweb, UI events only)"],"stack":null}
[2026-09-24T18:28:10.903Z] {"timestamp":1790274489808,"level":"DEBUG","args":["[vite] connected."],"stack":null}
[2026-09-24T18:28:10.903Z] {"timestamp":1790274489985,"level":"INFO","args":["%cDownload the React DevTools for a better development experience: https://react.dev/link/react-devtools","font-weight:bold"],"stack":null}
[2026-09-24T18:30:22.507Z] {"timestamp":1790274622466,"level":"DEBUG","args":["[vite]","hot updated: /src/pages/Home.tsx"],"stack":null}
[2026-09-24T18:30:22.507Z] {"timestamp":1790274622466,"level":"DEBUG","args":["[vite]","hot updated: /src/index.css"],"stack":null}
[2026-09-24T18:30:29.839Z] {"timestamp":1790274628348,"level":"DEBUG","args":["[Manus] Debug collector initialized (no rrweb, UI events only)"],"stack":null}
[2026-09-24T18:30:29.839Z] {"timestamp":1790274628652,"level":"DEBUG","args":["[vite] connected."],"stack":null}
[2026-09-24T18:30:29.839Z] {"timestamp":1790274628805,"level":"INFO","args":["%cDownload the React DevTools for a better development experience: https://react.dev/link/react-devtools","font-weight:bold"],"stack":null}
[2026-09-24T18:36:14.014Z] {"timestamp":1790274968408,"level":"DEBUG","args":["[vite]","hot updated: /src/pages/Home.tsx"],"stack":null}
[2026-09-24T18:36:14.014Z] {"timestamp":1790274968408,"level":"DEBUG","args":["[vite]","hot updated: /src/index.css"],"stack":null}
[2026-09-24T18:36:18.654Z] {"timestamp":1790274977178,"level":"DEBUG","args":["[Manus] Debug collector initialized (no rrweb, UI events only)"],"stack":null}
[2026-09-24T18:36:18.654Z] {"timestamp":1790274977482,"level":"DEBUG","args":["[vite] connected."],"stack":null}
[2026-09-24T18:36:18.654Z] {"timestamp":1790274977656,"level":"INFO","args":["%cDownload the React DevTools for a better development experience: https://react.dev/link/react-devtools","font-weight:bold"],"stack":null}
[2026-09-24T18:37:05.510Z] {"timestamp":1790275025364,"level":"DEBUG","args":["[vite]","hot updated: /src/pages/Home.tsx"],"stack":null}
[2026-09-24T18:37:05.510Z] {"timestamp":1790275025364,"level":"DEBUG","args":["[vite]","hot updated: /src/index.css"],"stack":null}
[2026-09-24T18:37:15.568Z] {"timestamp":1790275034089,"level":"DEBUG","args":["[Manus] Debug collector initialized (no rrweb, UI events only)"],"stack":null}
[2026-09-24T18:37:15.568Z] {"timestamp":1790275034456,"level":"DEBUG","args":["[vite] connected."],"stack":null}
[2026-09-24T18:37:15.568Z] {"timestamp":1790275034666,"level":"INFO","args":["%cDownload the React DevTools for a better development experience: https://react.dev/link/react-devtools","font-weight:bold"],"stack":null}
[2026-09-24T18:37:46.512Z] {"timestamp":1790275065546,"level":"DEBUG","args":["[vite]","hot updated: /src/pages/Home.tsx"],"stack":null}
[2026-09-24T18:37:46.512Z] {"timestamp":1790275065546,"level":"DEBUG","args":["[vite]","hot updated: /src/index.css"],"stack":null}
[2026-09-24T18:41:02.018Z] {"timestamp":1790275259858,"level":"DEBUG","args":["[vite]","hot updated: /src/pages/Home.tsx"],"stack":null}
[2026-09-24T18:41:02.018Z] {"timestamp":1790275259858,"level":"DEBUG","args":["[vite]","hot updated: /src/index.css"],"stack":null}
[2026-09-24T18:44:18.158Z] {"timestamp":1790275455347,"level":"DEBUG","args":["[vite]","hot updated: /src/pages/Home.tsx"],"stack":null}
[2026-09-24T18:44:18.158Z] {"timestamp":1790275455347,"level":"DEBUG","args":["[vite]","hot updated: /src/index.css"],"stack":null}
[2026-09-24T18:46:58.519Z] {"timestamp":1790275617390,"level":"DEBUG","args":["[vite]","hot updated: /src/pages/Home.tsx"],"stack":null}
[2026-09-24T18:46:58.519Z] {"timestamp":1790275617391,"level":"DEBUG","args":["[vite]","hot updated: /src/index.css"],"stack":null}
[2026-09-24T18:51:58.872Z] {"timestamp":1790275917262,"level":"DEBUG","args":["[vite]","hot updated: /src/pages/Home.tsx"],"stack":null}
[2026-09-24T18:51:58.872Z] {"timestamp":1790275917262,"level":"DEBUG","args":["[vite]","hot updated: /src/index.css"],"stack":null}
[2026-09-24T18:57:26.257Z] {"timestamp":1790276244005,"level":"DEBUG","args":["[vite]","hot updated: /src/pages/Home.tsx"],"stack":null}
[2026-09-24T18:57:26.257Z] {"timestamp":1790276244005,"level":"DEBUG","args":["[vite]","hot updated: /src/index.css"],"stack":null}
[2026-09-24T19:02:11.214Z] {"timestamp":1790276528572,"level":"DEBUG","args":["[vite]","hot updated: /src/pages/Home.tsx"],"stack":null}
[2026-09-24T19:02:11.214Z] {"timestamp":1790276528573,"level":"DEBUG","args":["[vite]","hot updated: /src/index.css"],"stack":null}
[2026-09-24T19:02:17.508Z] {"timestamp":1790276536003,"level":"DEBUG","args":["[Manus] Debug collector initialized (no rrweb, UI events only)"],"stack":null}
[2026-09-24T19:02:17.508Z] {"timestamp":1790276536300,"level":"DEBUG","args":["[vite] connected."],"stack":null}
[2026-09-24T19:02:17.508Z] {"timestamp":1790276536495,"level":"INFO","args":["%cDownload the React DevTools for a better development experience: https://react.dev/link/react-devtools","font-weight:bold"],"stack":null}
[2026-09-24T19:09:11.808Z] {"timestamp":1790276948949,"level":"DEBUG","args":["[vite]","hot updated: /src/pages/Home.tsx"],"stack":null}
[2026-09-24T19:09:11.808Z] {"timestamp":1790276948949,"level":"DEBUG","args":["[vite]","hot updated: /src/index.css"],"stack":null}
[2026-09-24T19:17:30.471Z] {"timestamp":1790277448215,"level":"DEBUG","args":["[vite]","hot updated: /src/pages/Home.tsx"],"stack":null}
[2026-09-24T19:17:30.471Z] {"timestamp":1790277448215,"level":"DEBUG","args":["[vite]","hot updated: /src/index.css"],"stack":null}
[2026-09-24T19:17:37.460Z] {"timestamp":1790277455924,"level":"DEBUG","args":["[Manus] Debug collector initialized (no rrweb, UI events only)"],"stack":null}
[2026-09-24T19:17:37.460Z] {"timestamp":1790277456222,"level":"DEBUG","args":["[vite] connected."],"stack":null}
[2026-09-24T19:17:37.460Z] {"timestamp":1790277456466,"level":"INFO","args":["%cDownload the React DevTools for a better development experience: https://react.dev/link/react-devtools","font-weight:bold"],"stack":null}
[2026-09-24T19:24:37.935Z] {"timestamp":1790277875586,"level":"DEBUG","args":["[vite]","hot updated: /src/pages/Home.tsx"],"stack":null}
[2026-09-24T19:24:37.935Z] {"timestamp":1790277875586,"level":"DEBUG","args":["[vite]","hot updated: /src/index.css"],"stack":null}
[2026-09-24T19:24:43.034Z] {"timestamp":1790277881518,"level":"DEBUG","args":["[Manus] Debug collector initialized (no rrweb, UI events only)"],"stack":null}
[2026-09-24T19:24:43.034Z] {"timestamp":1790277881835,"level":"DEBUG","args":["[vite] connected."],"stack":null}
[2026-09-24T19:24:43.034Z] {"timestamp":1790277882004,"level":"INFO","args":["%cDownload the React DevTools for a better development experience: https://react.dev/link/react-devtools","font-weight:bold"],"stack":null}
[2026-09-24T19:24:51.554Z] {"timestamp":1790277890028,"level":"DEBUG","args":["[Manus] Debug collector initialized (no rrweb, UI events only)"],"stack":null}
[2026-09-24T19:24:51.554Z] {"timestamp":1790277890329,"level":"DEBUG","args":["[vite] connected."],"stack":null}
[2026-09-24T19:24:51.554Z] {"timestamp":1790277890739,"level":"INFO","args":["%cDownload the React DevTools for a better development experience: https://react.dev/link/react-devtools","font-weight:bold"],"stack":null}
[2026-09-24T21:58:07.902Z] {"timestamp":1790279674889,"level":"LOG","args":["[vite] server connection lost. Polling for restart..."],"stack":null}
[2026-09-24T21:58:11.402Z] {"timestamp":1790287090488,"level":"DEBUG","args":["[Manus] Debug collector initialized (no rrweb, UI events only)"],"stack":null}
[2026-09-24T21:58:11.402Z] {"timestamp":1790287090970,"level":"DEBUG","args":["[vite] connected."],"stack":null}
[2026-09-24T21:58:13.220Z] {"timestamp":1790287092591,"level":"DEBUG","args":["[Manus] Debug collector initialized (no rrweb, UI events only)"],"stack":null}
[2026-09-24T21:58:13.220Z] {"timestamp":1790287093079,"level":"DEBUG","args":["[vite] connected."],"stack":null}
[2026-09-24T21:58:17.471Z] {"timestamp":1790287095846,"level":"DEBUG","args":["[Manus] Debug collector initialized (no rrweb, UI events only)"],"stack":null}
[2026-09-24T21:58:17.471Z] {"timestamp":1790287096552,"level":"DEBUG","args":["[vite] connected."],"stack":null}
[2026-09-24T21:58:17.471Z] {"timestamp":1790287097688,"level":"INFO","args":["%cDownload the React DevTools for a better development experience: https://react.dev/link/react-devtools","font-weight:bold"],"stack":null}
[2026-09-24T22:10:50.067Z] {"timestamp":1790287846675,"level":"DEBUG","args":["[vite]","hot updated: /src/pages/Home.tsx"],"stack":null}
[2026-09-24T22:10:50.067Z] {"timestamp":1790287846676,"level":"DEBUG","args":["[vite]","hot updated: /src/index.css"],"stack":null}
[2026-09-24T22:10:57.217Z] {"timestamp":1790287855526,"level":"DEBUG","args":["[Manus] Debug collector initialized (no rrweb, UI events only)"],"stack":null}
[2026-09-24T22:10:57.217Z] {"timestamp":1790287856099,"level":"DEBUG","args":["[vite] connected."],"stack":null}
[2026-09-24T22:10:57.217Z] {"timestamp":1790287856371,"level":"INFO","args":["%cDownload the React DevTools for a better development experience: https://react.dev/link/react-devtools","font-weight:bold"],"stack":null}
[2026-09-24T22:12:23.742Z] {"timestamp":1790287942189,"level":"DEBUG","args":["[Manus] Debug collector initialized (no rrweb, UI events only)"],"stack":null}
[2026-09-24T22:12:23.742Z] {"timestamp":1790287943369,"level":"DEBUG","args":["[vite] connected."],"stack":null}
[2026-09-24T22:12:23.742Z] {"timestamp":1790287943850,"level":"INFO","args":["%cDownload the React DevTools for a better development experience: https://react.dev/link/react-devtools","font-weight:bold"],"stack":null}
[2026-09-24T22:16:20.723Z] {"timestamp":1790288179175,"level":"DEBUG","args":["[Manus] Debug collector initialized (no rrweb, UI events only)"],"stack":null}
[2026-09-24T22:16:20.723Z] {"timestamp":1790288179604,"level":"DEBUG","args":["[vite] connected."],"stack":null}
[2026-09-24T22:16:20.723Z] {"timestamp":1790288180082,"level":"INFO","args":["%cDownload the React DevTools for a better development experience: https://react.dev/link/react-devtools","font-weight:bold"],"stack":null}
[2026-09-25T11:21:29.408Z] {"timestamp":1790335285733,"level":"DEBUG","args":["[Manus] Debug collector initialized (no rrweb, UI events only)"],"stack":null}
[2026-09-25T11:21:29.408Z] {"timestamp":1790335287652,"level":"DEBUG","args":["[vite] connected."],"stack":null}
[2026-09-25T11:21:58.006Z] {"timestamp":1790335313988,"level":"DEBUG","args":["[Manus] Debug collector initialized (no rrweb, UI events only)"],"stack":null}
[2026-09-25T11:21:58.305Z] {"timestamp":1790335317216,"level":"DEBUG","args":["[vite] connected."],"stack":null}
[2026-09-25T11:22:02.052Z] {"timestamp":1790335320346,"level":"INFO","args":["%cDownload the React DevTools for a better development experience: https://react.dev/link/react-devtools","font-weight:bold"],"stack":null}
[2026-09-25T11:22:09.501Z] {"timestamp":1790335312708,"level":"INFO","args":["%cDownload the React DevTools for a better development experience: https://react.dev/link/react-devtools","font-weight:bold"],"stack":null}
[2026-09-25T11:31:14.222Z] {"timestamp":1790335872730,"level":"DEBUG","args":["[vite]","hot updated: /src/pages/Home.tsx"],"stack":null}
[2026-09-25T11:31:14.222Z] {"timestamp":1790335872730,"level":"DEBUG","args":["[vite]","hot updated: /src/index.css"],"stack":null}
[2026-09-25T11:31:35.769Z] {"timestamp":1790335893695,"level":"DEBUG","args":["[Manus] Debug collector initialized (no rrweb, UI events only)"],"stack":null}
[2026-09-25T11:31:35.769Z] {"timestamp":1790335894085,"level":"DEBUG","args":["[vite] connected."],"stack":null}
[2026-09-25T11:31:35.769Z] {"timestamp":1790335894107,"level":"INFO","args":["%cDownload the React DevTools for a better development experience: https://react.dev/link/react-devtools","font-weight:bold"],"stack":null}
[2026-09-25T11:31:46.884Z] {"timestamp":1790335904817,"level":"DEBUG","args":["[Manus] Debug collector initialized (no rrweb, UI events only)"],"stack":null}
[2026-09-25T11:31:46.884Z] {"timestamp":1790335905128,"level":"DEBUG","args":["[vite] connected."],"stack":null}
[2026-09-25T11:31:46.884Z] {"timestamp":1790335905661,"level":"INFO","args":["%cDownload the React DevTools for a better development experience: https://react.dev/link/react-devtools","font-weight:bold"],"stack":null}
[2026-09-25T11:38:09.215Z] {"timestamp":1790336285885,"level":"DEBUG","args":["[vite]","hot updated: /src/pages/Home.tsx"],"stack":null}
[2026-09-25T11:38:09.215Z] {"timestamp":1790336285887,"level":"DEBUG","args":["[vite]","hot updated: /src/index.css"],"stack":null}
[2026-09-25T11:38:20.744Z] {"timestamp":1790336298693,"level":"DEBUG","args":["[Manus] Debug collector initialized (no rrweb, UI events only)"],"stack":null}
[2026-09-25T11:38:20.744Z] {"timestamp":1790336299081,"level":"DEBUG","args":["[vite] connected."],"stack":null}
[2026-09-25T11:38:20.744Z] {"timestamp":1790336299233,"level":"INFO","args":["%cDownload the React DevTools for a better development experience: https://react.dev/link/react-devtools","font-weight:bold"],"stack":null}
[2026-09-25T12:22:37.177Z] {"timestamp":1790338082371,"level":"LOG","args":["[vite] server connection lost. Polling for restart..."],"stack":null}
[2026-09-25T12:22:42.228Z] {"timestamp":1790338959375,"level":"DEBUG","args":["[Manus] Debug collector initialized (no rrweb, UI events only)"],"stack":null}
[2026-09-25T12:22:42.228Z] {"timestamp":1790338961334,"level":"DEBUG","args":["[vite] connected."],"stack":null}
[2026-09-25T12:22:42.228Z] {"timestamp":1790338961361,"level":"INFO","args":["%cDownload the React DevTools for a better development experience: https://react.dev/link/react-devtools","font-weight:bold"],"stack":null}
[2026-09-25T12:26:40.225Z] {"timestamp":1790339199922,"level":"DEBUG","args":["[vite]","hot updated: /src/pages/Home.tsx"],"stack":null}
[2026-09-25T12:26:40.225Z] {"timestamp":1790339199923,"level":"DEBUG","args":["[vite]","hot updated: /src/index.css"],"stack":null}
[2026-09-25T12:26:44.013Z] {"timestamp":1790339203240,"level":"DEBUG","args":["[Manus] Debug collector initialized (no rrweb, UI events only)"],"stack":null}
[2026-09-25T12:26:44.013Z] {"timestamp":1790339203287,"level":"INFO","args":["%cDownload the React DevTools for a better development experience: https://react.dev/link/react-devtools","font-weight:bold"],"stack":null}
[2026-09-25T12:26:44.013Z] {"timestamp":1790339203592,"level":"DEBUG","args":["[vite] connected."],"stack":null}
[2026-09-25T12:26:44.215Z] {"timestamp":1790339201712,"level":"DEBUG","args":["[Manus] Debug collector initialized (no rrweb, UI events only)"],"stack":null}
[2026-09-25T12:26:44.215Z] {"timestamp":1790339202080,"level":"DEBUG","args":["[vite] connected."],"stack":null}
[2026-09-25T12:26:44.215Z] {"timestamp":1790339202253,"level":"INFO","args":["%cDownload the React DevTools for a better development experience: https://react.dev/link/react-devtools","font-weight:bold"],"stack":null}
[2026-09-25T12:42:29.520Z] {"timestamp":1790340147193,"level":"DEBUG","args":["[vite]","hot updated: /src/pages/Home.tsx"],"stack":null}
[2026-09-25T12:42:29.520Z] {"timestamp":1790340147193,"level":"DEBUG","args":["[vite]","hot updated: /src/index.css"],"stack":null}
[2026-09-25T12:42:34.785Z] {"timestamp":1790340152710,"level":"DEBUG","args":["[Manus] Debug collector initialized (no rrweb, UI events only)"],"stack":null}
[2026-09-25T12:42:34.785Z] {"timestamp":1790340153042,"level":"DEBUG","args":["[vite] connected."],"stack":null}
[2026-09-25T12:42:34.785Z] {"timestamp":1790340153350,"level":"INFO","args":["%cDownload the React DevTools for a better development experience: https://react.dev/link/react-devtools","font-weight:bold"],"stack":null}
[2026-09-25T13:20:36.856Z] {"timestamp":1790342434755,"level":"DEBUG","args":["[Manus] Debug collector initialized (no rrweb, UI events only)"],"stack":null}
[2026-09-25T13:20:36.856Z] {"timestamp":1790342435099,"level":"DEBUG","args":["[vite] connected."],"stack":null}
[2026-09-25T13:20:36.856Z] {"timestamp":1790342435147,"level":"INFO","args":["%cDownload the React DevTools for a better development experience: https://react.dev/link/react-devtools","font-weight:bold"],"stack":null}
[2026-09-25T13:21:37.258Z] {"timestamp":1790342495406,"level":"DEBUG","args":["[vite]","hot updated: /src/pages/Home.tsx"],"stack":null}
[2026-09-25T13:21:37.258Z] {"timestamp":1790342495406,"level":"DEBUG","args":["[vite]","hot updated: /src/index.css"],"stack":null}
[2026-09-25T13:21:37.258Z] {"timestamp":1790342495752,"level":"DEBUG","args":["[vite]","hot updated: /src/pages/Home.tsx"],"stack":null}
[2026-09-25T13:21:37.258Z] {"timestamp":1790342495752,"level":"DEBUG","args":["[vite]","hot updated: /src/index.css"],"stack":null}
[2026-09-25T13:22:27.714Z] {"timestamp":1790342543645,"level":"DEBUG","args":["[vite]","hot updated: /src/pages/Home.tsx"],"stack":null}
[2026-09-25T13:22:27.714Z] {"timestamp":1790342543645,"level":"DEBUG","args":["[vite]","hot updated: /src/index.css"],"stack":null}
[2026-09-25T13:28:56.678Z] {"timestamp":1790342933784,"level":"DEBUG","args":["[vite]","hot updated: /src/pages/Home.tsx"],"stack":null}
[2026-09-25T13:28:56.678Z] {"timestamp":1790342933784,"level":"DEBUG","args":["[vite]","hot updated: /src/index.css"],"stack":null}
[2026-09-25T13:29:31.532Z] {"timestamp":1790342969421,"level":"DEBUG","args":["[Manus] Debug collector initialized (no rrweb, UI events only)"],"stack":null}
[2026-09-25T13:29:31.532Z] {"timestamp":1790342969737,"level":"DEBUG","args":["[vite] connected."],"stack":null}
[2026-09-25T13:29:31.532Z] {"timestamp":1790342969740,"level":"INFO","args":["%cDownload the React DevTools for a better development experience: https://react.dev/link/react-devtools","font-weight:bold"],"stack":null}
[2026-09-25T13:31:54.642Z] {"timestamp":1790343112532,"level":"DEBUG","args":["[Manus] Debug collector initialized (no rrweb, UI events only)"],"stack":null}
[2026-09-25T13:31:54.642Z] {"timestamp":1790343112842,"level":"DEBUG","args":["[vite] connected."],"stack":null}
[2026-09-25T13:31:54.642Z] {"timestamp":1790343113196,"level":"INFO","args":["%cDownload the React DevTools for a better development experience: https://react.dev/link/react-devtools","font-weight:bold"],"stack":null}
[2026-09-25T13:35:32.642Z] {"timestamp":1790343330902,"level":"DEBUG","args":["[vite]","hot updated: /src/pages/Home.tsx"],"stack":null}
[2026-09-25T13:35:32.642Z] {"timestamp":1790343330902,"level":"DEBUG","args":["[vite]","hot updated: /src/index.css"],"stack":null}
[2026-09-25T13:35:42.830Z] {"timestamp":1790343340721,"level":"DEBUG","args":["[Manus] Debug collector initialized (no rrweb, UI events only)"],"stack":null}
[2026-09-25T13:35:42.830Z] {"timestamp":1790343341036,"level":"DEBUG","args":["[vite] connected."],"stack":null}
[2026-09-25T13:35:42.830Z] {"timestamp":1790343341201,"level":"INFO","args":["%cDownload the React DevTools for a better development experience: https://react.dev/link/react-devtools","font-weight:bold"],"stack":null}
[2026-09-25T13:39:49.416Z] {"timestamp":1790343588680,"level":"DEBUG","args":["[vite]","hot updated: /src/pages/Home.tsx"],"stack":null}
[2026-09-25T13:39:49.416Z] {"timestamp":1790343588680,"level":"DEBUG","args":["[vite]","hot updated: /src/index.css"],"stack":null}
[2026-09-25T13:39:55.439Z] {"timestamp":1790343593296,"level":"DEBUG","args":["[Manus] Debug collector initialized (no rrweb, UI events only)"],"stack":null}
[2026-09-25T13:39:55.439Z] {"timestamp":1790343593605,"level":"DEBUG","args":["[vite] connected."],"stack":null}
[2026-09-25T13:39:55.439Z] {"timestamp":1790343594511,"level":"INFO","args":["%cDownload the React DevTools for a better development experience: https://react.dev/link/react-devtools","font-weight:bold"],"stack":null}
[2026-09-25T13:52:42.283Z] {"timestamp":1790344361576,"level":"DEBUG","args":["[vite]","hot updated: /src/pages/Home.tsx"],"stack":null}
[2026-09-25T13:52:42.283Z] {"timestamp":1790344361577,"level":"DEBUG","args":["[vite]","hot updated: /src/index.css"],"stack":null}
[2026-09-25T13:53:34.284Z] {"timestamp":1790344413040,"level":"DEBUG","args":["[vite]","hot updated: /src/pages/Home.tsx"],"stack":null}
[2026-09-25T13:53:34.284Z] {"timestamp":1790344413040,"level":"DEBUG","args":["[vite]","hot updated: /src/index.css"],"stack":null}
[2026-09-25T13:54:24.287Z] {"timestamp":1790344463376,"level":"DEBUG","args":["[vite]","hot updated: /src/pages/Home.tsx"],"stack":null}
[2026-09-25T13:54:24.287Z] {"timestamp":1790344463376,"level":"DEBUG","args":["[vite]","hot updated: /src/index.css"],"stack":null}
[2026-09-25T13:59:18.803Z] {"timestamp":1790344756661,"level":"DEBUG","args":["[Manus] Debug collector initialized (no rrweb, UI events only)"],"stack":null}
[2026-09-25T13:59:18.803Z] {"timestamp":1790344756969,"level":"DEBUG","args":["[vite] connected."],"stack":null}
[2026-09-25T13:59:18.803Z] {"timestamp":1790344757133,"level":"INFO","args":["%cDownload the React DevTools for a better development experience: https://react.dev/link/react-devtools","font-weight:bold"],"stack":null}
[2026-09-25T14:03:51.746Z] {"timestamp":1790345028296,"level":"DEBUG","args":["[vite]","hot updated: /src/pages/Home.tsx"],"stack":null}
[2026-09-25T14:03:51.746Z] {"timestamp":1790345028296,"level":"DEBUG","args":["[vite]","hot updated: /src/index.css"],"stack":null}
[2026-09-25T14:16:21.814Z] {"timestamp":1790345780175,"level":"DEBUG","args":["[vite]","hot updated: /src/pages/Home.tsx"],"stack":null}
[2026-09-25T14:16:21.814Z] {"timestamp":1790345780175,"level":"DEBUG","args":["[vite]","hot updated: /src/index.css"],"stack":null}
[2026-09-25T14:16:25.896Z] {"timestamp":1790345783739,"level":"DEBUG","args":["[Manus] Debug collector initialized (no rrweb, UI events only)"],"stack":null}
[2026-09-25T14:16:25.896Z] {"timestamp":1790345784114,"level":"DEBUG","args":["[vite] connected."],"stack":null}
[2026-09-25T14:16:25.896Z] {"timestamp":1790345784479,"level":"INFO","args":["%cDownload the React DevTools for a better development experience: https://react.dev/link/react-devtools","font-weight:bold"],"stack":null}
[2026-09-25T14:42:03.196Z] {"timestamp":1790347321035,"level":"DEBUG","args":["[Manus] Debug collector initialized (no rrweb, UI events only)"],"stack":null}
[2026-09-25T14:42:03.196Z] {"timestamp":1790347321395,"level":"DEBUG","args":["[vite] connected."],"stack":null}
[2026-09-25T14:42:03.196Z] {"timestamp":1790347321588,"level":"INFO","args":["%cDownload the React DevTools for a better development experience: https://react.dev/link/react-devtools","font-weight:bold"],"stack":null}
[2026-09-25T14:42:19.151Z] {"timestamp":1790347336683,"level":"DEBUG","args":["[Manus] Debug collector initialized (no rrweb, UI events only)"],"stack":null}
[2026-09-25T14:42:19.151Z] {"timestamp":1790347336992,"level":"DEBUG","args":["[vite] connected."],"stack":null}
[2026-09-25T14:42:19.151Z] {"timestamp":1790347337181,"level":"INFO","args":["%cDownload the React DevTools for a better development experience: https://react.dev/link/react-devtools","font-weight:bold"],"stack":null}
[2026-09-25T16:55:42.727Z] {"timestamp":1790355340638,"level":"DEBUG","args":["[Manus] Debug collector initialized (no rrweb, UI events only)"],"stack":null}
[2026-09-25T16:55:42.727Z] {"timestamp":1790355341979,"level":"DEBUG","args":["[vite] connected."],"stack":null}
[2026-09-25T16:55:44.717Z] {"timestamp":1790355343235,"level":"INFO","args":["%cDownload the React DevTools for a better development experience: https://react.dev/link/react-devtools","font-weight:bold"],"stack":null}
[2026-09-25T16:57:10.038Z] {"timestamp":1790355428793,"level":"DEBUG","args":["[vite]","hot updated: /src/pages/Home.tsx"],"stack":null}
[2026-09-25T16:57:10.038Z] {"timestamp":1790355428793,"level":"DEBUG","args":["[vite]","hot updated: /src/index.css"],"stack":null}
[2026-09-25T16:57:11.259Z] {"timestamp":1790355429948,"level":"DEBUG","args":["[vite]","hot updated: /src/pages/Home.tsx"],"stack":null}
[2026-09-25T16:57:11.259Z] {"timestamp":1790355429948,"level":"DEBUG","args":["[vite]","hot updated: /src/index.css"],"stack":null}
[2026-09-25T17:01:35.768Z] {"timestamp":1790355684469,"level":"DEBUG","args":["[vite]","hot updated: /src/pages/Home.tsx"],"stack":null}
[2026-09-25T17:01:35.768Z] {"timestamp":1790355684469,"level":"DEBUG","args":["[vite]","hot updated: /src/index.css"],"stack":null}
[2026-09-25T17:01:44.956Z] {"timestamp":1790355702846,"level":"DEBUG","args":["[Manus] Debug collector initialized (no rrweb, UI events only)"],"stack":null}
[2026-09-25T17:01:44.956Z] {"timestamp":1790355703201,"level":"DEBUG","args":["[vite] connected."],"stack":null}
[2026-09-25T17:01:44.956Z] {"timestamp":1790355703203,"level":"INFO","args":["%cDownload the React DevTools for a better development experience: https://react.dev/link/react-devtools","font-weight:bold"],"stack":null}
[2026-09-25T17:05:40.091Z] {"timestamp":1790355937999,"level":"DEBUG","args":["[Manus] Debug collector initialized (no rrweb, UI events only)"],"stack":null}
[2026-09-25T17:05:40.091Z] {"timestamp":1790355938825,"level":"DEBUG","args":["[vite] connected."],"stack":null}
[2026-09-25T17:05:40.091Z] {"timestamp":1790355939004,"level":"INFO","args":["%cDownload the React DevTools for a better development experience: https://react.dev/link/react-devtools","font-weight:bold"],"stack":null}
[2026-09-25T17:11:10.805Z] {"timestamp":1790356268719,"level":"DEBUG","args":["[Manus] Debug collector initialized (no rrweb, UI events only)"],"stack":null}
[2026-09-25T17:11:10.805Z] {"timestamp":1790356269515,"level":"DEBUG","args":["[vite] connected."],"stack":null}
[2026-09-25T17:11:10.805Z] {"timestamp":1790356270332,"level":"INFO","args":["%cDownload the React DevTools for a better development experience: https://react.dev/link/react-devtools","font-weight:bold"],"stack":null}
[2026-10-01T14:02:47.128Z] {"timestamp":1790863365032,"level":"DEBUG","args":["[Manus] Debug collector initialized (no rrweb, UI events only)"],"stack":null}
[2026-10-01T14:02:47.128Z] {"timestamp":1790863365379,"level":"DEBUG","args":["[vite] connected."],"stack":null}
[2026-10-01T14:02:47.128Z] {"timestamp":1790863365391,"level":"INFO","args":["%cDownload the React DevTools for a better development experience: https://react.dev/link/react-devtools","font-weight:bold"],"stack":null}
[2026-10-01T14:04:54.307Z] {"timestamp":1790863492631,"level":"DEBUG","args":["[vite]","hot updated: /src/pages/Home.tsx"],"stack":null}
[2026-10-01T14:04:54.307Z] {"timestamp":1790863492632,"level":"DEBUG","args":["[vite]","hot updated: /src/index.css"],"stack":null}
[2026-10-01T14:07:40.102Z] {"timestamp":1790863646826,"level":"DEBUG","args":["[vite]","hot updated: /src/pages/Home.tsx"],"stack":null}
[2026-10-01T14:07:40.102Z] {"timestamp":1790863646826,"level":"DEBUG","args":["[vite]","hot updated: /src/index.css"],"stack":null}
[2026-10-01T14:07:56.809Z] {"timestamp":1790863674841,"level":"DEBUG","args":["[vite]","hot updated: /src/pages/Home.tsx"],"stack":null}
[2026-10-01T14:07:56.809Z] {"timestamp":1790863674841,"level":"DEBUG","args":["[vite]","hot updated: /src/index.css"],"stack":null}
[2026-10-01T14:09:06.074Z] {"timestamp":1790863745422,"level":"DEBUG","args":["[vite]","hot updated: /src/pages/Home.tsx"],"stack":null}
[2026-10-01T14:09:06.074Z] {"timestamp":1790863745422,"level":"DEBUG","args":["[vite]","hot updated: /src/index.css"],"stack":null}
[2026-10-01T14:09:24.757Z] {"timestamp":1790863762622,"level":"DEBUG","args":["[Manus] Debug collector initialized (no rrweb, UI events only)"],"stack":null}
[2026-10-01T14:09:24.757Z] {"timestamp":1790863763041,"level":"DEBUG","args":["[vite] connected."],"stack":null}
[2026-10-01T14:09:24.757Z] {"timestamp":1790863764260,"level":"INFO","args":["%cDownload the React DevTools for a better development experience: https://react.dev/link/react-devtools","font-weight:bold"],"stack":null}
[2026-10-01T14:11:27.058Z] {"timestamp":1790863885737,"level":"DEBUG","args":["[vite]","hot updated: /src/pages/Home.tsx"],"stack":null}
[2026-10-01T14:11:27.058Z] {"timestamp":1790863885738,"level":"DEBUG","args":["[vite]","hot updated: /src/index.css"],"stack":null}
[2026-10-01T14:11:40.123Z] {"timestamp":1790863885752,"level":"DEBUG","args":["[vite]","hot updated: /src/pages/Home.tsx"],"stack":null}
[2026-10-01T14:11:40.123Z] {"timestamp":1790863885752,"level":"DEBUG","args":["[vite]","hot updated: /src/index.css"],"stack":null}
[2026-10-01T14:13:39.586Z] {"timestamp":1790864018732,"level":"DEBUG","args":["[vite]","hot updated: /src/pages/Home.tsx"],"stack":null}
[2026-10-01T14:13:39.586Z] {"timestamp":1790864018732,"level":"DEBUG","args":["[vite]","hot updated: /src/index.css"],"stack":null}
[2026-10-01T14:32:49.961Z] {"timestamp":1790865169337,"level":"LOG","args":["[vite] server connection lost. Polling for restart..."],"stack":null}
[2026-10-01T14:32:50.109Z] {"timestamp":1790865169337,"level":"LOG","args":["[vite] server connection lost. Polling for restart..."],"stack":null}
[2026-10-01T14:32:53.959Z] {"timestamp":1790865171282,"level":"DEBUG","args":["[Manus] Debug collector initialized (no rrweb, UI events only)"],"stack":null}
[2026-10-01T14:32:53.959Z] {"timestamp":1790865171614,"level":"DEBUG","args":["[vite] connected."],"stack":null}
[2026-10-01T14:32:53.959Z] {"timestamp":1790865171958,"level":"INFO","args":["%cDownload the React DevTools for a better development experience: https://react.dev/link/react-devtools","font-weight:bold"],"stack":null}
[2026-10-01T14:50:34.036Z] {"timestamp":1790866231209,"level":"DEBUG","args":["[Manus] Debug collector initialized (no rrweb, UI events only)"],"stack":null}
[2026-10-01T14:50:34.037Z] {"timestamp":1790866231271,"level":"INFO","args":["%cDownload the React DevTools for a better development experience: https://react.dev/link/react-devtools","font-weight:bold"],"stack":null}
[2026-10-01T14:50:34.037Z] {"timestamp":1790866231636,"level":"DEBUG","args":["[vite] connected."],"stack":null}
[2026-10-01T14:52:46.668Z] {"timestamp":1790866366058,"level":"LOG","args":["[vite] server connection lost. Polling for restart..."],"stack":null}
[2026-10-01T14:52:49.963Z] {"timestamp":1790866367206,"level":"DEBUG","args":["[Manus] Debug collector initialized (no rrweb, UI events only)"],"stack":null}
[2026-10-01T14:52:49.963Z] {"timestamp":1790866367519,"level":"DEBUG","args":["[vite] connected."],"stack":null}
[2026-10-01T14:52:49.963Z] {"timestamp":1790866367727,"level":"INFO","args":["%cDownload the React DevTools for a better development experience: https://react.dev/link/react-devtools","font-weight:bold"],"stack":null}
[2026-10-01T14:53:46.698Z] {"timestamp":1790866426059,"level":"LOG","args":["[vite] server connection lost. Polling for restart..."],"stack":null}
[2026-10-01T14:53:49.964Z] {"timestamp":1790866427206,"level":"DEBUG","args":["[Manus] Debug collector initialized (no rrweb, UI events only)"],"stack":null}
[2026-10-01T14:53:49.964Z] {"timestamp":1790866427508,"level":"DEBUG","args":["[vite] connected."],"stack":null}
[2026-10-01T14:53:49.964Z] {"timestamp":1790866427707,"level":"INFO","args":["%cDownload the React DevTools for a better development experience: https://react.dev/link/react-devtools","font-weight:bold"],"stack":null}
[2026-10-01T14:54:46.644Z] {"timestamp":1790866486049,"level":"LOG","args":["[vite] server connection lost. Polling for restart..."],"stack":null}
[2026-10-01T14:54:49.968Z] {"timestamp":1790866487045,"level":"DEBUG","args":["[Manus] Debug collector initialized (no rrweb, UI events only)"],"stack":null}
[2026-10-01T14:54:49.968Z] {"timestamp":1790866487412,"level":"DEBUG","args":["[vite] connected."],"stack":null}
[2026-10-01T14:54:49.968Z] {"timestamp":1790866487815,"level":"INFO","args":["%cDownload the React DevTools for a better development experience: https://react.dev/link/react-devtools","font-weight:bold"],"stack":null}
[2026-10-01T14:55:46.628Z] {"timestamp":1790866546051,"level":"LOG","args":["[vite] server connection lost. Polling for restart..."],"stack":null}
[2026-10-01T14:55:49.960Z] {"timestamp":1790866547323,"level":"DEBUG","args":["[Manus] Debug collector initialized (no rrweb, UI events only)"],"stack":null}
[2026-10-01T14:55:49.960Z] {"timestamp":1790866547627,"level":"DEBUG","args":["[vite] connected."],"stack":null}
[2026-10-01T14:55:49.960Z] {"timestamp":1790866547935,"level":"INFO","args":["%cDownload the React DevTools for a better development experience: https://react.dev/link/react-devtools","font-weight:bold"],"stack":null}
[2026-10-01T14:56:46.634Z] {"timestamp":1790866606052,"level":"LOG","args":["[vite] server connection lost. Polling for restart..."],"stack":null}
[2026-10-01T14:56:49.973Z] {"timestamp":1790866607341,"level":"DEBUG","args":["[Manus] Debug collector initialized (no rrweb, UI events only)"],"stack":null}
[2026-10-01T14:56:49.973Z] {"timestamp":1790866607654,"level":"DEBUG","args":["[vite] connected."],"stack":null}
[2026-10-01T14:56:49.973Z] {"timestamp":1790866607959,"level":"INFO","args":["%cDownload the React DevTools for a better development experience: https://react.dev/link/react-devtools","font-weight:bold"],"stack":null}
[2026-10-01T14:57:26.208Z] {"timestamp":1790866645935,"level":"LOG","args":["[vite] server connection lost. Polling for restart..."],"stack":null}
[2026-10-01T14:57:32.961Z] {"timestamp":1790866650661,"level":"DEBUG","args":["[Manus] Debug collector initialized (no rrweb, UI events only)"],"stack":null}
[2026-10-01T14:57:32.961Z] {"timestamp":1790866650962,"level":"DEBUG","args":["[vite] connected."],"stack":null}
[2026-10-01T14:57:32.961Z] {"timestamp":1790866651135,"level":"INFO","args":["%cDownload the React DevTools for a better development experience: https://react.dev/link/react-devtools","font-weight:bold"],"stack":null}
[2026-10-01T15:02:46.940Z] {"timestamp":1790866966050,"level":"LOG","args":["[vite] server connection lost. Polling for restart..."],"stack":null}
[2026-10-01T15:02:49.987Z] {"timestamp":1790866967654,"level":"DEBUG","args":["[Manus] Debug collector initialized (no rrweb, UI events only)"],"stack":null}
[2026-10-01T15:02:49.987Z] {"timestamp":1790866967988,"level":"DEBUG","args":["[vite] connected."],"stack":null}
[2026-10-01T15:02:49.987Z] {"timestamp":1790866968358,"level":"INFO","args":["%cDownload the React DevTools for a better development experience: https://react.dev/link/react-devtools","font-weight:bold"],"stack":null}
[2026-10-01T15:03:46.640Z] {"timestamp":1790867026062,"level":"LOG","args":["[vite] server connection lost. Polling for restart..."],"stack":null}
[2026-10-01T15:03:49.974Z] {"timestamp":1790867027513,"level":"DEBUG","args":["[Manus] Debug collector initialized (no rrweb, UI events only)"],"stack":null}
[2026-10-01T15:03:49.974Z] {"timestamp":1790867027827,"level":"DEBUG","args":["[vite] connected."],"stack":null}
[2026-10-01T15:03:49.974Z] {"timestamp":1790867028132,"level":"INFO","args":["%cDownload the React DevTools for a better development experience: https://react.dev/link/react-devtools","font-weight:bold"],"stack":null}
[2026-10-01T15:04:46.904Z] {"timestamp":1790867086060,"level":"LOG","args":["[vite] server connection lost. Polling for restart..."],"stack":null}
[2026-10-01T15:04:47.119Z] {"timestamp":1790867086060,"level":"LOG","args":["[vite] server connection lost. Polling for restart..."],"stack":null}
[2026-10-01T15:04:49.962Z] {"timestamp":1790867087555,"level":"DEBUG","args":["[Manus] Debug collector initialized (no rrweb, UI events only)"],"stack":null}
[2026-10-01T15:04:49.962Z] {"timestamp":1790867087861,"level":"DEBUG","args":["[vite] connected."],"stack":null}
[2026-10-01T15:04:49.962Z] {"timestamp":1790867088316,"level":"INFO","args":["%cDownload the React DevTools for a better development experience: https://react.dev/link/react-devtools","font-weight:bold"],"stack":null}
[2026-10-01T15:05:46.640Z] {"timestamp":1790867146060,"level":"LOG","args":["[vite] server connection lost. Polling for restart..."],"stack":null}
[2026-10-01T15:05:49.968Z] {"timestamp":1790867147459,"level":"DEBUG","args":["[Manus] Debug collector initialized (no rrweb, UI events only)"],"stack":null}
[2026-10-01T15:05:49.968Z] {"timestamp":1790867147768,"level":"DEBUG","args":["[vite] connected."],"stack":null}
[2026-10-01T15:05:49.968Z] {"timestamp":1790867147937,"level":"INFO","args":["%cDownload the React DevTools for a better development experience: https://react.dev/link/react-devtools","font-weight:bold"],"stack":null}
[2026-10-01T15:06:46.659Z] {"timestamp":1790867206064,"level":"LOG","args":["[vite] server connection lost. Polling for restart..."],"stack":null}
[2026-10-01T15:06:49.480Z] {"timestamp":1790867207358,"level":"DEBUG","args":["[Manus] Debug collector initialized (no rrweb, UI events only)"],"stack":null}
[2026-10-01T15:06:49.480Z] {"timestamp":1790867207665,"level":"DEBUG","args":["[vite] connected."],"stack":null}
[2026-10-01T15:06:49.480Z] {"timestamp":1790867208292,"level":"INFO","args":["%cDownload the React DevTools for a better development experience: https://react.dev/link/react-devtools","font-weight:bold"],"stack":null}
[2026-10-01T23:49:18.360Z] {"timestamp":1790898558130,"level":"DEBUG","args":["[Manus] Debug collector initialized (no rrweb, UI events only)"],"stack":null}
[2026-10-01T23:49:18.360Z] {"timestamp":1790898559466,"level":"DEBUG","args":["[vite] connected."],"stack":null}
[2026-10-01T23:49:19.828Z] {"timestamp":1790898561401,"level":"INFO","args":["%cDownload the React DevTools for a better development experience: https://react.dev/link/react-devtools","font-weight:bold"],"stack":null}
[2026-10-01T23:49:58.804Z] {"timestamp":1790898598924,"level":"DEBUG","args":["[Manus] Debug collector initialized (no rrweb, UI events only)"],"stack":null}
[2026-10-01T23:49:58.804Z] {"timestamp":1790898599453,"level":"DEBUG","args":["[vite] connected."],"stack":null}
[2026-10-01T23:49:58.804Z] {"timestamp":1790898600676,"level":"INFO","args":["%cDownload the React DevTools for a better development experience: https://react.dev/link/react-devtools","font-weight:bold"],"stack":null}
[2026-10-02T00:07:07.091Z] {"timestamp":1790899615419,"level":"DEBUG","args":["[vite]","hot updated: /src/pages/Home.tsx"],"stack":null}
[2026-10-02T00:07:07.091Z] {"timestamp":1790899615419,"level":"DEBUG","args":["[vite]","hot updated: /src/index.css"],"stack":null}
[2026-10-02T00:07:07.091Z] {"timestamp":1790899615979,"level":"DEBUG","args":["[vite]","hot updated: /src/pages/Home.tsx"],"stack":null}
[2026-10-02T00:07:07.091Z] {"timestamp":1790899615980,"level":"DEBUG","args":["[vite]","hot updated: /src/index.css"],"stack":null}
[2026-10-02T00:07:12.308Z] {"timestamp":1790899632609,"level":"DEBUG","args":["[Manus] Debug collector initialized (no rrweb, UI events only)"],"stack":null}
[2026-10-02T00:07:12.308Z] {"timestamp":1790899632898,"level":"DEBUG","args":["[vite] connected."],"stack":null}
[2026-10-02T00:07:12.308Z] {"timestamp":1790899632967,"level":"INFO","args":["%cDownload the React DevTools for a better development experience: https://react.dev/link/react-devtools","font-weight:bold"],"stack":null}
[2026-10-02T00:07:42.302Z] {"timestamp":1790899615421,"level":"DEBUG","args":["[vite]","hot updated: /src/pages/Home.tsx"],"stack":null}
[2026-10-02T00:07:42.302Z] {"timestamp":1790899615421,"level":"DEBUG","args":["[vite]","hot updated: /src/index.css"],"stack":null}
[2026-10-02T00:07:42.302Z] {"timestamp":1790899615981,"level":"DEBUG","args":["[vite]","hot updated: /src/pages/Home.tsx"],"stack":null}
[2026-10-02T00:07:42.302Z] {"timestamp":1790899615981,"level":"DEBUG","args":["[vite]","hot updated: /src/index.css"],"stack":null}
[2026-10-02T00:17:29.158Z] {"timestamp":1790900251191,"level":"DEBUG","args":["[vite]","hot updated: /src/pages/Home.tsx"],"stack":null}
[2026-10-02T00:17:29.158Z] {"timestamp":1790900251192,"level":"DEBUG","args":["[vite]","hot updated: /src/index.css"],"stack":null}
[2026-10-02T00:17:42.303Z] {"timestamp":1790900251192,"level":"DEBUG","args":["[vite]","hot updated: /src/pages/Home.tsx"],"stack":null}
[2026-10-02T00:17:42.303Z] {"timestamp":1790900251192,"level":"DEBUG","args":["[vite]","hot updated: /src/index.css"],"stack":null}
[2026-10-02T00:22:42.304Z] {"timestamp":1790900539014,"level":"DEBUG","args":["[vite]","hot updated: /src/pages/Home.tsx"],"stack":null}
[2026-10-02T00:22:42.304Z] {"timestamp":1790900539014,"level":"DEBUG","args":["[vite]","hot updated: /src/index.css"],"stack":null}
[2026-10-02T00:22:52.664Z] {"timestamp":1790900572965,"level":"DEBUG","args":["[Manus] Debug collector initialized (no rrweb, UI events only)"],"stack":null}
[2026-10-02T00:22:52.664Z] {"timestamp":1790900573332,"level":"DEBUG","args":["[vite] connected."],"stack":null}
[2026-10-02T00:22:52.664Z] {"timestamp":1790900573376,"level":"INFO","args":["%cDownload the React DevTools for a better development experience: https://react.dev/link/react-devtools","font-weight:bold"],"stack":null}
[2026-10-02T00:26:20.406Z] {"timestamp":1790900773948,"level":"ERROR","args":["[vite]","Failed to reload /src/pages/Home.tsx. This could be due to syntax errors or importing non-existent modules. (see errors above)"],"stack":"Error\n    at console.error (http://localhost:3000/__manus__/debug-collector.js:391:37)\n    at Object.error (http://localhost:3000/@vite/client:809:26)\n    at HMRClient.warnFailedUpdate (http://localhost:3000/@vite/client:181:15)\n    at HMRClient.fetchUpdate (http://localhost:3000/@vite/client:212:10)\n    at async Promise.all (index 0)\n    at async HMRClient.queueUpdate (http://localhost:3000/@vite/client:196:5)\n    at async Promise.all (index 0)\n    at async handleMessage (http://localhost:3000/@vite/client:838:4)"}
[2026-10-02T00:26:20.406Z] {"timestamp":1790900774189,"level":"DEBUG","args":["[vite]","hot updated: /src/pages/Home.tsx"],"stack":null}
[2026-10-02T00:26:20.406Z] {"timestamp":1790900774189,"level":"DEBUG","args":["[vite]","hot updated: /src/index.css"],"stack":null}
[2026-10-02T00:26:33.152Z] {"timestamp":1790900794359,"level":"DEBUG","args":["[vite]","hot updated: /src/pages/Home.tsx"],"stack":null}
[2026-10-02T00:26:33.152Z] {"timestamp":1790900794359,"level":"DEBUG","args":["[vite]","hot updated: /src/index.css"],"stack":null}
[2026-10-02T00:26:42.297Z] {"timestamp":1790900773641,"level":"ERROR","args":["[vite]","Failed to reload /src/pages/Home.tsx. This could be due to syntax errors or importing non-existent modules. (see errors above)"],"stack":"Error\n    at console.<computed> [as error] (http://127.0.0.1:3000/__manus__/debug-collector.js:391:37)\n    at Object.error (http://127.0.0.1:3000/@vite/client:809:26)\n    at HMRClient.warnFailedUpdate (http://127.0.0.1:3000/@vite/client:181:15)\n    at HMRClient.fetchUpdate (http://127.0.0.1:3000/@vite/client:212:10)\n    at async Promise.all (index 0)\n    at async HMRClient.queueUpdate (http://127.0.0.1:3000/@vite/client:196:5)\n    at async Promise.all (index 0)\n    at async handleMessage (http://127.0.0.1:3000/@vite/client:838:4)"}
[2026-10-02T00:26:42.297Z] {"timestamp":1790900774192,"level":"DEBUG","args":["[vite]","hot updated: /src/pages/Home.tsx"],"stack":null}
[2026-10-02T00:26:42.297Z] {"timestamp":1790900774192,"level":"DEBUG","args":["[vite]","hot updated: /src/index.css"],"stack":null}
[2026-10-02T00:26:42.297Z] {"timestamp":1790900794358,"level":"DEBUG","args":["[vite]","hot updated: /src/pages/Home.tsx"],"stack":null}
[2026-10-02T00:26:42.297Z] {"timestamp":1790900794358,"level":"DEBUG","args":["[vite]","hot updated: /src/index.css"],"stack":null}
[2026-10-02T00:27:05.162Z] {"timestamp":1790900827052,"level":"DEBUG","args":["[vite]","hot updated: /src/pages/Home.tsx"],"stack":null}
[2026-10-02T00:27:05.163Z] {"timestamp":1790900827052,"level":"DEBUG","args":["[vite]","hot updated: /src/index.css"],"stack":null}
[2026-10-02T00:27:42.302Z] {"timestamp":1790900827053,"level":"DEBUG","args":["[vite]","hot updated: /src/pages/Home.tsx"],"stack":null}
[2026-10-02T00:27:42.302Z] {"timestamp":1790900827053,"level":"DEBUG","args":["[vite]","hot updated: /src/index.css"],"stack":null}
[2026-10-02T00:33:33.155Z] {"timestamp":1790901214441,"level":"DEBUG","args":["[vite]","hot updated: /src/pages/Home.tsx"],"stack":null}
[2026-10-02T00:33:33.155Z] {"timestamp":1790901214442,"level":"DEBUG","args":["[vite]","hot updated: /src/index.css"],"stack":null}
[2026-10-02T00:33:37.160Z] {"timestamp":1790901217564,"level":"DEBUG","args":["[vite]","hot updated: /src/pages/Home.tsx"],"stack":null}
[2026-10-02T00:33:37.160Z] {"timestamp":1790901217564,"level":"DEBUG","args":["[vite]","hot updated: /src/index.css"],"stack":null}
[2026-10-02T00:33:42.357Z] {"timestamp":1790901214441,"level":"DEBUG","args":["[vite]","hot updated: /src/pages/Home.tsx"],"stack":null}
[2026-10-02T00:33:42.357Z] {"timestamp":1790901214442,"level":"DEBUG","args":["[vite]","hot updated: /src/index.css"],"stack":null}
[2026-10-02T00:33:42.357Z] {"timestamp":1790901217567,"level":"DEBUG","args":["[vite]","hot updated: /src/pages/Home.tsx"],"stack":null}
[2026-10-02T00:33:42.357Z] {"timestamp":1790901217567,"level":"DEBUG","args":["[vite]","hot updated: /src/index.css"],"stack":null}
[2026-10-02T00:39:52.581Z] {"timestamp":1790901591241,"level":"DEBUG","args":["[vite]","hot updated: /src/pages/Home.tsx"],"stack":null}
[2026-10-02T00:39:52.581Z] {"timestamp":1790901591241,"level":"DEBUG","args":["[vite]","hot updated: /src/index.css"],"stack":null}
[2026-10-02T00:40:42.332Z] {"timestamp":1790901591241,"level":"DEBUG","args":["[vite]","hot updated: /src/pages/Home.tsx"],"stack":null}
[2026-10-02T00:40:42.332Z] {"timestamp":1790901591241,"level":"DEBUG","args":["[vite]","hot updated: /src/index.css"],"stack":null}
[2026-10-02T00:42:54.865Z] {"timestamp":1790901776204,"level":"DEBUG","args":["[vite]","hot updated: /src/pages/Home.tsx"],"stack":null}
[2026-10-02T00:42:54.865Z] {"timestamp":1790901776204,"level":"DEBUG","args":["[vite]","hot updated: /src/index.css"],"stack":null}
[2026-10-02T00:43:25.249Z] {"timestamp":1790901806856,"level":"DEBUG","args":["[vite]","hot updated: /src/pages/Home.tsx"],"stack":null}
[2026-10-02T00:43:25.250Z] {"timestamp":1790901806856,"level":"DEBUG","args":["[vite]","hot updated: /src/index.css"],"stack":null}
[2026-10-02T00:43:42.164Z] {"timestamp":1790901776207,"level":"DEBUG","args":["[vite]","hot updated: /src/pages/Home.tsx"],"stack":null}
[2026-10-02T00:43:42.164Z] {"timestamp":1790901776207,"level":"DEBUG","args":["[vite]","hot updated: /src/index.css"],"stack":null}
[2026-10-02T00:43:42.164Z] {"timestamp":1790901806864,"level":"DEBUG","args":["[vite]","hot updated: /src/pages/Home.tsx"],"stack":null}
[2026-10-02T00:43:42.164Z] {"timestamp":1790901806864,"level":"DEBUG","args":["[vite]","hot updated: /src/index.css"],"stack":null}
[2026-10-02T00:43:43.031Z] {"timestamp":1790901824485,"level":"DEBUG","args":["[vite]","hot updated: /src/pages/Home.tsx"],"stack":null}
[2026-10-02T00:43:43.032Z] {"timestamp":1790901824485,"level":"DEBUG","args":["[vite]","hot updated: /src/index.css"],"stack":null}
[2026-10-02T00:44:27.290Z] {"timestamp":1790901867594,"level":"DEBUG","args":["[Manus] Debug collector initialized (no rrweb, UI events only)"],"stack":null}
[2026-10-02T00:44:27.290Z] {"timestamp":1790901867885,"level":"DEBUG","args":["[vite] connected."],"stack":null}
[2026-10-02T00:44:27.290Z] {"timestamp":1790901868060,"level":"INFO","args":["%cDownload the React DevTools for a better development experience: https://react.dev/link/react-devtools","font-weight:bold"],"stack":null}
[2026-10-02T00:44:42.299Z] {"timestamp":1790901824485,"level":"DEBUG","args":["[vite]","hot updated: /src/pages/Home.tsx"],"stack":null}
[2026-10-02T00:44:42.299Z] {"timestamp":1790901824485,"level":"DEBUG","args":["[vite]","hot updated: /src/index.css"],"stack":null}
[2026-10-02T01:07:24.728Z] {"timestamp":1790902348763,"level":"LOG","args":["[vite] server connection lost. Polling for restart..."],"stack":null}
[2026-10-02T01:07:27.666Z] {"timestamp":1790903247963,"level":"DEBUG","args":["[Manus] Debug collector initialized (no rrweb, UI events only)"],"stack":null}
[2026-10-02T01:07:27.666Z] {"timestamp":1790903248277,"level":"DEBUG","args":["[vite] connected."],"stack":null}
[2026-10-02T01:07:27.666Z] {"timestamp":1790903248687,"level":"INFO","args":["%cDownload the React DevTools for a better development experience: https://react.dev/link/react-devtools","font-weight:bold"],"stack":null}
[2026-10-02T01:07:42.297Z] {"timestamp":1790902348763,"level":"LOG","args":["[vite] server connection lost. Polling for restart..."],"stack":null}
[2026-10-02T01:11:08.156Z] {"timestamp":1790903469142,"level":"DEBUG","args":["[vite]","hot updated: /src/pages/Home.tsx"],"stack":null}
[2026-10-02T01:11:08.156Z] {"timestamp":1790903469142,"level":"DEBUG","args":["[vite]","hot updated: /src/index.css"],"stack":null}
[2026-10-02T01:12:46.427Z] {"timestamp":1790903568351,"level":"ERROR","args":["[vite]","Failed to reload /src/pages/Home.tsx. This could be due to syntax errors or importing non-existent modules. (see errors above)"],"stack":"Error\n    at console.<computed> [as error] (http://localhost:3000/__manus__/debug-collector.js:391:37)\n    at Object.error (http://localhost:3000/@vite/client:809:26)\n    at HMRClient.warnFailedUpdate (http://localhost:3000/@vite/client:181:15)\n    at HMRClient.fetchUpdate (http://localhost:3000/@vite/client:212:10)\n    at async Promise.all (index 0)\n    at async HMRClient.queueUpdate (http://localhost:3000/@vite/client:196:5)\n    at async Promise.all (index 0)\n    at async handleMessage (http://localhost:3000/@vite/client:838:4)"}
[2026-10-02T01:12:48.152Z] {"timestamp":1790903568765,"level":"DEBUG","args":["[vite]","hot updated: /src/pages/Home.tsx"],"stack":null}
[2026-10-02T01:12:48.152Z] {"timestamp":1790903568765,"level":"DEBUG","args":["[vite]","hot updated: /src/index.css"],"stack":null}
[2026-10-02T01:13:10.108Z] {"timestamp":1790903590907,"level":"DEBUG","args":["[vite]","hot updated: /src/pages/Home.tsx"],"stack":null}
[2026-10-02T01:13:10.108Z] {"timestamp":1790903590907,"level":"DEBUG","args":["[vite]","hot updated: /src/index.css"],"stack":null}
[2026-10-02T01:13:50.247Z] {"timestamp":1790903631492,"level":"DEBUG","args":["[vite]","hot updated: /src/pages/Home.tsx"],"stack":null}
[2026-10-02T01:13:50.247Z] {"timestamp":1790903631492,"level":"DEBUG","args":["[vite]","hot updated: /src/index.css"],"stack":null}
[2026-10-02T01:14:52.153Z] {"timestamp":1790903692906,"level":"ERROR","args":["[vite]","Failed to reload /src/pages/Home.tsx. This could be due to syntax errors or importing non-existent modules. (see errors above)"],"stack":"Error\n    at console.<computed> [as error] (http://localhost:3000/__manus__/debug-collector.js:391:37)\n    at Object.error (http://localhost:3000/@vite/client:809:26)\n    at HMRClient.warnFailedUpdate (http://localhost:3000/@vite/client:181:15)\n    at HMRClient.fetchUpdate (http://localhost:3000/@vite/client:212:10)\n    at async Promise.all (index 0)\n    at async HMRClient.queueUpdate (http://localhost:3000/@vite/client:196:5)\n    at async Promise.all (index 0)\n    at async handleMessage (http://localhost:3000/@vite/client:838:4)"}
[2026-10-02T01:14:52.153Z] {"timestamp":1790903693379,"level":"DEBUG","args":["[vite]","hot updated: /src/pages/Home.tsx"],"stack":null}
[2026-10-02T01:14:52.153Z] {"timestamp":1790903693379,"level":"DEBUG","args":["[vite]","hot updated: /src/index.css"],"stack":null}
[2026-10-02T01:15:02.341Z] {"timestamp":1790903701874,"level":"DEBUG","args":["[vite]","hot updated: /src/pages/Home.tsx"],"stack":null}
[2026-10-02T01:15:02.342Z] {"timestamp":1790903701874,"level":"DEBUG","args":["[vite]","hot updated: /src/index.css"],"stack":null}
