[2026-09-24T13:02:51.732Z] {"timestamp":1790254969905,"kind":"scroll","url":"http://127.0.0.1:3000/","viewport":{"width":1272,"height":588},"payload":{"scrollX":0,"scrollY":4600,"documentHeight":5947,"viewportHeight":588}}
[2026-09-24T13:02:51.733Z] {"timestamp":1790254971347,"kind":"focusin","url":"http://127.0.0.1:3000/","viewport":{"width":1272,"height":588},"payload":{"target":{"tag":"video","id":null,"name":null,"type":null,"role":null,"ariaLabel":null,"testId":null,"dataLoc":"client/src/pages/Home.tsx:445","href":null,"text":"Seu navegador não suporta a reprodução de vídeos.","selectorHint":"[data-loc=\"client/src/pages/Home.tsx:445\"]"}}}
[2026-09-24T13:02:51.733Z] {"timestamp":1790254971431,"kind":"click","url":"http://127.0.0.1:3000/","viewport":{"width":1272,"height":588},"payload":{"target":{"tag":"video","id":null,"name":null,"type":null,"role":null,"ariaLabel":null,"testId":null,"dataLoc":"client/src/pages/Home.tsx:445","href":null,"text":"Seu navegador não suporta a reprodução de vídeos.","selectorHint":"[data-loc=\"client/src/pages/Home.tsx:445\"]"},"x":572,"y":262}}
[2026-09-24T13:02:53.736Z] {"timestamp":1790254972120,"kind":"click","url":"http://127.0.0.1:3000/","viewport":{"width":1272,"height":588},"payload":{"target":{"tag":"video","id":null,"name":null,"type":null,"role":null,"ariaLabel":null,"testId":null,"dataLoc":"client/src/pages/Home.tsx:445","href":null,"text":"Seu navegador não suporta a reprodução de vídeos.","selectorHint":"[data-loc=\"client/src/pages/Home.tsx:445\"]"},"x":572,"y":262}}
[2026-09-24T13:02:53.736Z] {"timestamp":1790254972616,"kind":"click","url":"http://127.0.0.1:3000/","viewport":{"width":1272,"height":588},"payload":{"target":{"tag":"video","id":null,"name":null,"type":null,"role":null,"ariaLabel":null,"testId":null,"dataLoc":"client/src/pages/Home.tsx:445","href":null,"text":"Seu navegador não suporta a reprodução de vídeos.","selectorHint":"[data-loc=\"client/src/pages/Home.tsx:445\"]"},"x":572,"y":262}}
[2026-09-24T13:03:01.914Z] {"timestamp":1790254980725,"kind":"scroll","url":"http://127.0.0.1:3000/","viewport":{"width":1272,"height":588},"payload":{"scrollX":0,"scrollY":4598.66650390625,"documentHeight":5947,"viewportHeight":588}}
[2026-09-24T13:03:01.914Z] {"timestamp":1790254981591,"kind":"scroll","url":"http://127.0.0.1:3000/","viewport":{"width":1272,"height":588},"payload":{"scrollX":0,"scrollY":4401.33349609375,"documentHeight":5947,"viewportHeight":588}}
[2026-09-24T13:03:03.756Z] {"timestamp":1790254982875,"kind":"scroll","url":"http://127.0.0.1:3000/","viewport":{"width":1280,"height":720},"payload":{"scrollX":0,"scrollY":4600.66650390625,"documentHeight":5574,"viewportHeight":720}}
[2026-09-24T13:03:03.756Z] {"timestamp":1790254983329,"kind":"click","url":"http://127.0.0.1:3000/","viewport":{"width":1280,"height":720},"payload":{"target":{"tag":"video","id":null,"name":null,"type":null,"role":null,"ariaLabel":null,"testId":null,"dataLoc":"client/src/pages/Home.tsx:445","href":null,"text":"Seu navegador não suporta a reprodução de vídeos.","selectorHint":"[data-loc=\"client/src/pages/Home.tsx:445\"]"},"x":750,"y":395}}
[2026-09-24T13:03:15.929Z] {"timestamp":1790254995541,"kind":"scroll","url":"http://127.0.0.1:3000/","viewport":{"width":1272,"height":588},"payload":{"scrollX":0,"scrollY":4604,"documentHeight":5952,"viewportHeight":588}}
[2026-09-24T13:03:19.897Z] {"timestamp":1790254998432,"kind":"focusout","url":"http://127.0.0.1:3000/","viewport":{"width":1272,"height":588},"payload":{"target":{"tag":"video","id":null,"name":null,"type":null,"role":null,"ariaLabel":null,"testId":null,"dataLoc":"client/src/pages/Home.tsx:445","href":null,"text":"Seu navegador não suporta a reprodução de vídeos.","selectorHint":"[data-loc=\"client/src/pages/Home.tsx:445\"]"},"value":null}}
[2026-09-24T13:03:19.897Z] {"timestamp":1790254998511,"kind":"click","url":"http://127.0.0.1:3000/","viewport":{"width":1272,"height":588},"payload":{"target":{"tag":"section","id":null,"name":null,"type":null,"role":null,"ariaLabel":null,"testId":null,"dataLoc":"client/src/pages/Home.tsx:441","href":null,"text":"/ DEMONSTRAÇÃO","selectorHint":"[data-loc=\"client/src/pages/Home.tsx:441\"]"},"x":1140,"y":145}}
[2026-09-24T15:16:53.746Z] {"timestamp":1790263012594,"kind":"scroll","url":"http://localhost:3000/","viewport":{"width":1280,"height":585},"payload":{"scrollX":0,"scrollY":689.3333129882812,"documentHeight":5947,"viewportHeight":585}}
[2026-09-24T15:16:53.746Z] {"timestamp":1790263013096,"kind":"scroll","url":"http://localhost:3000/","viewport":{"width":1280,"height":585},"payload":{"scrollX":0,"scrollY":855.3333129882812,"documentHeight":5947,"viewportHeight":585}}
[2026-09-24T15:16:55.597Z] {"timestamp":1790263013630,"kind":"scroll","url":"http://localhost:3000/","viewport":{"width":1280,"height":585},"payload":{"scrollX":0,"scrollY":949.3333129882812,"documentHeight":5947,"viewportHeight":585}}
[2026-09-24T15:16:55.597Z] {"timestamp":1790263014130,"kind":"scroll","url":"http://localhost:3000/","viewport":{"width":1280,"height":585},"payload":{"scrollX":0,"scrollY":1846,"documentHeight":5947,"viewportHeight":585}}
[2026-09-24T15:16:55.597Z] {"timestamp":1790263014648,"kind":"scroll","url":"http://localhost:3000/","viewport":{"width":1280,"height":585},"payload":{"scrollX":0,"scrollY":2774,"documentHeight":5947,"viewportHeight":585}}
[2026-09-24T15:16:55.597Z] {"timestamp":1790263015238,"kind":"scroll","url":"http://localhost:3000/","viewport":{"width":1280,"height":585},"payload":{"scrollX":0,"scrollY":4327.33349609375,"documentHeight":5947,"viewportHeight":585}}
[2026-09-24T15:16:57.593Z] {"timestamp":1790263015747,"kind":"scroll","url":"http://localhost:3000/","viewport":{"width":1280,"height":585},"payload":{"scrollX":0,"scrollY":4436,"documentHeight":5947,"viewportHeight":585}}
[2026-09-24T15:16:57.593Z] {"timestamp":1790263016262,"kind":"scroll","url":"http://localhost:3000/","viewport":{"width":1280,"height":585},"payload":{"scrollX":0,"scrollY":5247.33349609375,"documentHeight":5947,"viewportHeight":585}}
[2026-09-24T15:16:57.593Z] {"timestamp":1790263016763,"kind":"scroll","url":"http://localhost:3000/","viewport":{"width":1280,"height":585},"payload":{"scrollX":0,"scrollY":5010,"documentHeight":5947,"viewportHeight":585}}
[2026-09-24T15:16:57.593Z] {"timestamp":1790263017288,"kind":"scroll","url":"http://localhost:3000/","viewport":{"width":1280,"height":585},"payload":{"scrollX":0,"scrollY":4619.33349609375,"documentHeight":5947,"viewportHeight":585}}
[2026-09-24T15:16:59.599Z] {"timestamp":1790263017978,"kind":"scroll","url":"http://localhost:3000/","viewport":{"width":1280,"height":585},"payload":{"scrollX":0,"scrollY":4410,"documentHeight":5947,"viewportHeight":585}}
[2026-09-24T15:16:59.599Z] {"timestamp":1790263018479,"kind":"scroll","url":"http://localhost:3000/","viewport":{"width":1280,"height":585},"payload":{"scrollX":0,"scrollY":3784,"documentHeight":5947,"viewportHeight":585}}
[2026-09-24T15:16:59.599Z] {"timestamp":1790263019104,"kind":"scroll","url":"http://localhost:3000/","viewport":{"width":1280,"height":585},"payload":{"scrollX":0,"scrollY":0,"documentHeight":5947,"viewportHeight":585}}
[2026-09-24T15:17:01.599Z] {"timestamp":1790263019646,"kind":"scroll","url":"http://localhost:3000/","viewport":{"width":1280,"height":585},"payload":{"scrollX":0,"scrollY":8,"documentHeight":5947,"viewportHeight":585}}
[2026-09-24T15:17:09.736Z] {"timestamp":1790263028653,"kind":"scroll","url":"http://localhost:3000/","viewport":{"width":1280,"height":585},"payload":{"scrollX":0,"scrollY":1.3333333730697632,"documentHeight":5947,"viewportHeight":585}}
[2026-09-24T15:17:09.736Z] {"timestamp":1790263029153,"kind":"scroll","url":"http://localhost:3000/","viewport":{"width":1280,"height":585},"payload":{"scrollX":0,"scrollY":254,"documentHeight":5947,"viewportHeight":585}}
[2026-09-24T15:17:15.594Z] {"timestamp":1790263035102,"kind":"scroll","url":"http://localhost:3000/","viewport":{"width":1280,"height":585},"payload":{"scrollX":0,"scrollY":601.3333129882812,"documentHeight":5947,"viewportHeight":585}}
[2026-09-24T15:17:17.601Z] {"timestamp":1790263035702,"kind":"scroll","url":"http://localhost:3000/","viewport":{"width":1280,"height":585},"payload":{"scrollX":0,"scrollY":901.3333129882812,"documentHeight":5947,"viewportHeight":585}}
[2026-09-24T15:17:17.601Z] {"timestamp":1790263036751,"kind":"scroll","url":"http://localhost:3000/","viewport":{"width":1280,"height":585},"payload":{"scrollX":0,"scrollY":1201.3333740234375,"documentHeight":5947,"viewportHeight":585}}
[2026-09-24T15:17:17.601Z] {"timestamp":1790263037419,"kind":"scroll","url":"http://localhost:3000/","viewport":{"width":1280,"height":585},"payload":{"scrollX":0,"scrollY":1401.3333740234375,"documentHeight":5947,"viewportHeight":585}}
[2026-09-24T15:17:23.892Z] {"timestamp":1790263042224,"kind":"click","url":"http://localhost:3000/","viewport":{"width":1280,"height":585},"payload":{"target":{"tag":"span","id":null,"name":null,"type":null,"role":null,"ariaLabel":null,"testId":null,"dataLoc":"client/src/pages/Home.tsx:250","href":null,"text":"Um objetivo.","selectorHint":"[data-loc=\"client/src/pages/Home.tsx:250\"]"},"x":213,"y":204}}
[2026-09-24T15:17:23.892Z] {"timestamp":1790263043318,"kind":"click","url":"http://localhost:3000/","viewport":{"width":1280,"height":585},"payload":{"target":{"tag":"section","id":"nucleo","name":null,"type":null,"role":null,"ariaLabel":null,"testId":null,"dataLoc":"client/src/pages/Home.tsx:243","href":null,"text":"/ O NÚCLEO Nexus: uma frente, vários projetos. Um objetivo. O Projeto Nexus auto…","selectorHint":"[data-loc=\"client/src/pages/Home.tsx:243\"]"},"x":226,"y":238}}
[2026-09-24T15:17:25.600Z] {"timestamp":1790263043934,"kind":"click","url":"http://localhost:3000/","viewport":{"width":1280,"height":585},"payload":{"target":{"tag":"section","id":"nucleo","name":null,"type":null,"role":null,"ariaLabel":null,"testId":null,"dataLoc":"client/src/pages/Home.tsx:243","href":null,"text":"/ O NÚCLEO Nexus: uma frente, vários projetos. Um objetivo. O Projeto Nexus auto…","selectorHint":"[data-loc=\"client/src/pages/Home.tsx:243\"]"},"x":459,"y":236}}
[2026-09-24T15:17:27.598Z] {"timestamp":1790263045868,"kind":"scroll","url":"http://localhost:3000/","viewport":{"width":1280,"height":585},"payload":{"scrollX":0,"scrollY":1501.3333740234375,"documentHeight":5947,"viewportHeight":585}}
[2026-09-24T15:17:27.598Z] {"timestamp":1790263046368,"kind":"scroll","url":"http://localhost:3000/","viewport":{"width":1280,"height":585},"payload":{"scrollX":0,"scrollY":1702,"documentHeight":5947,"viewportHeight":585}}
[2026-09-24T15:17:33.592Z] {"timestamp":1790263051751,"kind":"scroll","url":"http://localhost:3000/","viewport":{"width":1280,"height":585},"payload":{"scrollX":0,"scrollY":1801.3333740234375,"documentHeight":5947,"viewportHeight":585}}
[2026-09-24T15:17:33.592Z] {"timestamp":1790263052369,"kind":"scroll","url":"http://localhost:3000/","viewport":{"width":1280,"height":585},"payload":{"scrollX":0,"scrollY":2001.3333740234375,"documentHeight":5947,"viewportHeight":585}}
[2026-09-24T15:17:35.599Z] {"timestamp":1790263054068,"kind":"scroll","url":"http://localhost:3000/","viewport":{"width":1280,"height":585},"payload":{"scrollX":0,"scrollY":2201.333251953125,"documentHeight":5947,"viewportHeight":585}}
[2026-09-24T15:17:35.599Z] {"timestamp":1790263054868,"kind":"scroll","url":"http://localhost:3000/","viewport":{"width":1280,"height":585},"payload":{"scrollX":0,"scrollY":2401.333251953125,"documentHeight":5947,"viewportHeight":585}}
[2026-09-24T15:17:37.599Z] {"timestamp":1790263056002,"kind":"scroll","url":"http://localhost:3000/","viewport":{"width":1280,"height":585},"payload":{"scrollX":0,"scrollY":2698.666748046875,"documentHeight":5947,"viewportHeight":585}}
[2026-09-24T15:17:39.603Z] {"timestamp":1790263059052,"kind":"scroll","url":"http://localhost:3000/","viewport":{"width":1280,"height":585},"payload":{"scrollX":0,"scrollY":2501.333251953125,"documentHeight":5947,"viewportHeight":585}}
[2026-09-24T15:17:41.604Z] {"timestamp":1790263059734,"kind":"click","url":"http://localhost:3000/","viewport":{"width":1280,"height":585},"payload":{"target":{"tag":"span","id":null,"name":null,"type":null,"role":null,"ariaLabel":null,"testId":null,"dataLoc":"client/src/pages/Home.tsx:352","href":null,"text":"Atualizações","selectorHint":"[data-loc=\"client/src/pages/Home.tsx:352\"]"},"x":606,"y":172}}
[2026-09-24T15:17:41.604Z] {"timestamp":1790263060484,"kind":"scroll","url":"http://localhost:3000/","viewport":{"width":1280,"height":585},"payload":{"scrollX":0,"scrollY":2798.666748046875,"documentHeight":5947,"viewportHeight":585}}
[2026-09-24T15:17:41.604Z] {"timestamp":1790263061136,"kind":"scroll","url":"http://localhost:3000/","viewport":{"width":1280,"height":585},"payload":{"scrollX":0,"scrollY":2698.666748046875,"documentHeight":5947,"viewportHeight":585}}
[2026-09-24T15:17:43.593Z] {"timestamp":1790263062286,"kind":"focusin","url":"http://localhost:3000/","viewport":{"width":1280,"height":585},"payload":{"target":{"tag":"button","id":null,"name":null,"type":null,"role":null,"ariaLabel":null,"testId":null,"dataLoc":"client/src/pages/Home.tsx:293","href":null,"text":"02 Torre de Amostra Grátis","selectorHint":"[data-loc=\"client/src/pages/Home.tsx:293\"]"}}}
[2026-09-24T15:17:43.593Z] {"timestamp":1790263062342,"kind":"click","url":"http://localhost:3000/","viewport":{"width":1280,"height":585},"payload":{"target":{"tag":"span","id":null,"name":null,"type":null,"role":null,"ariaLabel":null,"testId":null,"dataLoc":"client/src/pages/Home.tsx:300","href":null,"text":"Torre de Amostra Grátis","selectorHint":"[data-loc=\"client/src/pages/Home.tsx:300\"]"},"x":242,"y":237}}
[2026-09-24T15:17:45.606Z] {"timestamp":1790263063606,"kind":"focusout","url":"http://localhost:3000/","viewport":{"width":1280,"height":585},"payload":{"target":{"tag":"button","id":null,"name":null,"type":null,"role":null,"ariaLabel":null,"testId":null,"dataLoc":"client/src/pages/Home.tsx:293","href":null,"text":"02 Torre de Amostra Grátis","selectorHint":"[data-loc=\"client/src/pages/Home.tsx:293\"]"},"value":null}}
[2026-09-24T15:17:45.606Z] {"timestamp":1790263063678,"kind":"click","url":"http://localhost:3000/","viewport":{"width":1280,"height":585},"payload":{"target":{"tag":"span","id":null,"name":null,"type":null,"role":null,"ariaLabel":null,"testId":null,"dataLoc":"client/src/pages/Home.tsx:335","href":null,"text":"Amostra Grátis","selectorHint":"[data-loc=\"client/src/pages/Home.tsx:335\"]"},"x":652,"y":293}}
[2026-09-24T15:17:45.606Z] {"timestamp":1790263064919,"kind":"scroll","url":"http://localhost:3000/","viewport":{"width":1280,"height":585},"payload":{"scrollX":0,"scrollY":2501.333251953125,"documentHeight":5947,"viewportHeight":585}}
[2026-09-24T15:17:47.599Z] {"timestamp":1790263065551,"kind":"scroll","url":"http://localhost:3000/","viewport":{"width":1280,"height":585},"payload":{"scrollX":0,"scrollY":2698.666748046875,"documentHeight":5947,"viewportHeight":585}}
[2026-09-24T15:17:47.599Z] {"timestamp":1790263066359,"kind":"focusin","url":"http://localhost:3000/","viewport":{"width":1280,"height":585},"payload":{"target":{"tag":"button","id":null,"name":null,"type":null,"role":null,"ariaLabel":null,"testId":null,"dataLoc":"client/src/pages/Home.tsx:293","href":null,"text":"02 Torre de Amostra Grátis","selectorHint":"[data-loc=\"client/src/pages/Home.tsx:293\"]"}}}
[2026-09-24T15:17:47.599Z] {"timestamp":1790263066438,"kind":"click","url":"http://localhost:3000/","viewport":{"width":1280,"height":585},"payload":{"target":{"tag":"button","id":null,"name":null,"type":null,"role":null,"ariaLabel":null,"testId":null,"dataLoc":"client/src/pages/Home.tsx:293","href":null,"text":"02 Torre de Amostra Grátis","selectorHint":"[data-loc=\"client/src/pages/Home.tsx:293\"]"},"x":207,"y":259}}
[2026-09-24T15:17:47.599Z] {"timestamp":1790263067086,"kind":"focusout","url":"http://localhost:3000/","viewport":{"width":1280,"height":585},"payload":{"target":{"tag":"button","id":null,"name":null,"type":null,"role":null,"ariaLabel":null,"testId":null,"dataLoc":"client/src/pages/Home.tsx:293","href":null,"text":"02 Torre de Amostra Grátis","selectorHint":"[data-loc=\"client/src/pages/Home.tsx:293\"]"},"value":null}}
[2026-09-24T15:17:47.599Z] {"timestamp":1790263067158,"kind":"click","url":"http://localhost:3000/","viewport":{"width":1280,"height":585},"payload":{"target":{"tag":"img","id":null,"name":null,"type":null,"role":null,"ariaLabel":null,"testId":null,"dataLoc":"client/src/pages/Home.tsx:382","href":null,"text":"","selectorHint":"[data-loc=\"client/src/pages/Home.tsx:382\"]"},"x":641,"y":257}}
[2026-09-24T15:17:49.601Z] {"timestamp":1790263067952,"kind":"scroll","url":"http://localhost:3000/","viewport":{"width":1280,"height":585},"payload":{"scrollX":0,"scrollY":2501.333251953125,"documentHeight":5947,"viewportHeight":585}}
[2026-09-24T15:17:49.601Z] {"timestamp":1790263068469,"kind":"scroll","url":"http://localhost:3000/","viewport":{"width":1280,"height":585},"payload":{"scrollX":0,"scrollY":3023.333251953125,"documentHeight":5947,"viewportHeight":585}}
[2026-09-24T15:17:49.601Z] {"timestamp":1790263068969,"kind":"scroll","url":"http://localhost:3000/","viewport":{"width":1280,"height":585},"payload":{"scrollX":0,"scrollY":3338,"documentHeight":5947,"viewportHeight":585}}
[2026-09-24T15:17:57.903Z] {"timestamp":1790263076110,"kind":"click","url":"http://localhost:3000/","viewport":{"width":1280,"height":585},"payload":{"target":{"tag":"svg","id":null,"name":null,"type":null,"role":null,"ariaLabel":null,"testId":null,"dataLoc":"client/src/pages/Home.tsx:118","href":null,"text":"","selectorHint":"[data-loc=\"client/src/pages/Home.tsx:118\"]"},"x":978,"y":206}}
[2026-09-24T15:17:57.903Z] {"timestamp":1790263077048,"kind":"click","url":"http://localhost:3000/","viewport":{"width":1280,"height":585},"payload":{"target":{"tag":"div","id":null,"name":null,"type":null,"role":null,"ariaLabel":null,"testId":null,"dataLoc":"client/src/pages/Home.tsx:118","href":null,"text":"","selectorHint":"[data-loc=\"client/src/pages/Home.tsx:118\"]"},"x":692,"y":233}}
[2026-09-24T15:17:59.595Z] {"timestamp":1790263078752,"kind":"scroll","url":"http://localhost:3000/","viewport":{"width":1280,"height":585},"payload":{"scrollX":0,"scrollY":3401.333251953125,"documentHeight":5947,"viewportHeight":585}}
[2026-09-24T15:17:59.596Z] {"timestamp":1790263079473,"kind":"scroll","url":"http://localhost:3000/","viewport":{"width":1280,"height":585},"payload":{"scrollX":0,"scrollY":3701.333251953125,"documentHeight":5947,"viewportHeight":585}}
[2026-09-24T15:18:07.743Z] {"timestamp":1790263087224,"kind":"scroll","url":"http://localhost:3000/","viewport":{"width":1280,"height":585},"payload":{"scrollX":0,"scrollY":3901.333251953125,"documentHeight":5947,"viewportHeight":585}}
[2026-09-24T15:18:09.604Z] {"timestamp":1790263088415,"kind":"scroll","url":"http://localhost:3000/","viewport":{"width":1280,"height":585},"payload":{"scrollX":0,"scrollY":4698.66650390625,"documentHeight":5947,"viewportHeight":585}}
[2026-09-24T15:18:09.604Z] {"timestamp":1790263089144,"kind":"scroll","url":"http://localhost:3000/","viewport":{"width":1280,"height":585},"payload":{"scrollX":0,"scrollY":4202,"documentHeight":5947,"viewportHeight":585}}
[2026-09-24T15:18:11.595Z] {"timestamp":1790263089728,"kind":"scroll","url":"http://localhost:3000/","viewport":{"width":1280,"height":585},"payload":{"scrollX":0,"scrollY":4901.33349609375,"documentHeight":5947,"viewportHeight":585}}
[2026-09-24T15:18:11.595Z] {"timestamp":1790263090254,"kind":"scroll","url":"http://localhost:3000/","viewport":{"width":1280,"height":585},"payload":{"scrollX":0,"scrollY":5276.66650390625,"documentHeight":5947,"viewportHeight":585}}
[2026-09-24T15:18:11.595Z] {"timestamp":1790263090772,"kind":"scroll","url":"http://localhost:3000/","viewport":{"width":1280,"height":585},"payload":{"scrollX":0,"scrollY":5304,"documentHeight":5947,"viewportHeight":585}}
[2026-09-24T15:18:13.593Z] {"timestamp":1790263091973,"kind":"scroll","url":"http://localhost:3000/","viewport":{"width":1280,"height":585},"payload":{"scrollX":0,"scrollY":5260.66650390625,"documentHeight":5947,"viewportHeight":585}}
[2026-09-24T15:18:13.593Z] {"timestamp":1790263093074,"kind":"scroll","url":"http://localhost:3000/","viewport":{"width":1280,"height":585},"payload":{"scrollX":0,"scrollY":5163.33349609375,"documentHeight":5947,"viewportHeight":585}}
[2026-09-24T15:18:15.600Z] {"timestamp":1790263094139,"kind":"scroll","url":"http://localhost:3000/","viewport":{"width":1280,"height":585},"payload":{"scrollX":0,"scrollY":5260.66650390625,"documentHeight":5947,"viewportHeight":585}}
[2026-09-24T15:18:21.596Z] {"timestamp":1790263100058,"kind":"scroll","url":"http://localhost:3000/","viewport":{"width":1280,"height":585},"payload":{"scrollX":0,"scrollY":5163.33349609375,"documentHeight":5947,"viewportHeight":585}}
[2026-09-24T15:18:21.596Z] {"timestamp":1790263100836,"kind":"scroll","url":"http://localhost:3000/","viewport":{"width":1280,"height":585},"payload":{"scrollX":0,"scrollY":5360.66650390625,"documentHeight":5947,"viewportHeight":585}}
[2026-09-24T15:18:23.592Z] {"timestamp":1790263101595,"kind":"scroll","url":"http://localhost:3000/","viewport":{"width":1280,"height":585},"payload":{"scrollX":0,"scrollY":5160.66650390625,"documentHeight":5947,"viewportHeight":585}}
[2026-09-24T15:18:23.592Z] {"timestamp":1790263102095,"kind":"scroll","url":"http://localhost:3000/","viewport":{"width":1280,"height":585},"payload":{"scrollX":0,"scrollY":4955.33349609375,"documentHeight":5947,"viewportHeight":585}}
[2026-09-24T15:18:23.592Z] {"timestamp":1790263102663,"kind":"scroll","url":"http://localhost:3000/","viewport":{"width":1280,"height":585},"payload":{"scrollX":0,"scrollY":4360.66650390625,"documentHeight":5947,"viewportHeight":585}}
[2026-09-24T15:18:23.592Z] {"timestamp":1790263103246,"kind":"scroll","url":"http://localhost:3000/","viewport":{"width":1280,"height":585},"payload":{"scrollX":0,"scrollY":3760.666748046875,"documentHeight":5947,"viewportHeight":585}}
[2026-09-24T15:18:25.607Z] {"timestamp":1790263103878,"kind":"scroll","url":"http://localhost:3000/","viewport":{"width":1280,"height":585},"payload":{"scrollX":0,"scrollY":3260.666748046875,"documentHeight":5947,"viewportHeight":585}}
[2026-09-24T15:18:25.607Z] {"timestamp":1790263104380,"kind":"scroll","url":"http://localhost:3000/","viewport":{"width":1280,"height":585},"payload":{"scrollX":0,"scrollY":2672,"documentHeight":5947,"viewportHeight":585}}
[2026-09-24T15:18:25.607Z] {"timestamp":1790263104913,"kind":"scroll","url":"http://localhost:3000/","viewport":{"width":1280,"height":585},"payload":{"scrollX":0,"scrollY":2360.666748046875,"documentHeight":5947,"viewportHeight":585}}
[2026-09-24T15:18:25.607Z] {"timestamp":1790263105418,"kind":"scroll","url":"http://localhost:3000/","viewport":{"width":1280,"height":585},"payload":{"scrollX":0,"scrollY":1777.3333740234375,"documentHeight":5947,"viewportHeight":585}}
[2026-09-24T15:18:27.594Z] {"timestamp":1790263106064,"kind":"scroll","url":"http://localhost:3000/","viewport":{"width":1280,"height":585},"payload":{"scrollX":0,"scrollY":1560.6666259765625,"documentHeight":5947,"viewportHeight":585}}
[2026-09-24T15:18:27.594Z] {"timestamp":1790263106577,"kind":"scroll","url":"http://localhost:3000/","viewport":{"width":1280,"height":585},"payload":{"scrollX":0,"scrollY":972.6666870117188,"documentHeight":5947,"viewportHeight":585}}
[2026-09-24T15:18:27.594Z] {"timestamp":1790263107270,"kind":"scroll","url":"http://localhost:3000/","viewport":{"width":1280,"height":585},"payload":{"scrollX":0,"scrollY":660.6666870117188,"documentHeight":5947,"viewportHeight":585}}
[2026-09-24T15:18:29.606Z] {"timestamp":1790263107787,"kind":"scroll","url":"http://localhost:3000/","viewport":{"width":1280,"height":585},"payload":{"scrollX":0,"scrollY":336.6666564941406,"documentHeight":5947,"viewportHeight":585}}
[2026-09-24T15:18:29.606Z] {"timestamp":1790263108290,"kind":"scroll","url":"http://localhost:3000/","viewport":{"width":1280,"height":585},"payload":{"scrollX":0,"scrollY":30.66666603088379,"documentHeight":5947,"viewportHeight":585}}
[2026-09-24T15:18:33.600Z] {"timestamp":1790263112819,"kind":"scroll","url":"http://localhost:3000/","viewport":{"width":1280,"height":585},"payload":{"scrollX":0,"scrollY":1.3333333730697632,"documentHeight":5947,"viewportHeight":585}}
[2026-09-24T15:19:07.746Z] {"timestamp":1790263147038,"kind":"scroll","url":"http://localhost:3000/","viewport":{"width":1280,"height":585},"payload":{"scrollX":0,"scrollY":201.3333282470703,"documentHeight":5947,"viewportHeight":585}}
[2026-09-24T15:19:09.594Z] {"timestamp":1790263147540,"kind":"scroll","url":"http://localhost:3000/","viewport":{"width":1280,"height":585},"payload":{"scrollX":0,"scrollY":478,"documentHeight":5947,"viewportHeight":585}}
[2026-09-24T15:19:09.594Z] {"timestamp":1790263148054,"kind":"scroll","url":"http://localhost:3000/","viewport":{"width":1280,"height":585},"payload":{"scrollX":0,"scrollY":891.3333129882812,"documentHeight":5947,"viewportHeight":585}}
[2026-09-24T15:19:09.594Z] {"timestamp":1790263148563,"kind":"scroll","url":"http://localhost:3000/","viewport":{"width":1280,"height":585},"payload":{"scrollX":0,"scrollY":886,"documentHeight":5947,"viewportHeight":585}}
[2026-09-24T17:03:18.551Z] {"timestamp":1790269398058,"kind":"scroll","url":"http://localhost:3000/","viewport":{"width":1280,"height":585},"payload":{"scrollX":0,"scrollY":1.3333333730697632,"documentHeight":3563,"viewportHeight":585}}
[2026-09-24T17:03:20.554Z] {"timestamp":1790269398575,"kind":"scroll","url":"http://localhost:3000/","viewport":{"width":1280,"height":585},"payload":{"scrollX":0,"scrollY":201.3333282470703,"documentHeight":3563,"viewportHeight":585}}
[2026-09-24T17:03:20.554Z] {"timestamp":1790269400107,"kind":"scroll","url":"http://localhost:3000/","viewport":{"width":1280,"height":585},"payload":{"scrollX":0,"scrollY":501.3333435058594,"documentHeight":3563,"viewportHeight":585}}
[2026-09-24T17:03:22.544Z] {"timestamp":1790269401079,"kind":"scroll","url":"http://localhost:3000/","viewport":{"width":1280,"height":585},"payload":{"scrollX":0,"scrollY":701.3333129882812,"documentHeight":3563,"viewportHeight":585}}
[2026-09-24T17:03:22.544Z] {"timestamp":1790269401896,"kind":"scroll","url":"http://localhost:3000/","viewport":{"width":1280,"height":585},"payload":{"scrollX":0,"scrollY":998.6666870117188,"documentHeight":3563,"viewportHeight":585}}
[2026-09-24T17:03:24.538Z] {"timestamp":1790269402780,"kind":"scroll","url":"http://localhost:3000/","viewport":{"width":1280,"height":585},"payload":{"scrollX":0,"scrollY":701.3333129882812,"documentHeight":3563,"viewportHeight":585}}
[2026-09-24T17:03:24.538Z] {"timestamp":1790269403525,"kind":"click","url":"http://localhost:3000/","viewport":{"width":1280,"height":585},"payload":{"target":{"tag":"p","id":null,"name":null,"type":null,"role":null,"ariaLabel":null,"testId":null,"dataLoc":"client/src/pages/Home.tsx:94","href":null,"text":"Sistema 100% automático, atualizado 4x ao dia, distribuído por e-mail e disponív…","selectorHint":"[data-loc=\"client/src/pages/Home.tsx:94\"]"},"x":598,"y":268}}
[2026-09-24T17:03:24.538Z] {"timestamp":1790269404021,"kind":"click","url":"http://localhost:3000/","viewport":{"width":1280,"height":585},"payload":{"target":{"tag":"img","id":null,"name":null,"type":null,"role":null,"ariaLabel":null,"testId":null,"dataLoc":"client/src/pages/Home.tsx:114","href":null,"text":"","selectorHint":"[data-loc=\"client/src/pages/Home.tsx:114\"]"},"x":789,"y":313}}
[2026-09-24T17:03:26.820Z] {"timestamp":1790269404713,"kind":"scroll","url":"http://localhost:3000/","viewport":{"width":1280,"height":585},"payload":{"scrollX":0,"scrollY":901.3333129882812,"documentHeight":3563,"viewportHeight":585}}
[2026-09-24T17:03:26.820Z] {"timestamp":1790269405329,"kind":"scroll","url":"http://localhost:3000/","viewport":{"width":1280,"height":585},"payload":{"scrollX":0,"scrollY":1201.3333740234375,"documentHeight":3563,"viewportHeight":585}}
[2026-09-24T17:03:28.548Z] {"timestamp":1790269406674,"kind":"scroll","url":"http://localhost:3000/","viewport":{"width":1280,"height":585},"payload":{"scrollX":0,"scrollY":1398.6666259765625,"documentHeight":3563,"viewportHeight":585}}
[2026-09-24T17:03:28.548Z] {"timestamp":1790269407180,"kind":"scroll","url":"http://localhost:3000/","viewport":{"width":1280,"height":585},"payload":{"scrollX":0,"scrollY":921.3333129882812,"documentHeight":3563,"viewportHeight":585}}
[2026-09-24T17:03:28.548Z] {"timestamp":1790269408041,"kind":"scroll","url":"http://localhost:3000/","viewport":{"width":1280,"height":585},"payload":{"scrollX":0,"scrollY":802,"documentHeight":3563,"viewportHeight":585}}
[2026-09-24T17:03:32.543Z] {"timestamp":1790269411641,"kind":"scroll","url":"http://localhost:3000/","viewport":{"width":1280,"height":585},"payload":{"scrollX":0,"scrollY":898,"documentHeight":3563,"viewportHeight":585}}
[2026-09-24T17:03:32.544Z] {"timestamp":1790269412258,"kind":"scroll","url":"http://localhost:3000/","viewport":{"width":1280,"height":585},"payload":{"scrollX":0,"scrollY":798,"documentHeight":3563,"viewportHeight":585}}
[2026-09-24T17:03:34.547Z] {"timestamp":1790269412763,"kind":"scroll","url":"http://localhost:3000/","viewport":{"width":1280,"height":585},"payload":{"scrollX":0,"scrollY":430.6666564941406,"documentHeight":3563,"viewportHeight":585}}
[2026-09-24T17:03:34.547Z] {"timestamp":1790269413741,"kind":"scroll","url":"http://localhost:3000/","viewport":{"width":1280,"height":585},"payload":{"scrollX":0,"scrollY":98.66666412353516,"documentHeight":3563,"viewportHeight":585}}
[2026-09-24T17:03:46.685Z] {"timestamp":1790269424891,"kind":"scroll","url":"http://localhost:3000/","viewport":{"width":1280,"height":585},"payload":{"scrollX":0,"scrollY":2,"documentHeight":3563,"viewportHeight":585}}
[2026-09-24T17:03:58.681Z] {"timestamp":1790269437041,"kind":"scroll","url":"http://localhost:3000/","viewport":{"width":1280,"height":585},"payload":{"scrollX":0,"scrollY":201.3333282470703,"documentHeight":3563,"viewportHeight":585}}
[2026-09-24T17:03:58.681Z] {"timestamp":1790269437698,"kind":"scroll","url":"http://localhost:3000/","viewport":{"width":1280,"height":585},"payload":{"scrollX":0,"scrollY":301.3333435058594,"documentHeight":3563,"viewportHeight":585}}
[2026-09-24T17:04:00.542Z] {"timestamp":1790269439498,"kind":"scroll","url":"http://localhost:3000/","viewport":{"width":1280,"height":585},"payload":{"scrollX":0,"scrollY":501.3333435058594,"documentHeight":3563,"viewportHeight":585}}
[2026-09-24T17:04:00.542Z] {"timestamp":1790269440008,"kind":"scroll","url":"http://localhost:3000/","viewport":{"width":1280,"height":585},"payload":{"scrollX":0,"scrollY":746.6666870117188,"documentHeight":3563,"viewportHeight":585}}
[2026-09-24T17:04:02.540Z] {"timestamp":1790269440515,"kind":"scroll","url":"http://localhost:3000/","viewport":{"width":1280,"height":585},"payload":{"scrollX":0,"scrollY":1410,"documentHeight":3563,"viewportHeight":585}}
[2026-09-24T17:04:02.540Z] {"timestamp":1790269441055,"kind":"scroll","url":"http://localhost:3000/","viewport":{"width":1280,"height":585},"payload":{"scrollX":0,"scrollY":1800,"documentHeight":3563,"viewportHeight":585}}
[2026-09-24T17:04:02.540Z] {"timestamp":1790269442009,"kind":"scroll","url":"http://localhost:3000/","viewport":{"width":1280,"height":585},"payload":{"scrollX":0,"scrollY":1998,"documentHeight":3563,"viewportHeight":585}}
[2026-09-24T17:04:04.542Z] {"timestamp":1790269442514,"kind":"scroll","url":"http://localhost:3000/","viewport":{"width":1280,"height":585},"payload":{"scrollX":0,"scrollY":1538.6666259765625,"documentHeight":3563,"viewportHeight":585}}
[2026-09-24T17:04:04.542Z] {"timestamp":1790269443208,"kind":"scroll","url":"http://localhost:3000/","viewport":{"width":1280,"height":585},"payload":{"scrollX":0,"scrollY":1402,"documentHeight":3563,"viewportHeight":585}}
[2026-09-24T17:04:04.542Z] {"timestamp":1790269443808,"kind":"scroll","url":"http://localhost:3000/","viewport":{"width":1280,"height":585},"payload":{"scrollX":0,"scrollY":1602,"documentHeight":3563,"viewportHeight":585}}
[2026-09-24T17:04:04.542Z] {"timestamp":1790269444391,"kind":"scroll","url":"http://localhost:3000/","viewport":{"width":1280,"height":585},"payload":{"scrollX":0,"scrollY":1701.3333740234375,"documentHeight":3563,"viewportHeight":585}}
[2026-09-24T17:04:06.553Z] {"timestamp":1790269445209,"kind":"scroll","url":"http://localhost:3000/","viewport":{"width":1280,"height":585},"payload":{"scrollX":0,"scrollY":1801.3333740234375,"documentHeight":3563,"viewportHeight":585}}
[2026-09-24T17:04:06.553Z] {"timestamp":1790269445725,"kind":"scroll","url":"http://localhost:3000/","viewport":{"width":1280,"height":585},"payload":{"scrollX":0,"scrollY":2001.3333740234375,"documentHeight":3563,"viewportHeight":585}}
[2026-09-24T17:04:08.556Z] {"timestamp":1790269446499,"kind":"scroll","url":"http://localhost:3000/","viewport":{"width":1280,"height":585},"payload":{"scrollX":0,"scrollY":2301.333251953125,"documentHeight":3563,"viewportHeight":585}}
[2026-09-24T17:04:08.556Z] {"timestamp":1790269447141,"kind":"scroll","url":"http://localhost:3000/","viewport":{"width":1280,"height":585},"payload":{"scrollX":0,"scrollY":2501.333251953125,"documentHeight":3563,"viewportHeight":585}}
[2026-09-24T17:04:10.543Z] {"timestamp":1790269448464,"kind":"scroll","url":"http://localhost:3000/","viewport":{"width":1280,"height":585},"payload":{"scrollX":0,"scrollY":2701.333251953125,"documentHeight":3563,"viewportHeight":585}}
[2026-09-24T17:04:10.544Z] {"timestamp":1790269450346,"kind":"scroll","url":"http://localhost:3000/","viewport":{"width":1280,"height":585},"payload":{"scrollX":0,"scrollY":2976.666748046875,"documentHeight":3563,"viewportHeight":585}}
[2026-09-24T17:04:12.548Z] {"timestamp":1790269451040,"kind":"scroll","url":"http://localhost:3000/","viewport":{"width":1280,"height":585},"payload":{"scrollX":0,"scrollY":2276.666748046875,"documentHeight":3563,"viewportHeight":585}}
[2026-09-24T17:04:12.548Z] {"timestamp":1790269451565,"kind":"scroll","url":"http://localhost:3000/","viewport":{"width":1280,"height":585},"payload":{"scrollX":0,"scrollY":1976.6666259765625,"documentHeight":3563,"viewportHeight":585}}
[2026-09-24T17:04:12.548Z] {"timestamp":1790269452081,"kind":"scroll","url":"http://localhost:3000/","viewport":{"width":1280,"height":585},"payload":{"scrollX":0,"scrollY":1396.6666259765625,"documentHeight":3563,"viewportHeight":585}}
[2026-09-24T17:04:14.547Z] {"timestamp":1790269452582,"kind":"scroll","url":"http://localhost:3000/","viewport":{"width":1280,"height":585},"payload":{"scrollX":0,"scrollY":916,"documentHeight":3563,"viewportHeight":585}}
[2026-09-24T17:04:14.547Z] {"timestamp":1790269453097,"kind":"scroll","url":"http://localhost:3000/","viewport":{"width":1280,"height":585},"payload":{"scrollX":0,"scrollY":729.3333129882812,"documentHeight":3563,"viewportHeight":585}}
[2026-09-24T17:04:14.547Z] {"timestamp":1790269453598,"kind":"scroll","url":"http://localhost:3000/","viewport":{"width":1280,"height":585},"payload":{"scrollX":0,"scrollY":796.6666870117188,"documentHeight":3563,"viewportHeight":585}}
[2026-09-24T17:04:14.547Z] {"timestamp":1790269454098,"kind":"scroll","url":"http://localhost:3000/","viewport":{"width":1280,"height":585},"payload":{"scrollX":0,"scrollY":1342,"documentHeight":3563,"viewportHeight":585}}
[2026-09-24T17:04:16.537Z] {"timestamp":1790269454948,"kind":"scroll","url":"http://localhost:3000/","viewport":{"width":1280,"height":585},"payload":{"scrollX":0,"scrollY":1579.3333740234375,"documentHeight":3563,"viewportHeight":585}}
[2026-09-24T17:04:16.537Z] {"timestamp":1790269455559,"kind":"scroll","url":"http://localhost:3000/","viewport":{"width":1280,"height":585},"payload":{"scrollX":0,"scrollY":1879.3333740234375,"documentHeight":3563,"viewportHeight":585}}
[2026-09-24T17:04:16.537Z] {"timestamp":1790269456064,"kind":"scroll","url":"http://localhost:3000/","viewport":{"width":1280,"height":585},"payload":{"scrollX":0,"scrollY":1994,"documentHeight":3563,"viewportHeight":585}}
[2026-09-24T17:04:18.549Z] {"timestamp":1790269456642,"kind":"scroll","url":"http://localhost:3000/","viewport":{"width":1280,"height":585},"payload":{"scrollX":0,"scrollY":2176.666748046875,"documentHeight":3563,"viewportHeight":585}}
[2026-09-24T17:04:18.549Z] {"timestamp":1790269457208,"kind":"scroll","url":"http://localhost:3000/","viewport":{"width":1280,"height":585},"payload":{"scrollX":0,"scrollY":1876,"documentHeight":3563,"viewportHeight":585}}
[2026-09-24T17:04:18.549Z] {"timestamp":1790269457992,"kind":"scroll","url":"http://localhost:3000/","viewport":{"width":1280,"height":585},"payload":{"scrollX":0,"scrollY":1776.6666259765625,"documentHeight":3563,"viewportHeight":585}}
[2026-09-24T17:04:24.545Z] {"timestamp":1790269463409,"kind":"scroll","url":"http://localhost:3000/","viewport":{"width":1280,"height":585},"payload":{"scrollX":0,"scrollY":1576,"documentHeight":3563,"viewportHeight":585}}
[2026-09-24T17:04:24.545Z] {"timestamp":1790269463926,"kind":"scroll","url":"http://localhost:3000/","viewport":{"width":1280,"height":585},"payload":{"scrollX":0,"scrollY":1276.6666259765625,"documentHeight":3563,"viewportHeight":585}}
[2026-09-24T17:04:26.541Z] {"timestamp":1790269464476,"kind":"scroll","url":"http://localhost:3000/","viewport":{"width":1280,"height":585},"payload":{"scrollX":0,"scrollY":976.6666870117188,"documentHeight":3563,"viewportHeight":585}}
[2026-09-24T17:04:26.541Z] {"timestamp":1790269465381,"kind":"scroll","url":"http://localhost:3000/","viewport":{"width":1280,"height":585},"payload":{"scrollX":0,"scrollY":676.6666870117188,"documentHeight":3563,"viewportHeight":585}}
[2026-09-24T17:04:26.541Z] {"timestamp":1790269466142,"kind":"scroll","url":"http://localhost:3000/","viewport":{"width":1280,"height":585},"payload":{"scrollX":0,"scrollY":576.6666870117188,"documentHeight":3563,"viewportHeight":585}}
[2026-09-24T17:04:28.540Z] {"timestamp":1790269466842,"kind":"scroll","url":"http://localhost:3000/","viewport":{"width":1280,"height":585},"payload":{"scrollX":0,"scrollY":376.6666564941406,"documentHeight":3563,"viewportHeight":585}}
[2026-09-24T17:04:28.540Z] {"timestamp":1790269467548,"kind":"scroll","url":"http://localhost:3000/","viewport":{"width":1280,"height":585},"payload":{"scrollX":0,"scrollY":76.66666412353516,"documentHeight":3563,"viewportHeight":585}}
[2026-09-24T17:09:30.547Z] {"timestamp":1790269769205,"kind":"scroll","url":"http://localhost:3000/","viewport":{"width":1280,"height":585},"payload":{"scrollX":0,"scrollY":1.3333333730697632,"documentHeight":5938,"viewportHeight":585}}
[2026-09-24T17:09:30.547Z] {"timestamp":1790269769791,"kind":"scroll","url":"http://localhost:3000/","viewport":{"width":1280,"height":585},"payload":{"scrollX":0,"scrollY":310.6666564941406,"documentHeight":5938,"viewportHeight":585}}
[2026-09-24T17:09:32.545Z] {"timestamp":1790269770588,"kind":"scroll","url":"http://localhost:3000/","viewport":{"width":1280,"height":585},"payload":{"scrollX":0,"scrollY":501.3333435058594,"documentHeight":5938,"viewportHeight":585}}
[2026-09-24T17:09:50.691Z] {"timestamp":1790269788521,"kind":"scroll","url":"http://localhost:3000/","viewport":{"width":1280,"height":585},"payload":{"scrollX":0,"scrollY":601.3333129882812,"documentHeight":5938,"viewportHeight":585}}
[2026-09-24T17:09:50.691Z] {"timestamp":1790269789154,"kind":"scroll","url":"http://localhost:3000/","viewport":{"width":1280,"height":585},"payload":{"scrollX":0,"scrollY":801.3333129882812,"documentHeight":5938,"viewportHeight":585}}
[2026-09-24T17:09:50.691Z] {"timestamp":1790269789704,"kind":"scroll","url":"http://localhost:3000/","viewport":{"width":1280,"height":585},"payload":{"scrollX":0,"scrollY":901.3333129882812,"documentHeight":5938,"viewportHeight":585}}
[2026-09-24T17:09:52.547Z] {"timestamp":1790269791804,"kind":"scroll","url":"http://localhost:3000/","viewport":{"width":1280,"height":585},"payload":{"scrollX":0,"scrollY":1201.3333740234375,"documentHeight":5938,"viewportHeight":585}}
[2026-09-24T17:10:18.679Z] {"timestamp":1790269816640,"kind":"scroll","url":"http://localhost:3000/","viewport":{"width":1280,"height":585},"payload":{"scrollX":0,"scrollY":1401.3333740234375,"documentHeight":5938,"viewportHeight":585}}
[2026-09-24T17:10:18.679Z] {"timestamp":1790269817156,"kind":"scroll","url":"http://localhost:3000/","viewport":{"width":1280,"height":585},"payload":{"scrollX":0,"scrollY":1896,"documentHeight":5938,"viewportHeight":585}}
[2026-09-24T17:10:30.691Z] {"timestamp":1790269828755,"kind":"scroll","url":"http://localhost:3000/","viewport":{"width":1280,"height":585},"payload":{"scrollX":0,"scrollY":1901.3333740234375,"documentHeight":5938,"viewportHeight":585}}
[2026-09-24T17:10:30.691Z] {"timestamp":1790269829265,"kind":"scroll","url":"http://localhost:3000/","viewport":{"width":1280,"height":585},"payload":{"scrollX":0,"scrollY":2102,"documentHeight":5938,"viewportHeight":585}}
[2026-09-24T17:10:30.691Z] {"timestamp":1790269829872,"kind":"scroll","url":"http://localhost:3000/","viewport":{"width":1280,"height":585},"payload":{"scrollX":0,"scrollY":2301.333251953125,"documentHeight":5938,"viewportHeight":585}}
[2026-09-24T17:10:30.691Z] {"timestamp":1790269830372,"kind":"scroll","url":"http://localhost:3000/","viewport":{"width":1280,"height":585},"payload":{"scrollX":0,"scrollY":2517.333251953125,"documentHeight":5938,"viewportHeight":585}}
[2026-09-24T17:10:32.541Z] {"timestamp":1790269831082,"kind":"scroll","url":"http://localhost:3000/","viewport":{"width":1280,"height":585},"payload":{"scrollX":0,"scrollY":3001.333251953125,"documentHeight":5938,"viewportHeight":585}}
[2026-09-24T17:10:32.541Z] {"timestamp":1790269831822,"kind":"scroll","url":"http://localhost:3000/","viewport":{"width":1280,"height":585},"payload":{"scrollX":0,"scrollY":3198.666748046875,"documentHeight":5938,"viewportHeight":585}}
[2026-09-24T17:10:34.547Z] {"timestamp":1790269832630,"kind":"click","url":"http://localhost:3000/","viewport":{"width":1280,"height":585},"payload":{"target":{"tag":"div","id":null,"name":null,"type":null,"role":null,"ariaLabel":null,"testId":null,"dataLoc":"client/src/pages/Home.tsx:357","href":null,"text":"LEITURA PRINCIPAL Antecipar o atraso antes que ele vire problema.","selectorHint":"[data-loc=\"client/src/pages/Home.tsx:357\"]"},"x":767,"y":322}}
[2026-09-24T17:10:34.547Z] {"timestamp":1790269833709,"kind":"click","url":"http://localhost:3000/","viewport":{"width":1280,"height":585},"payload":{"target":{"tag":"img","id":null,"name":null,"type":null,"role":null,"ariaLabel":null,"testId":null,"dataLoc":"client/src/pages/Home.tsx:393","href":null,"text":"","selectorHint":"[data-loc=\"client/src/pages/Home.tsx:393\"]"},"x":767,"y":322}}
[2026-09-24T17:10:38.548Z] {"timestamp":1790269837488,"kind":"scroll","url":"http://localhost:3000/","viewport":{"width":1280,"height":585},"payload":{"scrollX":0,"scrollY":2601.333251953125,"documentHeight":5938,"viewportHeight":585}}
[2026-09-24T17:10:38.548Z] {"timestamp":1790269838005,"kind":"scroll","url":"http://localhost:3000/","viewport":{"width":1280,"height":585},"payload":{"scrollX":0,"scrollY":2801.333251953125,"documentHeight":5938,"viewportHeight":585}}
[2026-09-24T17:10:40.545Z] {"timestamp":1790269838805,"kind":"scroll","url":"http://localhost:3000/","viewport":{"width":1280,"height":585},"payload":{"scrollX":0,"scrollY":3301.333251953125,"documentHeight":5938,"viewportHeight":585}}
[2026-09-24T17:10:40.545Z] {"timestamp":1790269839382,"kind":"scroll","url":"http://localhost:3000/","viewport":{"width":1280,"height":585},"payload":{"scrollX":0,"scrollY":3701.333251953125,"documentHeight":5938,"viewportHeight":585}}
[2026-09-24T17:10:42.546Z] {"timestamp":1790269840838,"kind":"scroll","url":"http://localhost:3000/","viewport":{"width":1280,"height":585},"payload":{"scrollX":0,"scrollY":3901.333251953125,"documentHeight":5938,"viewportHeight":585}}
[2026-09-24T17:10:42.546Z] {"timestamp":1790269841343,"kind":"scroll","url":"http://localhost:3000/","viewport":{"width":1280,"height":585},"payload":{"scrollX":0,"scrollY":4294.66650390625,"documentHeight":5938,"viewportHeight":585}}
[2026-09-24T17:10:42.546Z] {"timestamp":1790269841851,"kind":"scroll","url":"http://localhost:3000/","viewport":{"width":1280,"height":585},"payload":{"scrollX":0,"scrollY":4579.33349609375,"documentHeight":5938,"viewportHeight":585}}
[2026-09-24T17:10:44.538Z] {"timestamp":1790269843102,"kind":"scroll","url":"http://localhost:3000/","viewport":{"width":1280,"height":585},"payload":{"scrollX":0,"scrollY":5198.66650390625,"documentHeight":5938,"viewportHeight":585}}
[2026-09-24T17:10:44.538Z] {"timestamp":1790269843615,"kind":"scroll","url":"http://localhost:3000/","viewport":{"width":1280,"height":585},"payload":{"scrollX":0,"scrollY":4498.66650390625,"documentHeight":5938,"viewportHeight":585}}
[2026-09-24T17:10:44.538Z] {"timestamp":1790269844215,"kind":"scroll","url":"http://localhost:3000/","viewport":{"width":1280,"height":585},"payload":{"scrollX":0,"scrollY":3698.666748046875,"documentHeight":5938,"viewportHeight":585}}
[2026-09-24T17:10:46.542Z] {"timestamp":1790269844723,"kind":"scroll","url":"http://localhost:3000/","viewport":{"width":1280,"height":585},"payload":{"scrollX":0,"scrollY":2978,"documentHeight":5938,"viewportHeight":585}}
[2026-09-24T17:10:46.542Z] {"timestamp":1790269845237,"kind":"scroll","url":"http://localhost:3000/","viewport":{"width":1280,"height":585},"payload":{"scrollX":0,"scrollY":2936.666748046875,"documentHeight":5938,"viewportHeight":585}}
[2026-09-24T17:10:52.826Z] {"timestamp":1790269851705,"kind":"scroll","url":"http://localhost:3000/","viewport":{"width":1280,"height":585},"payload":{"scrollX":0,"scrollY":3198.666748046875,"documentHeight":5938,"viewportHeight":585}}
[2026-09-24T17:10:52.826Z] {"timestamp":1790269852282,"kind":"scroll","url":"http://localhost:3000/","viewport":{"width":1280,"height":585},"payload":{"scrollX":0,"scrollY":2598.666748046875,"documentHeight":5938,"viewportHeight":585}}
[2026-09-24T17:10:54.549Z] {"timestamp":1790269852789,"kind":"scroll","url":"http://localhost:3000/","viewport":{"width":1280,"height":585},"payload":{"scrollX":0,"scrollY":2082.666748046875,"documentHeight":5938,"viewportHeight":585}}
[2026-09-24T17:10:54.549Z] {"timestamp":1790269853289,"kind":"scroll","url":"http://localhost:3000/","viewport":{"width":1280,"height":585},"payload":{"scrollX":0,"scrollY":2130,"documentHeight":5938,"viewportHeight":585}}
[2026-09-24T17:14:15.535Z] {"timestamp":1790270054046,"kind":"scroll","url":"http://localhost:3000/","viewport":{"width":1280,"height":585},"payload":{"scrollX":0,"scrollY":2300,"documentHeight":6787,"viewportHeight":585}}
[2026-09-24T17:14:19.522Z] {"timestamp":1790270057739,"kind":"scroll","url":"http://localhost:3000/","viewport":{"width":1280,"height":585},"payload":{"scrollX":0,"scrollY":2298.666748046875,"documentHeight":7172,"viewportHeight":585}}
[2026-09-24T17:14:19.522Z] {"timestamp":1790270058363,"kind":"scroll","url":"http://localhost:3000/","viewport":{"width":1280,"height":585},"payload":{"scrollX":0,"scrollY":2001.3333740234375,"documentHeight":7172,"viewportHeight":585}}
[2026-09-24T17:14:19.522Z] {"timestamp":1790270058880,"kind":"scroll","url":"http://localhost:3000/","viewport":{"width":1280,"height":585},"payload":{"scrollX":0,"scrollY":2500,"documentHeight":7172,"viewportHeight":585}}
[2026-09-24T17:14:21.528Z] {"timestamp":1790270059461,"kind":"scroll","url":"http://localhost:3000/","viewport":{"width":1280,"height":585},"payload":{"scrollX":0,"scrollY":2801.333251953125,"documentHeight":7172,"viewportHeight":585}}
[2026-09-24T17:14:21.528Z] {"timestamp":1790270059962,"kind":"scroll","url":"http://localhost:3000/","viewport":{"width":1280,"height":585},"payload":{"scrollX":0,"scrollY":3290.666748046875,"documentHeight":7172,"viewportHeight":585}}
[2026-09-24T17:14:21.528Z] {"timestamp":1790270060484,"kind":"scroll","url":"http://localhost:3000/","viewport":{"width":1280,"height":585},"payload":{"scrollX":0,"scrollY":3406,"documentHeight":7172,"viewportHeight":585}}
[2026-09-24T17:14:23.520Z] {"timestamp":1790270061927,"kind":"scroll","url":"http://localhost:3000/","viewport":{"width":1280,"height":585},"payload":{"scrollX":0,"scrollY":3501.333251953125,"documentHeight":7172,"viewportHeight":585}}
[2026-09-24T17:14:23.520Z] {"timestamp":1790270062434,"kind":"scroll","url":"http://localhost:3000/","viewport":{"width":1280,"height":585},"payload":{"scrollX":0,"scrollY":3842.666748046875,"documentHeight":7172,"viewportHeight":585}}
[2026-09-24T17:14:23.520Z] {"timestamp":1790270063203,"kind":"scroll","url":"http://localhost:3000/","viewport":{"width":1280,"height":585},"payload":{"scrollX":0,"scrollY":4401.33349609375,"documentHeight":7172,"viewportHeight":585}}
[2026-09-24T17:14:25.520Z] {"timestamp":1790270063711,"kind":"scroll","url":"http://localhost:3000/","viewport":{"width":1280,"height":585},"payload":{"scrollX":0,"scrollY":4305.33349609375,"documentHeight":7172,"viewportHeight":585}}
[2026-09-24T17:14:25.520Z] {"timestamp":1790270064217,"kind":"scroll","url":"http://localhost:3000/","viewport":{"width":1280,"height":585},"payload":{"scrollX":0,"scrollY":3912.666748046875,"documentHeight":7172,"viewportHeight":585}}
[2026-09-24T17:14:25.520Z] {"timestamp":1790270065011,"kind":"scroll","url":"http://localhost:3000/","viewport":{"width":1280,"height":585},"payload":{"scrollX":0,"scrollY":3398.666748046875,"documentHeight":7172,"viewportHeight":585}}
[2026-09-24T17:14:27.837Z] {"timestamp":1790270066010,"kind":"scroll","url":"http://localhost:3000/","viewport":{"width":1280,"height":585},"payload":{"scrollX":0,"scrollY":3198.666748046875,"documentHeight":7172,"viewportHeight":585}}
[2026-09-24T17:14:27.837Z] {"timestamp":1790270066513,"kind":"scroll","url":"http://localhost:3000/","viewport":{"width":1280,"height":585},"payload":{"scrollX":0,"scrollY":2876,"documentHeight":7172,"viewportHeight":585}}
[2026-09-24T17:14:27.837Z] {"timestamp":1790270067028,"kind":"scroll","url":"http://localhost:3000/","viewport":{"width":1280,"height":585},"payload":{"scrollX":0,"scrollY":3001.333251953125,"documentHeight":7172,"viewportHeight":585}}
[2026-09-24T17:14:29.526Z] {"timestamp":1790270067528,"kind":"scroll","url":"http://localhost:3000/","viewport":{"width":1280,"height":585},"payload":{"scrollX":0,"scrollY":3294,"documentHeight":7172,"viewportHeight":585}}
[2026-09-24T17:14:29.526Z] {"timestamp":1790270068046,"kind":"scroll","url":"http://localhost:3000/","viewport":{"width":1280,"height":585},"payload":{"scrollX":0,"scrollY":2800,"documentHeight":7172,"viewportHeight":585}}
[2026-09-24T17:14:29.526Z] {"timestamp":1790270068561,"kind":"scroll","url":"http://localhost:3000/","viewport":{"width":1280,"height":585},"payload":{"scrollX":0,"scrollY":2258.666748046875,"documentHeight":7172,"viewportHeight":585}}
[2026-09-24T17:14:31.526Z] {"timestamp":1790270069520,"kind":"scroll","url":"http://localhost:3000/","viewport":{"width":1280,"height":585},"payload":{"scrollX":0,"scrollY":1801.3333740234375,"documentHeight":7172,"viewportHeight":585}}
[2026-09-24T17:14:31.526Z] {"timestamp":1790270070348,"kind":"scroll","url":"http://localhost:3000/","viewport":{"width":1280,"height":585},"payload":{"scrollX":0,"scrollY":2101.333251953125,"documentHeight":7172,"viewportHeight":585}}
[2026-09-24T17:14:31.526Z] {"timestamp":1790270070860,"kind":"scroll","url":"http://localhost:3000/","viewport":{"width":1280,"height":585},"payload":{"scrollX":0,"scrollY":2500,"documentHeight":7172,"viewportHeight":585}}
[2026-09-24T17:14:33.521Z] {"timestamp":1790270071463,"kind":"scroll","url":"http://localhost:3000/","viewport":{"width":1280,"height":585},"payload":{"scrollX":0,"scrollY":2501.333251953125,"documentHeight":7172,"viewportHeight":585}}
[2026-09-24T17:14:33.521Z] {"timestamp":1790270072099,"kind":"scroll","url":"http://localhost:3000/","viewport":{"width":1280,"height":585},"payload":{"scrollX":0,"scrollY":2698.666748046875,"documentHeight":7172,"viewportHeight":585}}
[2026-09-24T17:14:33.521Z] {"timestamp":1790270072703,"kind":"scroll","url":"http://localhost:3000/","viewport":{"width":1280,"height":585},"payload":{"scrollX":0,"scrollY":2298.666748046875,"documentHeight":7172,"viewportHeight":585}}
[2026-09-24T17:14:37.526Z] {"timestamp":1790270075862,"kind":"click","url":"http://localhost:3000/","viewport":{"width":1280,"height":585},"payload":{"target":{"tag":"img","id":null,"name":null,"type":null,"role":null,"ariaLabel":null,"testId":null,"dataLoc":"client/src/pages/Home.tsx:241","href":null,"text":"","selectorHint":"[data-loc=\"client/src/pages/Home.tsx:241\"]"},"x":488,"y":448}}
[2026-09-24T17:15:41.663Z] {"timestamp":1790270140045,"kind":"scroll","url":"http://localhost:3000/","viewport":{"width":1280,"height":585},"payload":{"scrollX":0,"scrollY":1998.6666259765625,"documentHeight":7172,"viewportHeight":585}}
[2026-09-24T17:15:41.663Z] {"timestamp":1790270140563,"kind":"scroll","url":"http://localhost:3000/","viewport":{"width":1280,"height":585},"payload":{"scrollX":0,"scrollY":2087.333251953125,"documentHeight":7172,"viewportHeight":585}}
[2026-09-24T17:15:41.663Z] {"timestamp":1790270141063,"kind":"scroll","url":"http://localhost:3000/","viewport":{"width":1280,"height":585},"payload":{"scrollX":0,"scrollY":2434,"documentHeight":7172,"viewportHeight":585}}
[2026-09-24T17:15:43.523Z] {"timestamp":1790270141796,"kind":"scroll","url":"http://localhost:3000/","viewport":{"width":1280,"height":585},"payload":{"scrollX":0,"scrollY":2801.333251953125,"documentHeight":7172,"viewportHeight":585}}
[2026-09-24T17:15:43.523Z] {"timestamp":1790270142413,"kind":"scroll","url":"http://localhost:3000/","viewport":{"width":1280,"height":585},"payload":{"scrollX":0,"scrollY":2901.333251953125,"documentHeight":7172,"viewportHeight":585}}
[2026-09-24T17:15:43.523Z] {"timestamp":1790270143246,"kind":"scroll","url":"http://localhost:3000/","viewport":{"width":1280,"height":585},"payload":{"scrollX":0,"scrollY":3298.666748046875,"documentHeight":7172,"viewportHeight":585}}
[2026-09-24T17:15:45.527Z] {"timestamp":1790270144146,"kind":"scroll","url":"http://localhost:3000/","viewport":{"width":1280,"height":585},"payload":{"scrollX":0,"scrollY":2698.666748046875,"documentHeight":7172,"viewportHeight":585}}
[2026-09-24T17:15:45.527Z] {"timestamp":1790270144729,"kind":"scroll","url":"http://localhost:3000/","viewport":{"width":1280,"height":585},"payload":{"scrollX":0,"scrollY":2498.666748046875,"documentHeight":7172,"viewportHeight":585}}
[2026-09-24T17:17:33.066Z] {"timestamp":1790270251445,"kind":"keydown","url":"http://localhost:3000/","viewport":{"width":1280,"height":585},"payload":{"key":"[REDACTED]","target":{"tag":"body","id":null,"name":null,"type":null,"role":null,"ariaLabel":null,"testId":null,"dataLoc":null,"href":null,"text":"window.__MANUS_HOST_DEV__ = true; (function(){\"use strict\";var Mr={exports:{}},K…","selectorHint":"body"}}}
[2026-09-24T17:17:33.066Z] {"timestamp":1790270251528,"kind":"keydown","url":"http://localhost:3000/","viewport":{"width":1280,"height":585},"payload":{"key":"[REDACTED]","target":{"tag":"body","id":null,"name":null,"type":null,"role":null,"ariaLabel":null,"testId":null,"dataLoc":null,"href":null,"text":"window.__MANUS_HOST_DEV__ = true; (function(){\"use strict\";var Mr={exports:{}},K…","selectorHint":"body"}}}
[2026-09-24T17:20:41.794Z] {"timestamp":1790270440618,"kind":"scroll","url":"http://localhost:3000/","viewport":{"width":1280,"height":585},"payload":{"scrollX":0,"scrollY":1.3333333730697632,"documentHeight":8279,"viewportHeight":585}}
[2026-09-24T17:20:41.794Z] {"timestamp":1790270441121,"kind":"scroll","url":"http://localhost:3000/","viewport":{"width":1280,"height":585},"payload":{"scrollX":0,"scrollY":339.3333435058594,"documentHeight":8279,"viewportHeight":585}}
[2026-09-24T17:20:43.812Z] {"timestamp":1790270441845,"kind":"scroll","url":"http://localhost:3000/","viewport":{"width":1280,"height":585},"payload":{"scrollX":0,"scrollY":501.3333435058594,"documentHeight":8279,"viewportHeight":585}}
[2026-09-24T17:20:43.812Z] {"timestamp":1790270442684,"kind":"scroll","url":"http://localhost:3000/","viewport":{"width":1280,"height":585},"payload":{"scrollX":0,"scrollY":701.3333129882812,"documentHeight":8279,"viewportHeight":585}}
[2026-09-24T17:20:43.812Z] {"timestamp":1790270443186,"kind":"scroll","url":"http://localhost:3000/","viewport":{"width":1280,"height":585},"payload":{"scrollX":0,"scrollY":1127.3333740234375,"documentHeight":8279,"viewportHeight":585}}
[2026-09-24T17:20:43.812Z] {"timestamp":1790270443706,"kind":"scroll","url":"http://localhost:3000/","viewport":{"width":1280,"height":585},"payload":{"scrollX":0,"scrollY":1500,"documentHeight":8279,"viewportHeight":585}}
[2026-09-24T17:20:45.813Z] {"timestamp":1790270445537,"kind":"scroll","url":"http://localhost:3000/","viewport":{"width":1280,"height":585},"payload":{"scrollX":0,"scrollY":1501.3333740234375,"documentHeight":8279,"viewportHeight":585}}
[2026-09-24T17:20:47.804Z] {"timestamp":1790270446319,"kind":"scroll","url":"http://localhost:3000/","viewport":{"width":1280,"height":585},"payload":{"scrollX":0,"scrollY":2100,"documentHeight":8279,"viewportHeight":585}}
[2026-09-24T17:20:47.805Z] {"timestamp":1790270447644,"kind":"scroll","url":"http://localhost:3000/","viewport":{"width":1280,"height":585},"payload":{"scrollX":0,"scrollY":2600,"documentHeight":8279,"viewportHeight":585}}
[2026-09-24T17:20:49.796Z] {"timestamp":1790270448335,"kind":"scroll","url":"http://localhost:3000/","viewport":{"width":1280,"height":585},"payload":{"scrollX":0,"scrollY":2598.666748046875,"documentHeight":8279,"viewportHeight":585}}
[2026-09-24T17:20:49.796Z] {"timestamp":1790270448835,"kind":"scroll","url":"http://localhost:3000/","viewport":{"width":1280,"height":585},"payload":{"scrollX":0,"scrollY":2127.333251953125,"documentHeight":8279,"viewportHeight":585}}
[2026-09-24T17:20:49.796Z] {"timestamp":1790270449615,"kind":"click","url":"http://localhost:3000/","viewport":{"width":1280,"height":585},"payload":{"target":{"tag":"div","id":null,"name":null,"type":null,"role":null,"ariaLabel":null,"testId":null,"dataLoc":"client/src/pages/Home.tsx:307","href":null,"text":"","selectorHint":"[data-loc=\"client/src/pages/Home.tsx:307\"]"},"x":404,"y":483}}
[2026-09-24T17:20:51.792Z] {"timestamp":1790270450569,"kind":"scroll","url":"http://localhost:3000/","viewport":{"width":1280,"height":585},"payload":{"scrollX":0,"scrollY":2101.333251953125,"documentHeight":8279,"viewportHeight":585}}
[2026-09-24T17:20:53.797Z] {"timestamp":1790270451803,"kind":"scroll","url":"http://localhost:3000/","viewport":{"width":1280,"height":585},"payload":{"scrollX":0,"scrollY":2201.333251953125,"documentHeight":8279,"viewportHeight":585}}
[2026-09-24T17:20:53.797Z] {"timestamp":1790270452303,"kind":"scroll","url":"http://localhost:3000/","viewport":{"width":1280,"height":585},"payload":{"scrollX":0,"scrollY":2647.333251953125,"documentHeight":8279,"viewportHeight":585}}
[2026-09-24T17:20:53.797Z] {"timestamp":1790270452934,"kind":"scroll","url":"http://localhost:3000/","viewport":{"width":1280,"height":585},"payload":{"scrollX":0,"scrollY":3001.333251953125,"documentHeight":8279,"viewportHeight":585}}
[2026-09-24T17:20:55.803Z] {"timestamp":1790270453722,"kind":"scroll","url":"http://localhost:3000/","viewport":{"width":1280,"height":585},"payload":{"scrollX":0,"scrollY":3401.333251953125,"documentHeight":8279,"viewportHeight":585}}
[2026-09-24T17:20:55.803Z] {"timestamp":1790270454234,"kind":"scroll","url":"http://localhost:3000/","viewport":{"width":1280,"height":585},"payload":{"scrollX":0,"scrollY":3848,"documentHeight":8279,"viewportHeight":585}}
[2026-09-24T17:20:55.803Z] {"timestamp":1790270454739,"kind":"scroll","url":"http://localhost:3000/","viewport":{"width":1280,"height":585},"payload":{"scrollX":0,"scrollY":4144.66650390625,"documentHeight":8279,"viewportHeight":585}}
[2026-09-24T17:20:55.803Z] {"timestamp":1790270455403,"kind":"scroll","url":"http://localhost:3000/","viewport":{"width":1280,"height":585},"payload":{"scrollX":0,"scrollY":4298.66650390625,"documentHeight":8279,"viewportHeight":585}}
[2026-09-24T17:20:57.793Z] {"timestamp":1790270455920,"kind":"scroll","url":"http://localhost:3000/","viewport":{"width":1280,"height":585},"payload":{"scrollX":0,"scrollY":3906,"documentHeight":8279,"viewportHeight":585}}
[2026-09-24T17:20:57.793Z] {"timestamp":1790270456350,"kind":"click","url":"http://localhost:3000/","viewport":{"width":1280,"height":585},"payload":{"target":{"tag":"div","id":null,"name":null,"type":null,"role":null,"ariaLabel":null,"testId":null,"dataLoc":"client/src/pages/Home.tsx:431","href":null,"text":"","selectorHint":"[data-loc=\"client/src/pages/Home.tsx:431\"]"},"x":850,"y":419}}
[2026-09-24T17:20:59.796Z] {"timestamp":1790270457750,"kind":"click","url":"http://localhost:3000/","viewport":{"width":1280,"height":585},"payload":{"target":{"tag":"div","id":null,"name":null,"type":null,"role":null,"ariaLabel":null,"testId":null,"dataLoc":"client/src/pages/Home.tsx:460","href":null,"text":"Entregues 860 mil+ cx","selectorHint":"[data-loc=\"client/src/pages/Home.tsx:460\"]"},"x":854,"y":415}}
[2026-09-24T17:20:59.796Z] {"timestamp":1790270458422,"kind":"scroll","url":"http://localhost:3000/","viewport":{"width":1280,"height":585},"payload":{"scrollX":0,"scrollY":3901.333251953125,"documentHeight":8279,"viewportHeight":585}}
[2026-09-24T17:20:59.796Z] {"timestamp":1790270458937,"kind":"scroll","url":"http://localhost:3000/","viewport":{"width":1280,"height":585},"payload":{"scrollX":0,"scrollY":4169.33349609375,"documentHeight":8279,"viewportHeight":585}}
[2026-09-24T17:20:59.796Z] {"timestamp":1790270459450,"kind":"scroll","url":"http://localhost:3000/","viewport":{"width":1280,"height":585},"payload":{"scrollX":0,"scrollY":4416,"documentHeight":8279,"viewportHeight":585}}
[2026-09-24T17:21:01.805Z] {"timestamp":1790270459958,"kind":"scroll","url":"http://localhost:3000/","viewport":{"width":1280,"height":585},"payload":{"scrollX":0,"scrollY":4616.66650390625,"documentHeight":8279,"viewportHeight":585}}
[2026-09-24T17:21:01.805Z] {"timestamp":1790270460465,"kind":"scroll","url":"http://localhost:3000/","viewport":{"width":1280,"height":585},"payload":{"scrollX":0,"scrollY":4974.66650390625,"documentHeight":8279,"viewportHeight":585}}
[2026-09-24T17:21:03.799Z] {"timestamp":1790270462856,"kind":"scroll","url":"http://localhost:3000/","viewport":{"width":1280,"height":585},"payload":{"scrollX":0,"scrollY":5098.66650390625,"documentHeight":8279,"viewportHeight":585}}
[2026-09-24T17:21:03.799Z] {"timestamp":1790270463481,"kind":"click","url":"http://localhost:3000/","viewport":{"width":1280,"height":585},"payload":{"target":{"tag":"p","id":null,"name":null,"type":null,"role":null,"ariaLabel":null,"testId":null,"dataLoc":"client/src/pages/Home.tsx:503","href":null,"text":"Visão imediata de faturados não entregues (FNE). Mapeamento histórico de lotes r…","selectorHint":"[data-loc=\"client/src/pages/Home.tsx:503\"]"},"x":400,"y":459}}
[2026-09-24T17:21:05.811Z] {"timestamp":1790270463919,"kind":"scroll","url":"http://localhost:3000/","viewport":{"width":1280,"height":585},"payload":{"scrollX":0,"scrollY":4898.66650390625,"documentHeight":8279,"viewportHeight":585}}
[2026-09-24T17:21:05.811Z] {"timestamp":1790270465017,"kind":"scroll","url":"http://localhost:3000/","viewport":{"width":1280,"height":585},"payload":{"scrollX":0,"scrollY":4498.66650390625,"documentHeight":8279,"viewportHeight":585}}
[2026-09-24T17:21:05.811Z] {"timestamp":1790270465601,"kind":"scroll","url":"http://localhost:3000/","viewport":{"width":1280,"height":585},"payload":{"scrollX":0,"scrollY":4298.66650390625,"documentHeight":8279,"viewportHeight":585}}
[2026-09-24T17:21:07.795Z] {"timestamp":1790270467253,"kind":"scroll","url":"http://localhost:3000/","viewport":{"width":1280,"height":585},"payload":{"scrollX":0,"scrollY":4098.66650390625,"documentHeight":8279,"viewportHeight":585}}
[2026-09-24T17:21:09.809Z] {"timestamp":1790270468222,"kind":"scroll","url":"http://localhost:3000/","viewport":{"width":1280,"height":585},"payload":{"scrollX":0,"scrollY":3801.333251953125,"documentHeight":8279,"viewportHeight":585}}
[2026-09-24T17:21:09.809Z] {"timestamp":1790270468944,"kind":"click","url":"http://localhost:3000/","viewport":{"width":1280,"height":585},"payload":{"target":{"tag":"div","id":null,"name":null,"type":null,"role":null,"ariaLabel":null,"testId":null,"dataLoc":"client/src/pages/Home.tsx:431","href":null,"text":"","selectorHint":"[data-loc=\"client/src/pages/Home.tsx:431\"]"},"x":826,"y":392}}
[2026-09-24T17:21:11.798Z] {"timestamp":1790270469750,"kind":"click","url":"http://localhost:3000/","viewport":{"width":1280,"height":585},"payload":{"target":{"tag":"div","id":null,"name":null,"type":null,"role":null,"ariaLabel":null,"testId":null,"dataLoc":"client/src/pages/Home.tsx:465","href":null,"text":"Livre, quarentena, restrito e bloqueado OCT, FNE, reentrega e carro dedicado She…","selectorHint":"[data-loc=\"client/src/pages/Home.tsx:465\"]"},"x":826,"y":392}}
[2026-09-24T17:21:11.798Z] {"timestamp":1790270470336,"kind":"scroll","url":"http://localhost:3000/","viewport":{"width":1280,"height":585},"payload":{"scrollX":0,"scrollY":3998.666748046875,"documentHeight":8279,"viewportHeight":585}}
[2026-09-24T17:21:11.798Z] {"timestamp":1790270471104,"kind":"scroll","url":"http://localhost:3000/","viewport":{"width":1280,"height":585},"payload":{"scrollX":0,"scrollY":3598.666748046875,"documentHeight":8279,"viewportHeight":585}}
[2026-09-24T17:21:13.828Z] {"timestamp":1790270471728,"kind":"scroll","url":"http://localhost:3000/","viewport":{"width":1280,"height":585},"payload":{"scrollX":0,"scrollY":2998.666748046875,"documentHeight":8279,"viewportHeight":585}}
[2026-09-24T17:21:13.828Z] {"timestamp":1790270472237,"kind":"scroll","url":"http://localhost:3000/","viewport":{"width":1280,"height":585},"payload":{"scrollX":0,"scrollY":2300,"documentHeight":8279,"viewportHeight":585}}
[2026-09-24T17:21:13.828Z] {"timestamp":1790270472751,"kind":"scroll","url":"http://localhost:3000/","viewport":{"width":1280,"height":585},"payload":{"scrollX":0,"scrollY":1994,"documentHeight":8279,"viewportHeight":585}}
[2026-09-24T17:21:13.828Z] {"timestamp":1790270473339,"kind":"scroll","url":"http://localhost:3000/","viewport":{"width":1280,"height":585},"payload":{"scrollX":0,"scrollY":1801.3333740234375,"documentHeight":8279,"viewportHeight":585}}
[2026-09-24T17:21:15.831Z] {"timestamp":1790270474303,"kind":"scroll","url":"http://localhost:3000/","viewport":{"width":1280,"height":585},"payload":{"scrollX":0,"scrollY":2101.333251953125,"documentHeight":8279,"viewportHeight":585}}
[2026-09-24T17:21:15.831Z] {"timestamp":1790270474862,"kind":"click","url":"http://localhost:3000/","viewport":{"width":1280,"height":585},"payload":{"target":{"tag":"article","id":null,"name":null,"type":null,"role":null,"ariaLabel":null,"testId":null,"dataLoc":"client/src/pages/Home.tsx:315","href":null,"text":"OPERAÇÃO & VISIBILIDADE NXS / 01 Painel Intercompany VOLTAR Atualizações 04x / d…","selectorHint":"[data-loc=\"client/src/pages/Home.tsx:315\"]"},"x":421,"y":264}}
[2026-09-24T17:21:15.831Z] {"timestamp":1790270475320,"kind":"scroll","url":"http://localhost:3000/","viewport":{"width":1280,"height":585},"payload":{"scrollX":0,"scrollY":2401.333251953125,"documentHeight":8279,"viewportHeight":585}}
[2026-09-24T17:21:17.796Z] {"timestamp":1790270475818,"kind":"scroll","url":"http://localhost:3000/","viewport":{"width":1280,"height":585},"payload":{"scrollX":0,"scrollY":2773.333251953125,"documentHeight":8279,"viewportHeight":585}}
[2026-09-24T17:21:17.796Z] {"timestamp":1790270476383,"kind":"scroll","url":"http://localhost:3000/","viewport":{"width":1280,"height":585},"payload":{"scrollX":0,"scrollY":2598.666748046875,"documentHeight":8279,"viewportHeight":585}}
[2026-09-24T17:21:17.796Z] {"timestamp":1790270476944,"kind":"scroll","url":"http://localhost:3000/","viewport":{"width":1280,"height":585},"payload":{"scrollX":0,"scrollY":2001.3333740234375,"documentHeight":8279,"viewportHeight":585}}
[2026-09-24T17:21:17.796Z] {"timestamp":1790270477478,"kind":"scroll","url":"http://localhost:3000/","viewport":{"width":1280,"height":585},"payload":{"scrollX":0,"scrollY":2801.333251953125,"documentHeight":8279,"viewportHeight":585}}
[2026-09-24T17:21:19.810Z] {"timestamp":1790270478011,"kind":"scroll","url":"http://localhost:3000/","viewport":{"width":1280,"height":585},"payload":{"scrollX":0,"scrollY":3701.333251953125,"documentHeight":8279,"viewportHeight":585}}
[2026-09-24T17:21:19.810Z] {"timestamp":1790270478528,"kind":"scroll","url":"http://localhost:3000/","viewport":{"width":1280,"height":585},"payload":{"scrollX":0,"scrollY":4501.33349609375,"documentHeight":8279,"viewportHeight":585}}
[2026-09-24T17:21:19.810Z] {"timestamp":1790270479113,"kind":"scroll","url":"http://localhost:3000/","viewport":{"width":1280,"height":585},"payload":{"scrollX":0,"scrollY":5301.33349609375,"documentHeight":8279,"viewportHeight":585}}
[2026-09-24T17:21:21.797Z] {"timestamp":1790270480101,"kind":"scroll","url":"http://localhost:3000/","viewport":{"width":1280,"height":585},"payload":{"scrollX":0,"scrollY":6298.66650390625,"documentHeight":8279,"viewportHeight":585}}
[2026-09-24T17:21:21.797Z] {"timestamp":1790270480603,"kind":"scroll","url":"http://localhost:3000/","viewport":{"width":1280,"height":585},"payload":{"scrollX":0,"scrollY":5628.66650390625,"documentHeight":8279,"viewportHeight":585}}
[2026-09-24T17:21:21.797Z] {"timestamp":1790270481245,"kind":"scroll","url":"http://localhost:3000/","viewport":{"width":1280,"height":585},"payload":{"scrollX":0,"scrollY":5198.66650390625,"documentHeight":8279,"viewportHeight":585}}
[2026-09-24T17:21:23.795Z] {"timestamp":1790270481795,"kind":"scroll","url":"http://localhost:3000/","viewport":{"width":1280,"height":585},"payload":{"scrollX":0,"scrollY":4798,"documentHeight":8279,"viewportHeight":585}}
[2026-09-24T17:21:23.795Z] {"timestamp":1790270482309,"kind":"scroll","url":"http://localhost:3000/","viewport":{"width":1280,"height":585},"payload":{"scrollX":0,"scrollY":4107.33349609375,"documentHeight":8279,"viewportHeight":585}}
[2026-09-24T17:21:23.795Z] {"timestamp":1790270482902,"kind":"scroll","url":"http://localhost:3000/","viewport":{"width":1280,"height":585},"payload":{"scrollX":0,"scrollY":3798.666748046875,"documentHeight":8279,"viewportHeight":585}}
[2026-09-24T17:21:23.795Z] {"timestamp":1790270483578,"kind":"scroll","url":"http://localhost:3000/","viewport":{"width":1280,"height":585},"payload":{"scrollX":0,"scrollY":2998.666748046875,"documentHeight":8279,"viewportHeight":585}}
[2026-09-24T17:21:25.797Z] {"timestamp":1790270484089,"kind":"scroll","url":"http://localhost:3000/","viewport":{"width":1280,"height":585},"payload":{"scrollX":0,"scrollY":2200,"documentHeight":8279,"viewportHeight":585}}
[2026-09-24T17:21:25.797Z] {"timestamp":1790270485651,"kind":"scroll","url":"http://localhost:3000/","viewport":{"width":1280,"height":585},"payload":{"scrollX":0,"scrollY":1901.3333740234375,"documentHeight":8279,"viewportHeight":585}}
[2026-09-24T17:21:27.795Z] {"timestamp":1790270486223,"kind":"click","url":"http://localhost:3000/","viewport":{"width":1280,"height":585},"payload":{"target":{"tag":"div","id":null,"name":null,"type":null,"role":null,"ariaLabel":null,"testId":null,"dataLoc":"client/src/pages/Home.tsx:307","href":null,"text":"","selectorHint":"[data-loc=\"client/src/pages/Home.tsx:307\"]"},"x":351,"y":425}}
[2026-09-24T17:21:27.795Z] {"timestamp":1790270487030,"kind":"click","url":"http://localhost:3000/","viewport":{"width":1280,"height":585},"payload":{"target":{"tag":"span","id":null,"name":null,"type":null,"role":null,"ariaLabel":null,"testId":null,"dataLoc":"client/src/pages/Home.tsx:343","href":null,"text":"Negativos: pedido feito sem mercadoria disponível","selectorHint":"[data-loc=\"client/src/pages/Home.tsx:343\"]"},"x":355,"y":423}}
[2026-09-24T17:21:29.807Z] {"timestamp":1790270488454,"kind":"click","url":"http://localhost:3000/","viewport":{"width":1280,"height":585},"payload":{"target":{"tag":"div","id":null,"name":null,"type":null,"role":null,"ariaLabel":null,"testId":null,"dataLoc":"client/src/pages/Home.tsx:352","href":null,"text":"Visão de Estoque Mapeamento completo de paletes livres, itens em quarentena, car…","selectorHint":"[data-loc=\"client/src/pages/Home.tsx:352\"]"},"x":683,"y":171}}
[2026-09-24T17:21:35.800Z] {"timestamp":1790270494032,"kind":"click","url":"http://localhost:3000/","viewport":{"width":1280,"height":585},"payload":{"target":{"tag":"p","id":null,"name":null,"type":null,"role":null,"ariaLabel":null,"testId":null,"dataLoc":"client/src/pages/Home.tsx:359","href":null,"text":"Mapeamento completo de paletes livres, itens em quarentena, cargas disponíveis e…","selectorHint":"[data-loc=\"client/src/pages/Home.tsx:359\"]"},"x":796,"y":325}}
[2026-09-24T17:21:35.800Z] {"timestamp":1790270494886,"kind":"scroll","url":"http://localhost:3000/","viewport":{"width":1280,"height":585},"payload":{"scrollX":0,"scrollY":2198.666748046875,"documentHeight":8279,"viewportHeight":585}}
[2026-09-24T18:22:59.776Z] {"timestamp":1790274178422,"kind":"scroll","url":"http://127.0.0.1:3000/","viewport":{"width":1536,"height":826},"payload":{"scrollX":0,"scrollY":8.800000190734863,"documentHeight":9064,"viewportHeight":826}}
[2026-09-24T18:22:59.776Z] {"timestamp":1790274178989,"kind":"scroll","url":"http://127.0.0.1:3000/","viewport":{"width":1536,"height":826},"payload":{"scrollX":0,"scrollY":668,"documentHeight":9064,"viewportHeight":826}}
[2026-09-24T18:22:59.776Z] {"timestamp":1790274179505,"kind":"scroll","url":"http://127.0.0.1:3000/","viewport":{"width":1536,"height":826},"payload":{"scrollX":0,"scrollY":2132.800048828125,"documentHeight":9064,"viewportHeight":826}}
[2026-09-24T18:22:59.776Z] {"timestamp":1790274180260,"kind":"scroll","url":"http://127.0.0.1:3000/","viewport":{"width":1536,"height":826},"payload":{"scrollX":0,"scrollY":2182.39990234375,"documentHeight":9064,"viewportHeight":826}}
[2026-09-24T18:23:01.779Z] {"timestamp":1790274180788,"kind":"scroll","url":"http://127.0.0.1:3000/","viewport":{"width":1536,"height":826},"payload":{"scrollX":0,"scrollY":2696,"documentHeight":9064,"viewportHeight":826}}
[2026-09-24T18:23:01.779Z] {"timestamp":1790274181336,"kind":"scroll","url":"http://127.0.0.1:3000/","viewport":{"width":1536,"height":826},"payload":{"scrollX":0,"scrollY":2516.800048828125,"documentHeight":9064,"viewportHeight":826}}
[2026-09-24T18:23:01.779Z] {"timestamp":1790274181837,"kind":"scroll","url":"http://127.0.0.1:3000/","viewport":{"width":1536,"height":826},"payload":{"scrollX":0,"scrollY":2316,"documentHeight":9064,"viewportHeight":826}}
[2026-09-24T18:23:03.781Z] {"timestamp":1790274182373,"kind":"scroll","url":"http://127.0.0.1:3000/","viewport":{"width":1536,"height":826},"payload":{"scrollX":0,"scrollY":2310.39990234375,"documentHeight":9064,"viewportHeight":826}}
[2026-09-24T18:23:03.781Z] {"timestamp":1790274182887,"kind":"scroll","url":"http://127.0.0.1:3000/","viewport":{"width":1536,"height":826},"payload":{"scrollX":0,"scrollY":2948,"documentHeight":9064,"viewportHeight":826}}
[2026-09-24T18:23:03.781Z] {"timestamp":1790274183406,"kind":"scroll","url":"http://127.0.0.1:3000/","viewport":{"width":1536,"height":826},"payload":{"scrollX":0,"scrollY":3574.39990234375,"documentHeight":9064,"viewportHeight":826}}
[2026-09-24T18:23:03.781Z] {"timestamp":1790274183923,"kind":"scroll","url":"http://127.0.0.1:3000/","viewport":{"width":1536,"height":826},"payload":{"scrollX":0,"scrollY":4459.2001953125,"documentHeight":9064,"viewportHeight":826}}
[2026-09-24T18:23:05.779Z] {"timestamp":1790274184457,"kind":"scroll","url":"http://127.0.0.1:3000/","viewport":{"width":1536,"height":826},"payload":{"scrollX":0,"scrollY":4632.7998046875,"documentHeight":9064,"viewportHeight":826}}
[2026-09-24T18:23:05.779Z] {"timestamp":1790274184961,"kind":"scroll","url":"http://127.0.0.1:3000/","viewport":{"width":1536,"height":826},"payload":{"scrollX":0,"scrollY":4075.199951171875,"documentHeight":9064,"viewportHeight":826}}
[2026-09-24T18:23:05.779Z] {"timestamp":1790274185989,"kind":"scroll","url":"http://127.0.0.1:3000/","viewport":{"width":1536,"height":826},"payload":{"scrollX":0,"scrollY":4072.800048828125,"documentHeight":9064,"viewportHeight":826}}
[2026-09-24T18:23:07.780Z] {"timestamp":1790274187292,"kind":"click","url":"http://127.0.0.1:3000/","viewport":{"width":1536,"height":826},"payload":{"target":{"tag":"div","id":null,"name":null,"type":null,"role":null,"ariaLabel":null,"testId":null,"dataLoc":"client/src/pages/Home.tsx:431","href":null,"text":"","selectorHint":"[data-loc=\"client/src/pages/Home.tsx:431\"]"},"x":1184,"y":798}}
[2026-09-24T18:23:09.799Z] {"timestamp":1790274188398,"kind":"click","url":"http://127.0.0.1:3000/","viewport":{"width":1536,"height":826},"payload":{"target":{"tag":"span","id":null,"name":null,"type":null,"role":null,"ariaLabel":null,"testId":null,"dataLoc":"client/src/pages/Home.tsx:451","href":null,"text":"Amostra Grátis","selectorHint":"[data-loc=\"client/src/pages/Home.tsx:451\"]"},"x":1122,"y":707}}
[2026-09-24T18:23:09.799Z] {"timestamp":1790274189690,"kind":"scroll","url":"http://127.0.0.1:3000/","viewport":{"width":1536,"height":826},"payload":{"scrollX":0,"scrollY":4058.39990234375,"documentHeight":9064,"viewportHeight":826}}
[2026-09-24T18:23:09.799Z] {"timestamp":1790274190224,"kind":"scroll","url":"http://127.0.0.1:3000/","viewport":{"width":1536,"height":826},"payload":{"scrollX":0,"scrollY":3218.39990234375,"documentHeight":9064,"viewportHeight":826}}
[2026-09-24T18:23:11.763Z] {"timestamp":1790274190756,"kind":"scroll","url":"http://127.0.0.1:3000/","viewport":{"width":1536,"height":826},"payload":{"scrollX":0,"scrollY":2240,"documentHeight":9064,"viewportHeight":826}}
[2026-09-24T18:23:13.773Z] {"timestamp":1790274192444,"kind":"click","url":"http://127.0.0.1:3000/","viewport":{"width":1536,"height":826},"payload":{"target":{"tag":"div","id":null,"name":null,"type":null,"role":null,"ariaLabel":null,"testId":null,"dataLoc":"client/src/pages/Home.tsx:307","href":null,"text":"","selectorHint":"[data-loc=\"client/src/pages/Home.tsx:307\"]"},"x":476,"y":537}}
[2026-09-24T18:23:15.768Z] {"timestamp":1790274195548,"kind":"click","url":"http://127.0.0.1:3000/","viewport":{"width":1536,"height":826},"payload":{"target":{"tag":"span","id":null,"name":null,"type":null,"role":null,"ariaLabel":null,"testId":null,"dataLoc":"client/src/pages/Home.tsx:327","href":null,"text":"Intercompany","selectorHint":"[data-loc=\"client/src/pages/Home.tsx:327\"]"},"x":476,"y":537}}
[2026-09-24T18:28:01.776Z] {"timestamp":1790274482002,"kind":"scroll","url":"http://127.0.0.1:3000/","viewport":{"width":1536,"height":826},"payload":{"scrollX":0,"scrollY":2248,"documentHeight":10010,"viewportHeight":826}}
[2026-09-24T18:28:03.778Z] {"timestamp":1790274482552,"kind":"scroll","url":"http://127.0.0.1:3000/","viewport":{"width":1536,"height":826},"payload":{"scrollX":0,"scrollY":2542.39990234375,"documentHeight":10010,"viewportHeight":826}}
[2026-09-24T18:28:03.778Z] {"timestamp":1790274483067,"kind":"scroll","url":"http://127.0.0.1:3000/","viewport":{"width":1536,"height":826},"payload":{"scrollX":0,"scrollY":3230.39990234375,"documentHeight":10010,"viewportHeight":826}}
[2026-09-24T18:28:03.778Z] {"timestamp":1790274483586,"kind":"scroll","url":"http://127.0.0.1:3000/","viewport":{"width":1536,"height":826},"payload":{"scrollX":0,"scrollY":2214.39990234375,"documentHeight":10010,"viewportHeight":826}}
[2026-09-24T18:28:05.778Z] {"timestamp":1790274485227,"kind":"click","url":"http://127.0.0.1:3000/","viewport":{"width":1536,"height":826},"payload":{"target":{"tag":"div","id":null,"name":null,"type":null,"role":null,"ariaLabel":null,"testId":null,"dataLoc":"client/src/pages/Home.tsx:307","href":null,"text":"","selectorHint":"[data-loc=\"client/src/pages/Home.tsx:307\"]"},"x":500,"y":745}}
[2026-09-24T18:28:05.778Z] {"timestamp":1790274486269,"kind":"click","url":"http://127.0.0.1:3000/","viewport":{"width":1536,"height":826},"payload":{"target":{"tag":"strong","id":null,"name":null,"type":null,"role":null,"ariaLabel":null,"testId":null,"dataLoc":"client/src/pages/Home.tsx:338","href":null,"text":"E-mail + BI","selectorHint":"[data-loc=\"client/src/pages/Home.tsx:338\"]"},"x":500,"y":745}}
[2026-09-24T18:28:10.903Z] {"timestamp":1790274490143,"kind":"scroll","url":"http://127.0.0.1:3000/","viewport":{"width":1536,"height":826},"payload":{"scrollX":0,"scrollY":2064.800048828125,"documentHeight":9654,"viewportHeight":826}}
[2026-09-24T18:28:14.901Z] {"timestamp":1790274493469,"kind":"scroll","url":"http://127.0.0.1:3000/","viewport":{"width":1536,"height":826},"payload":{"scrollX":0,"scrollY":2208.800048828125,"documentHeight":10010,"viewportHeight":826}}
[2026-09-24T18:28:14.901Z] {"timestamp":1790274493970,"kind":"scroll","url":"http://127.0.0.1:3000/","viewport":{"width":1536,"height":826},"payload":{"scrollX":0,"scrollY":2904,"documentHeight":10010,"viewportHeight":826}}
[2026-09-24T18:28:14.901Z] {"timestamp":1790274494501,"kind":"scroll","url":"http://127.0.0.1:3000/","viewport":{"width":1536,"height":826},"payload":{"scrollX":0,"scrollY":4108.7998046875,"documentHeight":10010,"viewportHeight":826}}
[2026-09-24T18:28:14.901Z] {"timestamp":1790274495038,"kind":"scroll","url":"http://127.0.0.1:3000/","viewport":{"width":1536,"height":826},"payload":{"scrollX":0,"scrollY":6877.60009765625,"documentHeight":10010,"viewportHeight":826}}
[2026-09-24T18:28:16.908Z] {"timestamp":1790274495870,"kind":"scroll","url":"http://127.0.0.1:3000/","viewport":{"width":1536,"height":826},"payload":{"scrollX":0,"scrollY":6977.60009765625,"documentHeight":10010,"viewportHeight":826}}
[2026-09-24T18:28:16.908Z] {"timestamp":1790274496407,"kind":"scroll","url":"http://127.0.0.1:3000/","viewport":{"width":1536,"height":826},"payload":{"scrollX":0,"scrollY":5904.7998046875,"documentHeight":10010,"viewportHeight":826}}
[2026-09-24T18:28:16.909Z] {"timestamp":1790274496939,"kind":"scroll","url":"http://127.0.0.1:3000/","viewport":{"width":1536,"height":826},"payload":{"scrollX":0,"scrollY":5661.60009765625,"documentHeight":10010,"viewportHeight":826}}
[2026-09-24T18:28:18.926Z] {"timestamp":1790274497451,"kind":"scroll","url":"http://127.0.0.1:3000/","viewport":{"width":1536,"height":826},"payload":{"scrollX":0,"scrollY":5256,"documentHeight":10010,"viewportHeight":826}}
[2026-09-24T18:28:18.926Z] {"timestamp":1790274497958,"kind":"scroll","url":"http://127.0.0.1:3000/","viewport":{"width":1536,"height":826},"payload":{"scrollX":0,"scrollY":4448.7998046875,"documentHeight":10010,"viewportHeight":826}}
[2026-09-24T18:28:18.926Z] {"timestamp":1790274498469,"kind":"scroll","url":"http://127.0.0.1:3000/","viewport":{"width":1536,"height":826},"payload":{"scrollX":0,"scrollY":4095.199951171875,"documentHeight":10010,"viewportHeight":826}}
[2026-09-24T18:28:18.926Z] {"timestamp":1790274498990,"kind":"scroll","url":"http://127.0.0.1:3000/","viewport":{"width":1536,"height":826},"payload":{"scrollX":0,"scrollY":5012.7998046875,"documentHeight":10010,"viewportHeight":826}}
[2026-09-24T18:28:20.902Z] {"timestamp":1790274499502,"kind":"scroll","url":"http://127.0.0.1:3000/","viewport":{"width":1536,"height":826},"payload":{"scrollX":0,"scrollY":4979.2001953125,"documentHeight":10010,"viewportHeight":826}}
[2026-09-24T18:28:20.902Z] {"timestamp":1790274500002,"kind":"scroll","url":"http://127.0.0.1:3000/","viewport":{"width":1536,"height":826},"payload":{"scrollX":0,"scrollY":4876.7998046875,"documentHeight":10010,"viewportHeight":826}}
[2026-09-24T18:28:20.902Z] {"timestamp":1790274500569,"kind":"scroll","url":"http://127.0.0.1:3000/","viewport":{"width":1536,"height":826},"payload":{"scrollX":0,"scrollY":4111.2001953125,"documentHeight":10010,"viewportHeight":826}}
[2026-09-24T18:28:22.907Z] {"timestamp":1790274501801,"kind":"scroll","url":"http://127.0.0.1:3000/","viewport":{"width":1536,"height":826},"payload":{"scrollX":0,"scrollY":3872,"documentHeight":10010,"viewportHeight":826}}
[2026-09-24T18:28:22.907Z] {"timestamp":1790274502317,"kind":"scroll","url":"http://127.0.0.1:3000/","viewport":{"width":1536,"height":826},"payload":{"scrollX":0,"scrollY":3396.800048828125,"documentHeight":10010,"viewportHeight":826}}
[2026-09-24T18:28:22.907Z] {"timestamp":1790274502837,"kind":"scroll","url":"http://127.0.0.1:3000/","viewport":{"width":1536,"height":826},"payload":{"scrollX":0,"scrollY":2521.60009765625,"documentHeight":10010,"viewportHeight":826}}
[2026-09-24T18:28:22.907Z] {"timestamp":1790274503353,"kind":"scroll","url":"http://127.0.0.1:3000/","viewport":{"width":1536,"height":826},"payload":{"scrollX":0,"scrollY":1137.5999755859375,"documentHeight":10010,"viewportHeight":826}}
[2026-09-24T18:28:24.904Z] {"timestamp":1790274504389,"kind":"scroll","url":"http://127.0.0.1:3000/","viewport":{"width":1536,"height":826},"payload":{"scrollX":0,"scrollY":66.4000015258789,"documentHeight":10010,"viewportHeight":826}}
[2026-09-24T18:28:24.904Z] {"timestamp":1790274504910,"kind":"scroll","url":"http://127.0.0.1:3000/","viewport":{"width":1536,"height":826},"payload":{"scrollX":0,"scrollY":342.3999938964844,"documentHeight":10010,"viewportHeight":826}}
[2026-09-24T18:28:24.904Z] {"timestamp":1790274505422,"kind":"scroll","url":"http://127.0.0.1:3000/","viewport":{"width":1536,"height":826},"payload":{"scrollX":0,"scrollY":1295.199951171875,"documentHeight":10010,"viewportHeight":826}}
[2026-09-24T18:28:26.902Z] {"timestamp":1790274505985,"kind":"scroll","url":"http://127.0.0.1:3000/","viewport":{"width":1536,"height":826},"payload":{"scrollX":0,"scrollY":2664,"documentHeight":10010,"viewportHeight":826}}
[2026-09-24T18:28:26.902Z] {"timestamp":1790274506503,"kind":"scroll","url":"http://127.0.0.1:3000/","viewport":{"width":1536,"height":826},"payload":{"scrollX":0,"scrollY":2636.800048828125,"documentHeight":10010,"viewportHeight":826}}
[2026-09-24T18:30:29.839Z] {"timestamp":1790274628895,"kind":"scroll","url":"http://127.0.0.1:3000/","viewport":{"width":1536,"height":826},"payload":{"scrollX":0,"scrollY":2372,"documentHeight":8759,"viewportHeight":826}}
[2026-09-24T18:30:31.841Z] {"timestamp":1790274632250,"kind":"scroll","url":"http://127.0.0.1:3000/","viewport":{"width":1536,"height":826},"payload":{"scrollX":0,"scrollY":2404.800048828125,"documentHeight":9115,"viewportHeight":826}}
[2026-09-24T18:30:33.812Z] {"timestamp":1790274632784,"kind":"scroll","url":"http://127.0.0.1:3000/","viewport":{"width":1536,"height":826},"payload":{"scrollX":0,"scrollY":2786.39990234375,"documentHeight":9115,"viewportHeight":826}}
[2026-09-24T18:30:33.812Z] {"timestamp":1790274633288,"kind":"scroll","url":"http://127.0.0.1:3000/","viewport":{"width":1536,"height":826},"payload":{"scrollX":0,"scrollY":4503.2001953125,"documentHeight":9115,"viewportHeight":826}}
[2026-09-24T18:30:33.812Z] {"timestamp":1790274633818,"kind":"scroll","url":"http://127.0.0.1:3000/","viewport":{"width":1536,"height":826},"payload":{"scrollX":0,"scrollY":6514.39990234375,"documentHeight":9115,"viewportHeight":826}}
[2026-09-24T18:30:33.812Z] {"timestamp":1790274634321,"kind":"scroll","url":"http://127.0.0.1:3000/","viewport":{"width":1536,"height":826},"payload":{"scrollX":0,"scrollY":8204.7998046875,"documentHeight":9115,"viewportHeight":826}}
[2026-09-24T18:30:35.987Z] {"timestamp":1790274634853,"kind":"scroll","url":"http://127.0.0.1:3000/","viewport":{"width":1536,"height":826},"payload":{"scrollX":0,"scrollY":7719.2001953125,"documentHeight":9115,"viewportHeight":826}}
[2026-09-24T18:30:35.987Z] {"timestamp":1790274635576,"kind":"focusin","url":"http://127.0.0.1:3000/","viewport":{"width":1536,"height":826},"payload":{"target":{"tag":"video","id":null,"name":null,"type":null,"role":null,"ariaLabel":null,"testId":null,"dataLoc":"client/src/pages/Home.tsx:564","href":null,"text":"Seu navegador não suporta a reprodução de vídeos.","selectorHint":"[data-loc=\"client/src/pages/Home.tsx:564\"]"}}}
[2026-09-24T18:30:35.987Z] {"timestamp":1790274635796,"kind":"click","url":"http://127.0.0.1:3000/","viewport":{"width":1536,"height":826},"payload":{"target":{"tag":"video","id":null,"name":null,"type":null,"role":null,"ariaLabel":null,"testId":null,"dataLoc":"client/src/pages/Home.tsx:564","href":null,"text":"Seu navegador não suporta a reprodução de vídeos.","selectorHint":"[data-loc=\"client/src/pages/Home.tsx:564\"]"},"x":627,"y":382}}
[2026-09-24T18:30:37.817Z] {"timestamp":1790274637271,"kind":"click","url":"http://127.0.0.1:3000/","viewport":{"width":1536,"height":826},"payload":{"target":{"tag":"video","id":null,"name":null,"type":null,"role":null,"ariaLabel":null,"testId":null,"dataLoc":"client/src/pages/Home.tsx:564","href":null,"text":"Seu navegador não suporta a reprodução de vídeos.","selectorHint":"[data-loc=\"client/src/pages/Home.tsx:564\"]"},"x":591,"y":418}}
[2026-09-24T18:30:37.817Z] {"timestamp":1790274637800,"kind":"scroll","url":"http://127.0.0.1:3000/","viewport":{"width":1536,"height":826},"payload":{"scrollX":0,"scrollY":7398.39990234375,"documentHeight":9115,"viewportHeight":826}}
[2026-09-24T18:30:37.817Z] {"timestamp":1790274638320,"kind":"scroll","url":"http://127.0.0.1:3000/","viewport":{"width":1536,"height":826},"payload":{"scrollX":0,"scrollY":5787.2001953125,"documentHeight":9115,"viewportHeight":826}}
[2026-09-24T18:30:39.814Z] {"timestamp":1790274638834,"kind":"scroll","url":"http://127.0.0.1:3000/","viewport":{"width":1536,"height":826},"payload":{"scrollX":0,"scrollY":4766.39990234375,"documentHeight":9115,"viewportHeight":826}}
[2026-09-24T18:30:39.814Z] {"timestamp":1790274639351,"kind":"scroll","url":"http://127.0.0.1:3000/","viewport":{"width":1536,"height":826},"payload":{"scrollX":0,"scrollY":2823.199951171875,"documentHeight":9115,"viewportHeight":826}}
[2026-09-24T18:30:39.814Z] {"timestamp":1790274639854,"kind":"scroll","url":"http://127.0.0.1:3000/","viewport":{"width":1536,"height":826},"payload":{"scrollX":0,"scrollY":50.400001525878906,"documentHeight":9115,"viewportHeight":826}}
[2026-09-24T18:30:41.812Z] {"timestamp":1790274640920,"kind":"scroll","url":"http://127.0.0.1:3000/","viewport":{"width":1536,"height":826},"payload":{"scrollX":0,"scrollY":28,"documentHeight":9115,"viewportHeight":826}}
[2026-09-24T18:30:41.812Z] {"timestamp":1790274641469,"kind":"scroll","url":"http://127.0.0.1:3000/","viewport":{"width":1536,"height":826},"payload":{"scrollX":0,"scrollY":496.79998779296875,"documentHeight":9115,"viewportHeight":826}}
[2026-09-24T18:30:41.812Z] {"timestamp":1790274642017,"kind":"scroll","url":"http://127.0.0.1:3000/","viewport":{"width":1536,"height":826},"payload":{"scrollX":0,"scrollY":1120.800048828125,"documentHeight":9115,"viewportHeight":826}}
[2026-09-24T18:30:43.822Z] {"timestamp":1790274642516,"kind":"scroll","url":"http://127.0.0.1:3000/","viewport":{"width":1536,"height":826},"payload":{"scrollX":0,"scrollY":1799.199951171875,"documentHeight":9115,"viewportHeight":826}}
[2026-09-24T18:30:43.822Z] {"timestamp":1790274643017,"kind":"scroll","url":"http://127.0.0.1:3000/","viewport":{"width":1536,"height":826},"payload":{"scrollX":0,"scrollY":1956,"documentHeight":9115,"viewportHeight":826}}
[2026-09-24T18:30:43.822Z] {"timestamp":1790274643533,"kind":"scroll","url":"http://127.0.0.1:3000/","viewport":{"width":1536,"height":826},"payload":{"scrollX":0,"scrollY":2022.4000244140625,"documentHeight":9115,"viewportHeight":826}}
[2026-09-24T18:30:43.822Z] {"timestamp":1790274644033,"kind":"scroll","url":"http://127.0.0.1:3000/","viewport":{"width":1536,"height":826},"payload":{"scrollX":0,"scrollY":2096.800048828125,"documentHeight":9115,"viewportHeight":826}}
[2026-09-24T18:30:45.820Z] {"timestamp":1790274644550,"kind":"scroll","url":"http://127.0.0.1:3000/","viewport":{"width":1536,"height":826},"payload":{"scrollX":0,"scrollY":2223.199951171875,"documentHeight":9115,"viewportHeight":826}}
[2026-09-24T18:30:45.820Z] {"timestamp":1790274645208,"kind":"scroll","url":"http://127.0.0.1:3000/","viewport":{"width":1536,"height":826},"payload":{"scrollX":0,"scrollY":2228.800048828125,"documentHeight":9115,"viewportHeight":826}}
[2026-09-24T18:30:45.820Z] {"timestamp":1790274645903,"kind":"focusout","url":"http://127.0.0.1:3000/","viewport":{"width":1536,"height":826},"payload":{"target":{"tag":"video","id":null,"name":null,"type":null,"role":null,"ariaLabel":null,"testId":null,"dataLoc":"client/src/pages/Home.tsx:564","href":null,"text":"Seu navegador não suporta a reprodução de vídeos.","selectorHint":"[data-loc=\"client/src/pages/Home.tsx:564\"]"},"value":null}}
[2026-09-24T18:30:45.820Z] {"timestamp":1790274646121,"kind":"click","url":"http://127.0.0.1:3000/","viewport":{"width":1536,"height":826},"payload":{"target":{"tag":"div","id":null,"name":null,"type":null,"role":null,"ariaLabel":null,"testId":null,"dataLoc":"client/src/pages/Home.tsx:308","href":null,"text":"","selectorHint":"[data-loc=\"client/src/pages/Home.tsx:308\"]"},"x":579,"y":530}}
[2026-09-24T18:30:47.815Z] {"timestamp":1790274647396,"kind":"click","url":"http://127.0.0.1:3000/","viewport":{"width":1536,"height":826},"payload":{"target":{"tag":"div","id":null,"name":null,"type":null,"role":null,"ariaLabel":null,"testId":null,"dataLoc":"client/src/pages/Home.tsx:327","href":null,"text":"Painel Intercompany VOLTAR","selectorHint":"[data-loc=\"client/src/pages/Home.tsx:327\"]"},"x":579,"y":530}}
[2026-09-24T18:36:18.654Z] {"timestamp":1790274977812,"kind":"scroll","url":"http://127.0.0.1:3000/","viewport":{"width":1536,"height":826},"payload":{"scrollX":0,"scrollY":2228.800048828125,"documentHeight":8759,"viewportHeight":826}}
[2026-09-24T18:36:25.071Z] {"timestamp":1790274984365,"kind":"scroll","url":"http://127.0.0.1:3000/","viewport":{"width":1536,"height":826},"payload":{"scrollX":0,"scrollY":2289.60009765625,"documentHeight":9115,"viewportHeight":826}}
[2026-09-24T18:36:25.071Z] {"timestamp":1790274984898,"kind":"scroll","url":"http://127.0.0.1:3000/","viewport":{"width":1536,"height":826},"payload":{"scrollX":0,"scrollY":2469.60009765625,"documentHeight":9115,"viewportHeight":826}}
[2026-09-24T18:37:15.568Z] {"timestamp":1790275034806,"kind":"scroll","url":"http://127.0.0.1:3000/","viewport":{"width":1536,"height":826},"payload":{"scrollX":0,"scrollY":2292.800048828125,"documentHeight":8759,"viewportHeight":826}}
[2026-09-24T18:37:19.562Z] {"timestamp":1790275038645,"kind":"scroll","url":"http://127.0.0.1:3000/","viewport":{"width":1536,"height":826},"payload":{"scrollX":0,"scrollY":2297.60009765625,"documentHeight":9115,"viewportHeight":826}}
[2026-09-24T18:37:19.562Z] {"timestamp":1790275039147,"kind":"scroll","url":"http://127.0.0.1:3000/","viewport":{"width":1536,"height":826},"payload":{"scrollX":0,"scrollY":2381.60009765625,"documentHeight":9115,"viewportHeight":826}}
[2026-09-24T18:37:49.572Z] {"timestamp":1790275069676,"kind":"scroll","url":"http://127.0.0.1:3000/","viewport":{"width":1536,"height":826},"payload":{"scrollX":0,"scrollY":2319.199951171875,"documentHeight":3563,"viewportHeight":826}}
[2026-09-24T18:37:51.567Z] {"timestamp":1790275070179,"kind":"scroll","url":"http://127.0.0.1:3000/","viewport":{"width":1536,"height":826},"payload":{"scrollX":0,"scrollY":1389.5999755859375,"documentHeight":3563,"viewportHeight":826}}
[2026-09-24T18:37:51.567Z] {"timestamp":1790275070693,"kind":"scroll","url":"http://127.0.0.1:3000/","viewport":{"width":1536,"height":826},"payload":{"scrollX":0,"scrollY":852,"documentHeight":3563,"viewportHeight":826}}
[2026-09-24T18:37:51.567Z] {"timestamp":1790275071195,"kind":"scroll","url":"http://127.0.0.1:3000/","viewport":{"width":1536,"height":826},"payload":{"scrollX":0,"scrollY":1176,"documentHeight":3563,"viewportHeight":826}}
[2026-09-24T18:37:51.567Z] {"timestamp":1790275071695,"kind":"scroll","url":"http://127.0.0.1:3000/","viewport":{"width":1536,"height":826},"payload":{"scrollX":0,"scrollY":1907.199951171875,"documentHeight":3563,"viewportHeight":826}}
[2026-09-24T18:37:53.565Z] {"timestamp":1790275072212,"kind":"scroll","url":"http://127.0.0.1:3000/","viewport":{"width":1536,"height":826},"payload":{"scrollX":0,"scrollY":1924,"documentHeight":3563,"viewportHeight":826}}
[2026-09-24T18:37:53.565Z] {"timestamp":1790275072877,"kind":"scroll","url":"http://127.0.0.1:3000/","viewport":{"width":1536,"height":826},"payload":{"scrollX":0,"scrollY":1691.199951171875,"documentHeight":3563,"viewportHeight":826}}
[2026-09-24T18:37:53.565Z] {"timestamp":1790275073378,"kind":"scroll","url":"http://127.0.0.1:3000/","viewport":{"width":1536,"height":826},"payload":{"scrollX":0,"scrollY":1564,"documentHeight":3563,"viewportHeight":826}}
[2026-09-24T18:41:05.590Z] {"timestamp":1790275264460,"kind":"scroll","url":"http://127.0.0.1:3000/","viewport":{"width":1536,"height":826},"payload":{"scrollX":0,"scrollY":1669.5999755859375,"documentHeight":7234,"viewportHeight":826}}
[2026-09-24T18:41:05.590Z] {"timestamp":1790275265094,"kind":"scroll","url":"http://127.0.0.1:3000/","viewport":{"width":1536,"height":826},"payload":{"scrollX":0,"scrollY":2087.199951171875,"documentHeight":7234,"viewportHeight":826}}
[2026-09-24T18:41:05.590Z] {"timestamp":1790275265595,"kind":"scroll","url":"http://127.0.0.1:3000/","viewport":{"width":1536,"height":826},"payload":{"scrollX":0,"scrollY":2392,"documentHeight":7234,"viewportHeight":826}}
[2026-09-24T18:41:07.874Z] {"timestamp":1790275266127,"kind":"scroll","url":"http://127.0.0.1:3000/","viewport":{"width":1536,"height":826},"payload":{"scrollX":0,"scrollY":2735.199951171875,"documentHeight":7234,"viewportHeight":826}}
[2026-09-24T18:41:07.874Z] {"timestamp":1790275267411,"kind":"scroll","url":"http://127.0.0.1:3000/","viewport":{"width":1536,"height":826},"payload":{"scrollX":0,"scrollY":2776,"documentHeight":7234,"viewportHeight":826}}
[2026-09-24T18:41:07.874Z] {"timestamp":1790275267912,"kind":"scroll","url":"http://127.0.0.1:3000/","viewport":{"width":1536,"height":826},"payload":{"scrollX":0,"scrollY":3032.800048828125,"documentHeight":7234,"viewportHeight":826}}
[2026-09-24T18:41:09.567Z] {"timestamp":1790275268426,"kind":"scroll","url":"http://127.0.0.1:3000/","viewport":{"width":1536,"height":826},"payload":{"scrollX":0,"scrollY":3352.800048828125,"documentHeight":7234,"viewportHeight":826}}
[2026-09-24T18:41:09.567Z] {"timestamp":1790275269097,"kind":"scroll","url":"http://127.0.0.1:3000/","viewport":{"width":1536,"height":826},"payload":{"scrollX":0,"scrollY":3377.60009765625,"documentHeight":7234,"viewportHeight":826}}
[2026-09-24T18:41:09.567Z] {"timestamp":1790275269960,"kind":"scroll","url":"http://127.0.0.1:3000/","viewport":{"width":1536,"height":826},"payload":{"scrollX":0,"scrollY":3484,"documentHeight":7234,"viewportHeight":826}}
[2026-09-24T18:41:11.581Z] {"timestamp":1790275270462,"kind":"scroll","url":"http://127.0.0.1:3000/","viewport":{"width":1536,"height":826},"payload":{"scrollX":0,"scrollY":3563.199951171875,"documentHeight":7234,"viewportHeight":826}}
[2026-09-24T18:41:11.581Z] {"timestamp":1790275271909,"kind":"scroll","url":"http://127.0.0.1:3000/","viewport":{"width":1536,"height":826},"payload":{"scrollX":0,"scrollY":3628,"documentHeight":7234,"viewportHeight":826}}
[2026-09-24T18:41:13.575Z] {"timestamp":1790275272415,"kind":"scroll","url":"http://127.0.0.1:3000/","viewport":{"width":1536,"height":826},"payload":{"scrollX":0,"scrollY":3852,"documentHeight":7234,"viewportHeight":826}}
[2026-09-24T18:41:13.575Z] {"timestamp":1790275272944,"kind":"scroll","url":"http://127.0.0.1:3000/","viewport":{"width":1536,"height":826},"payload":{"scrollX":0,"scrollY":3987.199951171875,"documentHeight":7234,"viewportHeight":826}}
[2026-09-24T18:41:13.575Z] {"timestamp":1790275273460,"kind":"scroll","url":"http://127.0.0.1:3000/","viewport":{"width":1536,"height":826},"payload":{"scrollX":0,"scrollY":4328,"documentHeight":7234,"viewportHeight":826}}
[2026-09-24T18:41:13.575Z] {"timestamp":1790275273978,"kind":"scroll","url":"http://127.0.0.1:3000/","viewport":{"width":1536,"height":826},"payload":{"scrollX":0,"scrollY":3317.60009765625,"documentHeight":7234,"viewportHeight":826}}
[2026-09-24T18:41:15.568Z] {"timestamp":1790275274596,"kind":"scroll","url":"http://127.0.0.1:3000/","viewport":{"width":1536,"height":826},"payload":{"scrollX":0,"scrollY":3145.60009765625,"documentHeight":7234,"viewportHeight":826}}
[2026-09-24T18:41:15.568Z] {"timestamp":1790275275130,"kind":"scroll","url":"http://127.0.0.1:3000/","viewport":{"width":1536,"height":826},"payload":{"scrollX":0,"scrollY":3253.60009765625,"documentHeight":7234,"viewportHeight":826}}
[2026-09-24T18:41:15.568Z] {"timestamp":1790275275643,"kind":"scroll","url":"http://127.0.0.1:3000/","viewport":{"width":1536,"height":826},"payload":{"scrollX":0,"scrollY":3360.800048828125,"documentHeight":7234,"viewportHeight":826}}
[2026-09-24T18:41:17.575Z] {"timestamp":1790275276343,"kind":"scroll","url":"http://127.0.0.1:3000/","viewport":{"width":1536,"height":826},"payload":{"scrollX":0,"scrollY":3389.60009765625,"documentHeight":7234,"viewportHeight":826}}
[2026-09-24T18:41:17.575Z] {"timestamp":1790275276845,"kind":"scroll","url":"http://127.0.0.1:3000/","viewport":{"width":1536,"height":826},"payload":{"scrollX":0,"scrollY":3275.199951171875,"documentHeight":7234,"viewportHeight":826}}
[2026-09-24T18:41:17.575Z] {"timestamp":1790275277361,"kind":"scroll","url":"http://127.0.0.1:3000/","viewport":{"width":1536,"height":826},"payload":{"scrollX":0,"scrollY":2429.60009765625,"documentHeight":7234,"viewportHeight":826}}
[2026-09-24T18:41:17.575Z] {"timestamp":1790275277877,"kind":"scroll","url":"http://127.0.0.1:3000/","viewport":{"width":1536,"height":826},"payload":{"scrollX":0,"scrollY":2008,"documentHeight":7234,"viewportHeight":826}}
[2026-09-24T18:41:19.572Z] {"timestamp":1790275278397,"kind":"scroll","url":"http://127.0.0.1:3000/","viewport":{"width":1536,"height":826},"payload":{"scrollX":0,"scrollY":2355.199951171875,"documentHeight":7234,"viewportHeight":826}}
[2026-09-24T18:41:19.572Z] {"timestamp":1790275278943,"kind":"scroll","url":"http://127.0.0.1:3000/","viewport":{"width":1536,"height":826},"payload":{"scrollX":0,"scrollY":2445.60009765625,"documentHeight":7234,"viewportHeight":826}}
[2026-09-24T18:41:19.572Z] {"timestamp":1790275279460,"kind":"scroll","url":"http://127.0.0.1:3000/","viewport":{"width":1536,"height":826},"payload":{"scrollX":0,"scrollY":1285.5999755859375,"documentHeight":7234,"viewportHeight":826}}
[2026-09-24T18:41:19.572Z] {"timestamp":1790275279966,"kind":"scroll","url":"http://127.0.0.1:3000/","viewport":{"width":1536,"height":826},"payload":{"scrollX":0,"scrollY":644.7999877929688,"documentHeight":7234,"viewportHeight":826}}
[2026-09-24T18:41:21.563Z] {"timestamp":1790275280512,"kind":"scroll","url":"http://127.0.0.1:3000/","viewport":{"width":1536,"height":826},"payload":{"scrollX":0,"scrollY":1407.199951171875,"documentHeight":7234,"viewportHeight":826}}
[2026-09-24T18:41:21.563Z] {"timestamp":1790275281327,"kind":"scroll","url":"http://127.0.0.1:3000/","viewport":{"width":1536,"height":826},"payload":{"scrollX":0,"scrollY":4380.7998046875,"documentHeight":7234,"viewportHeight":826}}
[2026-09-24T18:41:21.563Z] {"timestamp":1790275281833,"kind":"scroll","url":"http://127.0.0.1:3000/","viewport":{"width":1536,"height":826},"payload":{"scrollX":0,"scrollY":3052,"documentHeight":7234,"viewportHeight":826}}
[2026-09-24T18:41:23.566Z] {"timestamp":1790275282353,"kind":"scroll","url":"http://127.0.0.1:3000/","viewport":{"width":1536,"height":826},"payload":{"scrollX":0,"scrollY":2880.800048828125,"documentHeight":7234,"viewportHeight":826}}
[2026-09-24T18:41:23.566Z] {"timestamp":1790275282879,"kind":"scroll","url":"http://127.0.0.1:3000/","viewport":{"width":1536,"height":826},"payload":{"scrollX":0,"scrollY":2604.800048828125,"documentHeight":7234,"viewportHeight":826}}
[2026-09-24T18:41:23.566Z] {"timestamp":1790275283394,"kind":"scroll","url":"http://127.0.0.1:3000/","viewport":{"width":1536,"height":826},"payload":{"scrollX":0,"scrollY":2396,"documentHeight":7234,"viewportHeight":826}}
[2026-09-24T18:41:27.573Z] {"timestamp":1790275286781,"kind":"click","url":"http://127.0.0.1:3000/","viewport":{"width":1536,"height":826},"payload":{"target":{"tag":"img","id":null,"name":null,"type":null,"role":null,"ariaLabel":null,"testId":null,"dataLoc":"client/src/pages/Home.tsx:319","href":null,"text":"","selectorHint":"[data-loc=\"client/src/pages/Home.tsx:319\"]"},"x":510,"y":465}}
[2026-09-24T18:44:21.567Z] {"timestamp":1790275460575,"kind":"scroll","url":"http://127.0.0.1:3000/","viewport":{"width":1536,"height":826},"payload":{"scrollX":0,"scrollY":2408.800048828125,"documentHeight":9702,"viewportHeight":826}}
[2026-09-24T18:44:21.567Z] {"timestamp":1790275461074,"kind":"scroll","url":"http://127.0.0.1:3000/","viewport":{"width":1536,"height":826},"payload":{"scrollX":0,"scrollY":2857.60009765625,"documentHeight":9702,"viewportHeight":826}}
[2026-09-24T18:44:21.567Z] {"timestamp":1790275461592,"kind":"scroll","url":"http://127.0.0.1:3000/","viewport":{"width":1536,"height":826},"payload":{"scrollX":0,"scrollY":3392.800048828125,"documentHeight":9702,"viewportHeight":826}}
[2026-09-24T18:44:23.567Z] {"timestamp":1790275462094,"kind":"scroll","url":"http://127.0.0.1:3000/","viewport":{"width":1536,"height":826},"payload":{"scrollX":0,"scrollY":4756,"documentHeight":9702,"viewportHeight":826}}
[2026-09-24T18:44:23.567Z] {"timestamp":1790275462612,"kind":"scroll","url":"http://127.0.0.1:3000/","viewport":{"width":1536,"height":826},"payload":{"scrollX":0,"scrollY":4868,"documentHeight":9702,"viewportHeight":826}}
[2026-09-24T18:44:23.567Z] {"timestamp":1790275463141,"kind":"scroll","url":"http://127.0.0.1:3000/","viewport":{"width":1536,"height":826},"payload":{"scrollX":0,"scrollY":4423.2001953125,"documentHeight":9702,"viewportHeight":826}}
[2026-09-24T18:44:23.567Z] {"timestamp":1790275463641,"kind":"scroll","url":"http://127.0.0.1:3000/","viewport":{"width":1536,"height":826},"payload":{"scrollX":0,"scrollY":2396.800048828125,"documentHeight":9702,"viewportHeight":826}}
[2026-09-24T18:44:25.570Z] {"timestamp":1790275464161,"kind":"scroll","url":"http://127.0.0.1:3000/","viewport":{"width":1536,"height":826},"payload":{"scrollX":0,"scrollY":1719.199951171875,"documentHeight":9702,"viewportHeight":826}}
[2026-09-24T18:44:25.570Z] {"timestamp":1790275464691,"kind":"scroll","url":"http://127.0.0.1:3000/","viewport":{"width":1536,"height":826},"payload":{"scrollX":0,"scrollY":2897.60009765625,"documentHeight":9702,"viewportHeight":826}}
[2026-09-24T18:44:25.570Z] {"timestamp":1790275465208,"kind":"scroll","url":"http://127.0.0.1:3000/","viewport":{"width":1536,"height":826},"payload":{"scrollX":0,"scrollY":2475.199951171875,"documentHeight":9702,"viewportHeight":826}}
[2026-09-24T18:44:25.570Z] {"timestamp":1790275465810,"kind":"scroll","url":"http://127.0.0.1:3000/","viewport":{"width":1536,"height":826},"payload":{"scrollX":0,"scrollY":2405.60009765625,"documentHeight":9702,"viewportHeight":826}}
[2026-09-24T18:44:53.724Z] {"timestamp":1790275492740,"kind":"scroll","url":"http://127.0.0.1:3000/","viewport":{"width":1536,"height":826},"payload":{"scrollX":0,"scrollY":2428,"documentHeight":9702,"viewportHeight":826}}
[2026-09-24T18:44:53.724Z] {"timestamp":1790275493240,"kind":"scroll","url":"http://127.0.0.1:3000/","viewport":{"width":1536,"height":826},"payload":{"scrollX":0,"scrollY":2587.199951171875,"documentHeight":9702,"viewportHeight":826}}
[2026-09-24T18:44:53.724Z] {"timestamp":1790275493741,"kind":"scroll","url":"http://127.0.0.1:3000/","viewport":{"width":1536,"height":826},"payload":{"scrollX":0,"scrollY":3108.800048828125,"documentHeight":9702,"viewportHeight":826}}
[2026-09-24T18:44:55.576Z] {"timestamp":1790275494258,"kind":"scroll","url":"http://127.0.0.1:3000/","viewport":{"width":1536,"height":826},"payload":{"scrollX":0,"scrollY":3163.199951171875,"documentHeight":9702,"viewportHeight":826}}
[2026-09-24T18:44:55.576Z] {"timestamp":1790275494758,"kind":"scroll","url":"http://127.0.0.1:3000/","viewport":{"width":1536,"height":826},"payload":{"scrollX":0,"scrollY":3377.60009765625,"documentHeight":9702,"viewportHeight":826}}
[2026-09-24T18:44:55.576Z] {"timestamp":1790275495326,"kind":"scroll","url":"http://127.0.0.1:3000/","viewport":{"width":1536,"height":826},"payload":{"scrollX":0,"scrollY":3580.800048828125,"documentHeight":9702,"viewportHeight":826}}
[2026-09-24T18:44:55.576Z] {"timestamp":1790275495825,"kind":"scroll","url":"http://127.0.0.1:3000/","viewport":{"width":1536,"height":826},"payload":{"scrollX":0,"scrollY":3808,"documentHeight":9702,"viewportHeight":826}}
[2026-09-24T18:44:57.588Z] {"timestamp":1790275497675,"kind":"scroll","url":"http://127.0.0.1:3000/","viewport":{"width":1536,"height":826},"payload":{"scrollX":0,"scrollY":3840.800048828125,"documentHeight":9702,"viewportHeight":826}}
[2026-09-24T18:44:59.578Z] {"timestamp":1790275498257,"kind":"scroll","url":"http://127.0.0.1:3000/","viewport":{"width":1536,"height":826},"payload":{"scrollX":0,"scrollY":5637.60009765625,"documentHeight":9702,"viewportHeight":826}}
[2026-09-24T18:44:59.578Z] {"timestamp":1790275498776,"kind":"scroll","url":"http://127.0.0.1:3000/","viewport":{"width":1536,"height":826},"payload":{"scrollX":0,"scrollY":5292,"documentHeight":9702,"viewportHeight":826}}
[2026-09-24T18:44:59.578Z] {"timestamp":1790275499278,"kind":"scroll","url":"http://127.0.0.1:3000/","viewport":{"width":1536,"height":826},"payload":{"scrollX":0,"scrollY":4865.60009765625,"documentHeight":9702,"viewportHeight":826}}
[2026-09-24T18:44:59.578Z] {"timestamp":1790275499874,"kind":"scroll","url":"http://127.0.0.1:3000/","viewport":{"width":1536,"height":826},"payload":{"scrollX":0,"scrollY":4363.2001953125,"documentHeight":9702,"viewportHeight":826}}
[2026-09-24T18:45:01.581Z] {"timestamp":1790275500376,"kind":"scroll","url":"http://127.0.0.1:3000/","viewport":{"width":1536,"height":826},"payload":{"scrollX":0,"scrollY":4573.60009765625,"documentHeight":9702,"viewportHeight":826}}
[2026-09-24T18:45:01.581Z] {"timestamp":1790275501209,"kind":"scroll","url":"http://127.0.0.1:3000/","viewport":{"width":1536,"height":826},"payload":{"scrollX":0,"scrollY":4565.60009765625,"documentHeight":9702,"viewportHeight":826}}
[2026-09-24T18:45:01.581Z] {"timestamp":1790275501724,"kind":"scroll","url":"http://127.0.0.1:3000/","viewport":{"width":1536,"height":826},"payload":{"scrollX":0,"scrollY":3380.800048828125,"documentHeight":9702,"viewportHeight":826}}
[2026-09-24T18:45:03.571Z] {"timestamp":1790275502240,"kind":"scroll","url":"http://127.0.0.1:3000/","viewport":{"width":1536,"height":826},"payload":{"scrollX":0,"scrollY":2615.199951171875,"documentHeight":9702,"viewportHeight":826}}
[2026-09-24T18:45:03.571Z] {"timestamp":1790275502748,"kind":"scroll","url":"http://127.0.0.1:3000/","viewport":{"width":1536,"height":826},"payload":{"scrollX":0,"scrollY":2408.800048828125,"documentHeight":9702,"viewportHeight":826}}
[2026-09-24T18:45:03.571Z] {"timestamp":1790275503280,"kind":"scroll","url":"http://127.0.0.1:3000/","viewport":{"width":1536,"height":826},"payload":{"scrollX":0,"scrollY":2255.199951171875,"documentHeight":9702,"viewportHeight":826}}
[2026-09-24T18:45:05.573Z] {"timestamp":1790275504191,"kind":"scroll","url":"http://127.0.0.1:3000/","viewport":{"width":1536,"height":826},"payload":{"scrollX":0,"scrollY":2263.199951171875,"documentHeight":9702,"viewportHeight":826}}
[2026-09-24T18:45:05.573Z] {"timestamp":1790275504697,"kind":"scroll","url":"http://127.0.0.1:3000/","viewport":{"width":1536,"height":826},"payload":{"scrollX":0,"scrollY":2433.60009765625,"documentHeight":9702,"viewportHeight":826}}
[2026-09-24T18:45:05.573Z] {"timestamp":1790275505200,"kind":"scroll","url":"http://127.0.0.1:3000/","viewport":{"width":1536,"height":826},"payload":{"scrollX":0,"scrollY":2640,"documentHeight":9702,"viewportHeight":826}}
[2026-09-24T18:45:05.573Z] {"timestamp":1790275505809,"kind":"click","url":"http://127.0.0.1:3000/","viewport":{"width":1536,"height":826},"payload":{"target":{"tag":"article","id":null,"name":null,"type":null,"role":null,"ariaLabel":null,"testId":null,"dataLoc":"client/src/pages/Home.tsx:328","href":null,"text":"OPERAÇÃO & VISIBILIDADE NXS / 01 Painel Intercompany Atualizações 04x / dia Saíd…","selectorHint":"[data-loc=\"client/src/pages/Home.tsx:328\"]"},"x":768,"y":262}}
[2026-09-24T18:45:07.572Z] {"timestamp":1790275507386,"kind":"click","url":"http://127.0.0.1:3000/","viewport":{"width":1536,"height":826},"payload":{"target":{"tag":"img","id":null,"name":null,"type":null,"role":null,"ariaLabel":null,"testId":null,"dataLoc":"client/src/pages/Home.tsx:317","href":null,"text":"","selectorHint":"[data-loc=\"client/src/pages/Home.tsx:317\"]"},"x":768,"y":262}}
[2026-09-24T18:45:09.573Z] {"timestamp":1790275508559,"kind":"scroll","url":"http://127.0.0.1:3000/","viewport":{"width":1536,"height":826},"payload":{"scrollX":0,"scrollY":2621.60009765625,"documentHeight":9702,"viewportHeight":826}}
[2026-09-24T18:45:09.573Z] {"timestamp":1790275509077,"kind":"scroll","url":"http://127.0.0.1:3000/","viewport":{"width":1536,"height":826},"payload":{"scrollX":0,"scrollY":2149.60009765625,"documentHeight":9702,"viewportHeight":826}}
[2026-09-24T18:45:09.573Z] {"timestamp":1790275509593,"kind":"scroll","url":"http://127.0.0.1:3000/","viewport":{"width":1536,"height":826},"payload":{"scrollX":0,"scrollY":460,"documentHeight":9702,"viewportHeight":826}}
[2026-09-24T18:45:11.567Z] {"timestamp":1790275510176,"kind":"scroll","url":"http://127.0.0.1:3000/","viewport":{"width":1536,"height":826},"payload":{"scrollX":0,"scrollY":117.5999984741211,"documentHeight":9702,"viewportHeight":826}}
[2026-09-24T18:45:11.567Z] {"timestamp":1790275510710,"kind":"scroll","url":"http://127.0.0.1:3000/","viewport":{"width":1536,"height":826},"payload":{"scrollX":0,"scrollY":519.2000122070312,"documentHeight":9702,"viewportHeight":826}}
[2026-09-24T18:45:11.567Z] {"timestamp":1790275511373,"kind":"scroll","url":"http://127.0.0.1:3000/","viewport":{"width":1536,"height":826},"payload":{"scrollX":0,"scrollY":1023.2000122070312,"documentHeight":9702,"viewportHeight":826}}
[2026-09-24T18:45:11.567Z] {"timestamp":1790275512074,"kind":"scroll","url":"http://127.0.0.1:3000/","viewport":{"width":1536,"height":826},"payload":{"scrollX":0,"scrollY":1249.5999755859375,"documentHeight":9702,"viewportHeight":826}}
[2026-09-24T18:45:13.582Z] {"timestamp":1790275512591,"kind":"scroll","url":"http://127.0.0.1:3000/","viewport":{"width":1536,"height":826},"payload":{"scrollX":0,"scrollY":1727.199951171875,"documentHeight":9702,"viewportHeight":826}}
[2026-09-24T18:45:13.582Z] {"timestamp":1790275513159,"kind":"scroll","url":"http://127.0.0.1:3000/","viewport":{"width":1536,"height":826},"payload":{"scrollX":0,"scrollY":1736,"documentHeight":9702,"viewportHeight":826}}
[2026-09-24T18:45:13.582Z] {"timestamp":1790275513659,"kind":"scroll","url":"http://127.0.0.1:3000/","viewport":{"width":1536,"height":826},"payload":{"scrollX":0,"scrollY":1796,"documentHeight":9702,"viewportHeight":826}}
[2026-09-24T18:45:15.569Z] {"timestamp":1790275514160,"kind":"scroll","url":"http://127.0.0.1:3000/","viewport":{"width":1536,"height":826},"payload":{"scrollX":0,"scrollY":2624,"documentHeight":9702,"viewportHeight":826}}
[2026-09-24T18:45:15.569Z] {"timestamp":1790275514662,"kind":"scroll","url":"http://127.0.0.1:3000/","viewport":{"width":1536,"height":826},"payload":{"scrollX":0,"scrollY":5056.7998046875,"documentHeight":9702,"viewportHeight":826}}
[2026-09-24T18:45:15.569Z] {"timestamp":1790275515192,"kind":"scroll","url":"http://127.0.0.1:3000/","viewport":{"width":1536,"height":826},"payload":{"scrollX":0,"scrollY":7131.2001953125,"documentHeight":9702,"viewportHeight":826}}
[2026-09-24T18:45:15.569Z] {"timestamp":1790275515695,"kind":"scroll","url":"http://127.0.0.1:3000/","viewport":{"width":1536,"height":826},"payload":{"scrollX":0,"scrollY":8436.7998046875,"documentHeight":9702,"viewportHeight":826}}
[2026-09-24T18:45:17.575Z] {"timestamp":1790275516241,"kind":"scroll","url":"http://127.0.0.1:3000/","viewport":{"width":1536,"height":826},"payload":{"scrollX":0,"scrollY":8136.7998046875,"documentHeight":9702,"viewportHeight":826}}
[2026-09-24T18:45:17.575Z] {"timestamp":1790275516741,"kind":"scroll","url":"http://127.0.0.1:3000/","viewport":{"width":1536,"height":826},"payload":{"scrollX":0,"scrollY":6724,"documentHeight":9702,"viewportHeight":826}}
[2026-09-24T18:45:17.575Z] {"timestamp":1790275517260,"kind":"scroll","url":"http://127.0.0.1:3000/","viewport":{"width":1536,"height":826},"payload":{"scrollX":0,"scrollY":6915.2001953125,"documentHeight":9702,"viewportHeight":826}}
[2026-09-24T18:45:17.575Z] {"timestamp":1790275517777,"kind":"scroll","url":"http://127.0.0.1:3000/","viewport":{"width":1536,"height":826},"payload":{"scrollX":0,"scrollY":7417.60009765625,"documentHeight":9702,"viewportHeight":826}}
[2026-09-24T18:45:19.567Z] {"timestamp":1790275518325,"kind":"scroll","url":"http://127.0.0.1:3000/","viewport":{"width":1536,"height":826},"payload":{"scrollX":0,"scrollY":7460.7998046875,"documentHeight":9702,"viewportHeight":826}}
[2026-09-24T18:45:19.567Z] {"timestamp":1790275518826,"kind":"scroll","url":"http://127.0.0.1:3000/","viewport":{"width":1536,"height":826},"payload":{"scrollX":0,"scrollY":6541.60009765625,"documentHeight":9702,"viewportHeight":826}}
[2026-09-24T18:45:19.567Z] {"timestamp":1790275519358,"kind":"scroll","url":"http://127.0.0.1:3000/","viewport":{"width":1536,"height":826},"payload":{"scrollX":0,"scrollY":4753.60009765625,"documentHeight":9702,"viewportHeight":826}}
[2026-09-24T18:45:19.567Z] {"timestamp":1790275519858,"kind":"scroll","url":"http://127.0.0.1:3000/","viewport":{"width":1536,"height":826},"payload":{"scrollX":0,"scrollY":1627.199951171875,"documentHeight":9702,"viewportHeight":826}}
[2026-09-24T18:47:01.575Z] {"timestamp":1790275621626,"kind":"scroll","url":"http://127.0.0.1:3000/","viewport":{"width":1536,"height":826},"payload":{"scrollX":0,"scrollY":152,"documentHeight":9000,"viewportHeight":826}}
[2026-09-24T18:47:03.571Z] {"timestamp":1790275622141,"kind":"scroll","url":"http://127.0.0.1:3000/","viewport":{"width":1536,"height":826},"payload":{"scrollX":0,"scrollY":623.2000122070312,"documentHeight":9000,"viewportHeight":826}}
[2026-09-24T18:47:03.571Z] {"timestamp":1790275622641,"kind":"scroll","url":"http://127.0.0.1:3000/","viewport":{"width":1536,"height":826},"payload":{"scrollX":0,"scrollY":1040.800048828125,"documentHeight":9000,"viewportHeight":826}}
[2026-09-24T18:47:03.571Z] {"timestamp":1790275623141,"kind":"scroll","url":"http://127.0.0.1:3000/","viewport":{"width":1536,"height":826},"payload":{"scrollX":0,"scrollY":1652,"documentHeight":9000,"viewportHeight":826}}
[2026-09-24T18:47:03.571Z] {"timestamp":1790275623658,"kind":"scroll","url":"http://127.0.0.1:3000/","viewport":{"width":1536,"height":826},"payload":{"scrollX":0,"scrollY":2094.39990234375,"documentHeight":9000,"viewportHeight":826}}
[2026-09-24T18:47:05.576Z] {"timestamp":1790275624421,"kind":"scroll","url":"http://127.0.0.1:3000/","viewport":{"width":1536,"height":826},"payload":{"scrollX":0,"scrollY":2528,"documentHeight":9000,"viewportHeight":826}}
[2026-09-24T18:47:05.576Z] {"timestamp":1790275624939,"kind":"scroll","url":"http://127.0.0.1:3000/","viewport":{"width":1536,"height":826},"payload":{"scrollX":0,"scrollY":2652.800048828125,"documentHeight":9000,"viewportHeight":826}}
[2026-09-24T18:47:05.576Z] {"timestamp":1790275625441,"kind":"scroll","url":"http://127.0.0.1:3000/","viewport":{"width":1536,"height":826},"payload":{"scrollX":0,"scrollY":2916,"documentHeight":9000,"viewportHeight":826}}
[2026-09-24T18:47:05.576Z] {"timestamp":1790275625956,"kind":"scroll","url":"http://127.0.0.1:3000/","viewport":{"width":1536,"height":826},"payload":{"scrollX":0,"scrollY":3602.39990234375,"documentHeight":9000,"viewportHeight":826}}
[2026-09-24T18:47:07.591Z] {"timestamp":1790275626540,"kind":"scroll","url":"http://127.0.0.1:3000/","viewport":{"width":1536,"height":826},"payload":{"scrollX":0,"scrollY":4240.7998046875,"documentHeight":9000,"viewportHeight":826}}
[2026-09-24T18:47:07.591Z] {"timestamp":1790275627040,"kind":"scroll","url":"http://127.0.0.1:3000/","viewport":{"width":1536,"height":826},"payload":{"scrollX":0,"scrollY":5256.7998046875,"documentHeight":9000,"viewportHeight":826}}
[2026-09-24T18:47:07.591Z] {"timestamp":1790275627575,"kind":"scroll","url":"http://127.0.0.1:3000/","viewport":{"width":1536,"height":826},"payload":{"scrollX":0,"scrollY":5478.39990234375,"documentHeight":9000,"viewportHeight":826}}
[2026-09-24T18:47:07.591Z] {"timestamp":1790275628091,"kind":"scroll","url":"http://127.0.0.1:3000/","viewport":{"width":1536,"height":826},"payload":{"scrollX":0,"scrollY":5564.7998046875,"documentHeight":9000,"viewportHeight":826}}
[2026-09-24T18:47:09.569Z] {"timestamp":1790275628609,"kind":"scroll","url":"http://127.0.0.1:3000/","viewport":{"width":1536,"height":826},"payload":{"scrollX":0,"scrollY":5736.7998046875,"documentHeight":9000,"viewportHeight":826}}
[2026-09-24T18:47:09.569Z] {"timestamp":1790275629291,"kind":"scroll","url":"http://127.0.0.1:3000/","viewport":{"width":1536,"height":826},"payload":{"scrollX":0,"scrollY":6000.7998046875,"documentHeight":9000,"viewportHeight":826}}
[2026-09-24T18:47:09.569Z] {"timestamp":1790275629807,"kind":"scroll","url":"http://127.0.0.1:3000/","viewport":{"width":1536,"height":826},"payload":{"scrollX":0,"scrollY":5588,"documentHeight":9000,"viewportHeight":826}}
[2026-09-24T18:47:11.591Z] {"timestamp":1790275630525,"kind":"click","url":"http://127.0.0.1:3000/","viewport":{"width":1536,"height":826},"payload":{"target":{"tag":"div","id":null,"name":null,"type":null,"role":null,"ariaLabel":null,"testId":null,"dataLoc":"client/src/pages/Home.tsx:368","href":null,"text":"Entregues 860 mil+ cx Reentrega 120.832 cx Atrasos 832 cargas","selectorHint":"[data-loc=\"client/src/pages/Home.tsx:368\"]"},"x":629,"y":279}}
[2026-09-24T18:47:11.591Z] {"timestamp":1790275631005,"kind":"scroll","url":"http://127.0.0.1:3000/","viewport":{"width":1536,"height":826},"payload":{"scrollX":0,"scrollY":5358.39990234375,"documentHeight":9000,"viewportHeight":826}}
[2026-09-24T18:47:11.591Z] {"timestamp":1790275631508,"kind":"scroll","url":"http://127.0.0.1:3000/","viewport":{"width":1536,"height":826},"payload":{"scrollX":0,"scrollY":4379.2001953125,"documentHeight":9000,"viewportHeight":826}}
[2026-09-24T18:47:11.591Z] {"timestamp":1790275632025,"kind":"scroll","url":"http://127.0.0.1:3000/","viewport":{"width":1536,"height":826},"payload":{"scrollX":0,"scrollY":3932.800048828125,"documentHeight":9000,"viewportHeight":826}}
[2026-09-24T18:47:13.569Z] {"timestamp":1790275632557,"kind":"scroll","url":"http://127.0.0.1:3000/","viewport":{"width":1536,"height":826},"payload":{"scrollX":0,"scrollY":3619.199951171875,"documentHeight":9000,"viewportHeight":826}}
[2026-09-24T18:47:13.569Z] {"timestamp":1790275633155,"kind":"scroll","url":"http://127.0.0.1:3000/","viewport":{"width":1536,"height":826},"payload":{"scrollX":0,"scrollY":3426.39990234375,"documentHeight":9000,"viewportHeight":826}}
[2026-09-24T18:47:13.569Z] {"timestamp":1790275633674,"kind":"scroll","url":"http://127.0.0.1:3000/","viewport":{"width":1536,"height":826},"payload":{"scrollX":0,"scrollY":3156.800048828125,"documentHeight":9000,"viewportHeight":826}}
[2026-09-24T18:47:15.573Z] {"timestamp":1790275634175,"kind":"scroll","url":"http://127.0.0.1:3000/","viewport":{"width":1536,"height":826},"payload":{"scrollX":0,"scrollY":2568.800048828125,"documentHeight":9000,"viewportHeight":826}}
[2026-09-24T18:47:15.573Z] {"timestamp":1790275634857,"kind":"scroll","url":"http://127.0.0.1:3000/","viewport":{"width":1536,"height":826},"payload":{"scrollX":0,"scrollY":2242.39990234375,"documentHeight":9000,"viewportHeight":826}}
[2026-09-24T18:49:15.725Z] {"timestamp":1790275754554,"kind":"scroll","url":"http://127.0.0.1:3000/","viewport":{"width":1536,"height":826},"payload":{"scrollX":0,"scrollY":2188,"documentHeight":9000,"viewportHeight":826}}
[2026-09-24T18:49:15.725Z] {"timestamp":1790275755071,"kind":"scroll","url":"http://127.0.0.1:3000/","viewport":{"width":1536,"height":826},"payload":{"scrollX":0,"scrollY":1527.199951171875,"documentHeight":9000,"viewportHeight":826}}
[2026-09-24T18:49:15.725Z] {"timestamp":1790275755573,"kind":"scroll","url":"http://127.0.0.1:3000/","viewport":{"width":1536,"height":826},"payload":{"scrollX":0,"scrollY":760,"documentHeight":9000,"viewportHeight":826}}
[2026-09-24T18:49:17.574Z] {"timestamp":1790275756239,"kind":"scroll","url":"http://127.0.0.1:3000/","viewport":{"width":1536,"height":826},"payload":{"scrollX":0,"scrollY":595.2000122070312,"documentHeight":9000,"viewportHeight":826}}
[2026-09-24T18:49:17.574Z] {"timestamp":1790275756803,"kind":"scroll","url":"http://127.0.0.1:3000/","viewport":{"width":1536,"height":826},"payload":{"scrollX":0,"scrollY":327.20001220703125,"documentHeight":9000,"viewportHeight":826}}
[2026-09-24T18:52:01.567Z] {"timestamp":1790275921486,"kind":"scroll","url":"http://127.0.0.1:3000/","viewport":{"width":1536,"height":826},"payload":{"scrollX":0,"scrollY":47.20000076293945,"documentHeight":9479,"viewportHeight":826}}
[2026-09-24T18:52:01.567Z] {"timestamp":1790275922004,"kind":"scroll","url":"http://127.0.0.1:3000/","viewport":{"width":1536,"height":826},"payload":{"scrollX":0,"scrollY":695.2000122070312,"documentHeight":9479,"viewportHeight":826}}
[2026-09-24T18:52:03.578Z] {"timestamp":1790275922522,"kind":"scroll","url":"http://127.0.0.1:3000/","viewport":{"width":1536,"height":826},"payload":{"scrollX":0,"scrollY":1328,"documentHeight":9479,"viewportHeight":826}}
[2026-09-24T18:52:03.578Z] {"timestamp":1790275923070,"kind":"scroll","url":"http://127.0.0.1:3000/","viewport":{"width":1536,"height":826},"payload":{"scrollX":0,"scrollY":1823.199951171875,"documentHeight":9479,"viewportHeight":826}}
[2026-09-24T18:52:03.578Z] {"timestamp":1790275923601,"kind":"scroll","url":"http://127.0.0.1:3000/","viewport":{"width":1536,"height":826},"payload":{"scrollX":0,"scrollY":3016.800048828125,"documentHeight":9479,"viewportHeight":826}}
[2026-09-24T18:52:05.577Z] {"timestamp":1790275924322,"kind":"scroll","url":"http://127.0.0.1:3000/","viewport":{"width":1536,"height":826},"payload":{"scrollX":0,"scrollY":2858.39990234375,"documentHeight":9479,"viewportHeight":826}}
[2026-09-24T18:52:05.577Z] {"timestamp":1790275925204,"kind":"click","url":"http://127.0.0.1:3000/","viewport":{"width":1536,"height":826},"payload":{"target":{"tag":"img","id":null,"name":null,"type":null,"role":null,"ariaLabel":null,"testId":null,"dataLoc":"client/src/pages/Home.tsx:319","href":null,"text":"","selectorHint":"[data-loc=\"client/src/pages/Home.tsx:319\"]"},"x":704,"y":273}}
[2026-09-24T18:52:07.571Z] {"timestamp":1790275926641,"kind":"click","url":"http://127.0.0.1:3000/","viewport":{"width":1536,"height":826},"payload":{"target":{"tag":"article","id":null,"name":null,"type":null,"role":null,"ariaLabel":null,"testId":null,"dataLoc":"client/src/pages/Home.tsx:330","href":null,"text":"OPERAÇÃO & VISIBILIDADE NXS / 01 Painel Intercompany Atualizações 04x / dia Saíd…","selectorHint":"[data-loc=\"client/src/pages/Home.tsx:330\"]"},"x":704,"y":273}}
[2026-09-24T18:52:07.571Z] {"timestamp":1790275927419,"kind":"scroll","url":"http://127.0.0.1:3000/","viewport":{"width":1536,"height":826},"payload":{"scrollX":0,"scrollY":2660.800048828125,"documentHeight":9479,"viewportHeight":826}}
[2026-09-24T18:52:09.574Z] {"timestamp":1790275928104,"kind":"scroll","url":"http://127.0.0.1:3000/","viewport":{"width":1536,"height":826},"payload":{"scrollX":0,"scrollY":2400,"documentHeight":9479,"viewportHeight":826}}
[2026-09-24T18:52:09.574Z] {"timestamp":1790275928702,"kind":"scroll","url":"http://127.0.0.1:3000/","viewport":{"width":1536,"height":826},"payload":{"scrollX":0,"scrollY":2394.39990234375,"documentHeight":9479,"viewportHeight":826}}
[2026-09-24T18:52:09.574Z] {"timestamp":1790275929203,"kind":"scroll","url":"http://127.0.0.1:3000/","viewport":{"width":1536,"height":826},"payload":{"scrollX":0,"scrollY":2452,"documentHeight":9479,"viewportHeight":826}}
[2026-09-24T18:52:11.574Z] {"timestamp":1790275930651,"kind":"scroll","url":"http://127.0.0.1:3000/","viewport":{"width":1536,"height":826},"payload":{"scrollX":0,"scrollY":2452,"documentHeight":9479,"viewportHeight":826}}
[2026-09-24T18:52:11.574Z] {"timestamp":1790275932002,"kind":"scroll","url":"http://127.0.0.1:3000/","viewport":{"width":1536,"height":826},"payload":{"scrollX":0,"scrollY":2452.800048828125,"documentHeight":9479,"viewportHeight":826}}
[2026-09-24T18:52:13.571Z] {"timestamp":1790275932502,"kind":"scroll","url":"http://127.0.0.1:3000/","viewport":{"width":1536,"height":826},"payload":{"scrollX":0,"scrollY":2794.39990234375,"documentHeight":9479,"viewportHeight":826}}
[2026-09-24T18:52:13.571Z] {"timestamp":1790275933003,"kind":"scroll","url":"http://127.0.0.1:3000/","viewport":{"width":1536,"height":826},"payload":{"scrollX":0,"scrollY":3944.800048828125,"documentHeight":9479,"viewportHeight":826}}
[2026-09-24T18:52:15.570Z] {"timestamp":1790275934607,"kind":"click","url":"http://127.0.0.1:3000/","viewport":{"width":1536,"height":826},"payload":{"target":{"tag":"div","id":null,"name":null,"type":null,"role":null,"ariaLabel":null,"testId":null,"dataLoc":"client/src/pages/Home.tsx:488","href":null,"text":"Visão Cajamar e Estoque Acompanhamento de % de ocupação do galpão, shelf life e …","selectorHint":"[data-loc=\"client/src/pages/Home.tsx:488\"]"},"x":497,"y":521}}
[2026-09-24T18:52:15.570Z] {"timestamp":1790275935606,"kind":"click","url":"http://127.0.0.1:3000/","viewport":{"width":1536,"height":826},"payload":{"target":{"tag":"div","id":null,"name":null,"type":null,"role":null,"ariaLabel":null,"testId":null,"dataLoc":"client/src/pages/Home.tsx:419","href":null,"text":"nexus/amostras/dashboard CLIQUE PARA VER DADOS PLANEJAMENTO & CONTROLE NXS / 02 …","selectorHint":"[data-loc=\"client/src/pages/Home.tsx:419\"]"},"x":864,"y":532}}
[2026-09-24T18:52:17.572Z] {"timestamp":1790275936108,"kind":"click","url":"http://127.0.0.1:3000/","viewport":{"width":1536,"height":826},"payload":{"target":{"tag":"img","id":null,"name":null,"type":null,"role":null,"ariaLabel":null,"testId":null,"dataLoc":"client/src/pages/Home.tsx:441","href":null,"text":"","selectorHint":"[data-loc=\"client/src/pages/Home.tsx:441\"]"},"x":864,"y":532}}
[2026-09-24T18:52:19.585Z] {"timestamp":1790275938095,"kind":"click","url":"http://127.0.0.1:3000/","viewport":{"width":1536,"height":826},"payload":{"target":{"tag":"div","id":null,"name":null,"type":null,"role":null,"ariaLabel":null,"testId":null,"dataLoc":"client/src/pages/Home.tsx:488","href":null,"text":"Visão Cajamar e Estoque Acompanhamento de % de ocupação do galpão, shelf life e …","selectorHint":"[data-loc=\"client/src/pages/Home.tsx:488\"]"},"x":621,"y":448}}
[2026-09-24T18:52:19.585Z] {"timestamp":1790275939152,"kind":"scroll","url":"http://127.0.0.1:3000/","viewport":{"width":1536,"height":826},"payload":{"scrollX":0,"scrollY":4355.2001953125,"documentHeight":9479,"viewportHeight":826}}
[2026-09-24T18:52:19.585Z] {"timestamp":1790275939670,"kind":"scroll","url":"http://127.0.0.1:3000/","viewport":{"width":1536,"height":826},"payload":{"scrollX":0,"scrollY":3376,"documentHeight":9479,"viewportHeight":826}}
[2026-09-24T18:52:21.571Z] {"timestamp":1790275940186,"kind":"scroll","url":"http://127.0.0.1:3000/","viewport":{"width":1536,"height":826},"payload":{"scrollX":0,"scrollY":2783.199951171875,"documentHeight":9479,"viewportHeight":826}}
[2026-09-24T18:52:21.571Z] {"timestamp":1790275940686,"kind":"scroll","url":"http://127.0.0.1:3000/","viewport":{"width":1536,"height":826},"payload":{"scrollX":0,"scrollY":2295.199951171875,"documentHeight":9479,"viewportHeight":826}}
[2026-09-24T18:52:21.571Z] {"timestamp":1790275941294,"kind":"click","url":"http://127.0.0.1:3000/","viewport":{"width":1536,"height":826},"payload":{"target":{"tag":"p","id":null,"name":null,"type":null,"role":null,"ariaLabel":null,"testId":null,"dataLoc":"client/src/pages/Home.tsx:371","href":null,"text":"Mapeamento completo de paletes livres, itens em quarentena, cargas disponíveis e…","selectorHint":"[data-loc=\"client/src/pages/Home.tsx:371\"]"},"x":952,"y":510}}
[2026-09-24T18:52:21.571Z] {"timestamp":1790275941703,"kind":"scroll","url":"http://127.0.0.1:3000/","viewport":{"width":1536,"height":826},"payload":{"scrollX":0,"scrollY":2320.800048828125,"documentHeight":9479,"viewportHeight":826}}
[2026-09-24T18:52:23.567Z] {"timestamp":1790275942221,"kind":"scroll","url":"http://127.0.0.1:3000/","viewport":{"width":1536,"height":826},"payload":{"scrollX":0,"scrollY":3054.39990234375,"documentHeight":9479,"viewportHeight":826}}
[2026-09-24T18:52:23.567Z] {"timestamp":1790275942754,"kind":"scroll","url":"http://127.0.0.1:3000/","viewport":{"width":1536,"height":826},"payload":{"scrollX":0,"scrollY":4028,"documentHeight":9479,"viewportHeight":826}}
[2026-09-24T18:52:25.571Z] {"timestamp":1790275944215,"kind":"click","url":"http://127.0.0.1:3000/","viewport":{"width":1536,"height":826},"payload":{"target":{"tag":"div","id":null,"name":null,"type":null,"role":null,"ariaLabel":null,"testId":null,"dataLoc":"client/src/pages/Home.tsx:386","href":null,"text":"Ação Preventiva Antecipar o atraso antes que ele vire problema. Detecção ágil pa…","selectorHint":"[data-loc=\"client/src/pages/Home.tsx:386\"]"},"x":944,"y":137}}
[2026-09-24T18:52:25.571Z] {"timestamp":1790275944719,"kind":"scroll","url":"http://127.0.0.1:3000/","viewport":{"width":1536,"height":826},"payload":{"scrollX":0,"scrollY":3982.39990234375,"documentHeight":9479,"viewportHeight":826}}
[2026-09-24T18:52:25.571Z] {"timestamp":1790275945236,"kind":"scroll","url":"http://127.0.0.1:3000/","viewport":{"width":1536,"height":826},"payload":{"scrollX":0,"scrollY":3091.199951171875,"documentHeight":9479,"viewportHeight":826}}
[2026-09-24T18:52:25.571Z] {"timestamp":1790275945755,"kind":"scroll","url":"http://127.0.0.1:3000/","viewport":{"width":1536,"height":826},"payload":{"scrollX":0,"scrollY":2098.39990234375,"documentHeight":9479,"viewportHeight":826}}
[2026-09-24T18:52:27.568Z] {"timestamp":1790275946402,"kind":"scroll","url":"http://127.0.0.1:3000/","viewport":{"width":1536,"height":826},"payload":{"scrollX":0,"scrollY":2275.199951171875,"documentHeight":9479,"viewportHeight":826}}
[2026-09-24T18:52:27.568Z] {"timestamp":1790275946903,"kind":"scroll","url":"http://127.0.0.1:3000/","viewport":{"width":1536,"height":826},"payload":{"scrollX":0,"scrollY":2332,"documentHeight":9479,"viewportHeight":826}}
[2026-09-24T18:52:27.568Z] {"timestamp":1790275947403,"kind":"scroll","url":"http://127.0.0.1:3000/","viewport":{"width":1536,"height":826},"payload":{"scrollX":0,"scrollY":2356.800048828125,"documentHeight":9479,"viewportHeight":826}}
[2026-09-24T18:52:29.573Z] {"timestamp":1790275948585,"kind":"scroll","url":"http://127.0.0.1:3000/","viewport":{"width":1536,"height":826},"payload":{"scrollX":0,"scrollY":2316,"documentHeight":9479,"viewportHeight":826}}
[2026-09-24T18:52:29.573Z] {"timestamp":1790275949151,"kind":"scroll","url":"http://127.0.0.1:3000/","viewport":{"width":1536,"height":826},"payload":{"scrollX":0,"scrollY":1976,"documentHeight":9479,"viewportHeight":826}}
[2026-09-24T18:52:29.573Z] {"timestamp":1790275949655,"kind":"scroll","url":"http://127.0.0.1:3000/","viewport":{"width":1536,"height":826},"payload":{"scrollX":0,"scrollY":1280,"documentHeight":9479,"viewportHeight":826}}
[2026-09-24T18:52:31.589Z] {"timestamp":1790275950170,"kind":"scroll","url":"http://127.0.0.1:3000/","viewport":{"width":1536,"height":826},"payload":{"scrollX":0,"scrollY":495.20001220703125,"documentHeight":9479,"viewportHeight":826}}
[2026-09-24T18:52:31.589Z] {"timestamp":1790275950687,"kind":"scroll","url":"http://127.0.0.1:3000/","viewport":{"width":1536,"height":826},"payload":{"scrollX":0,"scrollY":274.3999938964844,"documentHeight":9479,"viewportHeight":826}}
[2026-09-24T18:52:31.589Z] {"timestamp":1790275951218,"kind":"scroll","url":"http://127.0.0.1:3000/","viewport":{"width":1536,"height":826},"payload":{"scrollX":0,"scrollY":948,"documentHeight":9479,"viewportHeight":826}}
[2026-09-24T18:52:31.589Z] {"timestamp":1790275951754,"kind":"scroll","url":"http://127.0.0.1:3000/","viewport":{"width":1536,"height":826},"payload":{"scrollX":0,"scrollY":1131.199951171875,"documentHeight":9479,"viewportHeight":826}}
[2026-09-24T18:52:33.570Z] {"timestamp":1790275952254,"kind":"scroll","url":"http://127.0.0.1:3000/","viewport":{"width":1536,"height":826},"payload":{"scrollX":0,"scrollY":1443.199951171875,"documentHeight":9479,"viewportHeight":826}}
[2026-09-24T18:52:33.570Z] {"timestamp":1790275952771,"kind":"scroll","url":"http://127.0.0.1:3000/","viewport":{"width":1536,"height":826},"payload":{"scrollX":0,"scrollY":2196.800048828125,"documentHeight":9479,"viewportHeight":826}}
[2026-09-24T18:52:33.570Z] {"timestamp":1790275953402,"kind":"scroll","url":"http://127.0.0.1:3000/","viewport":{"width":1536,"height":826},"payload":{"scrollX":0,"scrollY":2918.39990234375,"documentHeight":9479,"viewportHeight":826}}
[2026-09-24T18:52:33.570Z] {"timestamp":1790275953937,"kind":"scroll","url":"http://127.0.0.1:3000/","viewport":{"width":1536,"height":826},"payload":{"scrollX":0,"scrollY":2267.199951171875,"documentHeight":9479,"viewportHeight":826}}
[2026-09-24T18:52:53.717Z] {"timestamp":1790275974070,"kind":"click","url":"http://127.0.0.1:3000/","viewport":{"width":1536,"height":826},"payload":{"target":{"tag":"section","id":"intercompany","name":null,"type":null,"role":null,"ariaLabel":null,"testId":null,"dataLoc":"client/src/pages/Home.tsx:281","href":null,"text":"/ NXS-01 : AUTOMAÇÃO & GOVERNANÇA Painel Intercompany. ATUALIZAÇÃO 04X / DIA nex…","selectorHint":"[data-loc=\"client/src/pages/Home.tsx:281\"]"},"x":1383,"y":113}}
[2026-09-24T18:57:29.580Z] {"timestamp":1790276248234,"kind":"scroll","url":"http://127.0.0.1:3000/","viewport":{"width":1536,"height":826},"payload":{"scrollX":0,"scrollY":2392,"documentHeight":7369,"viewportHeight":826}}
[2026-09-24T18:57:29.580Z] {"timestamp":1790276248917,"kind":"scroll","url":"http://127.0.0.1:3000/","viewport":{"width":1536,"height":826},"payload":{"scrollX":0,"scrollY":2612.800048828125,"documentHeight":7369,"viewportHeight":826}}
[2026-09-24T18:57:29.580Z] {"timestamp":1790276249417,"kind":"scroll","url":"http://127.0.0.1:3000/","viewport":{"width":1536,"height":826},"payload":{"scrollX":0,"scrollY":2664.800048828125,"documentHeight":7369,"viewportHeight":826}}
[2026-09-24T18:57:31.576Z] {"timestamp":1790276250174,"kind":"click","url":"http://127.0.0.1:3000/","viewport":{"width":1536,"height":826},"payload":{"target":{"tag":"img","id":null,"name":null,"type":null,"role":null,"ariaLabel":null,"testId":null,"dataLoc":"client/src/pages/Home.tsx:317","href":null,"text":"","selectorHint":"[data-loc=\"client/src/pages/Home.tsx:317\"]"},"x":584,"y":318}}
[2026-09-24T18:57:33.592Z] {"timestamp":1790276252904,"kind":"click","url":"http://127.0.0.1:3000/","viewport":{"width":1536,"height":826},"payload":{"target":{"tag":"article","id":null,"name":null,"type":null,"role":null,"ariaLabel":null,"testId":null,"dataLoc":"client/src/pages/Home.tsx:328","href":null,"text":"OPERAÇÃO & VISIBILIDADE NXS / 01 Painel Intercompany Atualizações 04x / dia Saíd…","selectorHint":"[data-loc=\"client/src/pages/Home.tsx:328\"]"},"x":584,"y":318}}
[2026-09-24T18:57:33.592Z] {"timestamp":1790276253781,"kind":"scroll","url":"http://127.0.0.1:3000/","viewport":{"width":1536,"height":826},"payload":{"scrollX":0,"scrollY":2606.39990234375,"documentHeight":7369,"viewportHeight":826}}
[2026-09-24T18:57:35.582Z] {"timestamp":1790276254299,"kind":"scroll","url":"http://127.0.0.1:3000/","viewport":{"width":1536,"height":826},"payload":{"scrollX":0,"scrollY":2928.800048828125,"documentHeight":7369,"viewportHeight":826}}
[2026-09-24T18:57:35.582Z] {"timestamp":1790276254805,"kind":"scroll","url":"http://127.0.0.1:3000/","viewport":{"width":1536,"height":826},"payload":{"scrollX":0,"scrollY":3259.199951171875,"documentHeight":7369,"viewportHeight":826}}
[2026-09-24T18:57:35.582Z] {"timestamp":1790276255318,"kind":"scroll","url":"http://127.0.0.1:3000/","viewport":{"width":1536,"height":826},"payload":{"scrollX":0,"scrollY":4000,"documentHeight":7369,"viewportHeight":826}}
[2026-09-24T18:57:35.582Z] {"timestamp":1790276255834,"kind":"scroll","url":"http://127.0.0.1:3000/","viewport":{"width":1536,"height":826},"payload":{"scrollX":0,"scrollY":3770.39990234375,"documentHeight":7369,"viewportHeight":826}}
[2026-09-24T18:57:37.575Z] {"timestamp":1790276256665,"kind":"click","url":"http://127.0.0.1:3000/","viewport":{"width":1536,"height":826},"payload":{"target":{"tag":"article","id":null,"name":null,"type":null,"role":null,"ariaLabel":null,"testId":null,"dataLoc":"client/src/pages/Home.tsx:450","href":null,"text":"PLANEJAMENTO & CONTROLE NXS / 02 Torre de Amostra Grátis Entregues 860 mil+ cx R…","selectorHint":"[data-loc=\"client/src/pages/Home.tsx:450\"]"},"x":584,"y":318}}
[2026-09-24T18:57:39.576Z] {"timestamp":1790276258734,"kind":"scroll","url":"http://127.0.0.1:3000/","viewport":{"width":1536,"height":826},"payload":{"scrollX":0,"scrollY":3759.199951171875,"documentHeight":7369,"viewportHeight":826}}
[2026-09-24T18:57:39.576Z] {"timestamp":1790276259267,"kind":"scroll","url":"http://127.0.0.1:3000/","viewport":{"width":1536,"height":826},"payload":{"scrollX":0,"scrollY":3800,"documentHeight":7369,"viewportHeight":826}}
[2026-09-24T18:57:41.582Z] {"timestamp":1790276261216,"kind":"scroll","url":"http://127.0.0.1:3000/","viewport":{"width":1536,"height":826},"payload":{"scrollX":0,"scrollY":3760,"documentHeight":7369,"viewportHeight":826}}
[2026-09-24T18:57:41.582Z] {"timestamp":1790276261716,"kind":"scroll","url":"http://127.0.0.1:3000/","viewport":{"width":1536,"height":826},"payload":{"scrollX":0,"scrollY":3862.39990234375,"documentHeight":7369,"viewportHeight":826}}
[2026-09-24T18:57:43.575Z] {"timestamp":1790276262499,"kind":"scroll","url":"http://127.0.0.1:3000/","viewport":{"width":1536,"height":826},"payload":{"scrollX":0,"scrollY":3940,"documentHeight":7369,"viewportHeight":826}}
[2026-09-24T18:57:43.575Z] {"timestamp":1790276263000,"kind":"scroll","url":"http://127.0.0.1:3000/","viewport":{"width":1536,"height":826},"payload":{"scrollX":0,"scrollY":4028.800048828125,"documentHeight":7369,"viewportHeight":826}}
[2026-09-24T18:57:43.575Z] {"timestamp":1790276263533,"kind":"scroll","url":"http://127.0.0.1:3000/","viewport":{"width":1536,"height":826},"payload":{"scrollX":0,"scrollY":4102.39990234375,"documentHeight":7369,"viewportHeight":826}}
[2026-09-24T18:57:45.585Z] {"timestamp":1790276264444,"kind":"click","url":"http://127.0.0.1:3000/","viewport":{"width":1536,"height":826},"payload":{"target":{"tag":"p","id":null,"name":null,"type":null,"role":null,"ariaLabel":null,"testId":null,"dataLoc":"client/src/pages/Home.tsx:492","href":null,"text":"Acompanhamento de % de ocupação do galpão, shelf life e cobertura.","selectorHint":"[data-loc=\"client/src/pages/Home.tsx:492\"]"},"x":461,"y":305}}
[2026-09-24T18:57:45.585Z] {"timestamp":1790276265365,"kind":"click","url":"http://127.0.0.1:3000/","viewport":{"width":1536,"height":826},"payload":{"target":{"tag":"strong","id":null,"name":null,"type":null,"role":null,"ariaLabel":null,"testId":null,"dataLoc":"client/src/pages/Home.tsx:503","href":null,"text":"OCT (Order Cycle Time)","selectorHint":"[data-loc=\"client/src/pages/Home.tsx:503\"]"},"x":645,"y":325}}
[2026-09-24T18:57:47.576Z] {"timestamp":1790276266369,"kind":"click","url":"http://127.0.0.1:3000/","viewport":{"width":1536,"height":826},"payload":{"target":{"tag":"div","id":null,"name":null,"type":null,"role":null,"ariaLabel":null,"testId":null,"dataLoc":"client/src/pages/Home.tsx:508","href":null,"text":"Diagnósticos Logísticos Mapeamento de lotes que levaram até 252 dias para libera…","selectorHint":"[data-loc=\"client/src/pages/Home.tsx:508\"]"},"x":986,"y":345}}
[2026-09-24T18:57:47.576Z] {"timestamp":1790276266700,"kind":"scroll","url":"http://127.0.0.1:3000/","viewport":{"width":1536,"height":826},"payload":{"scrollX":0,"scrollY":4059.199951171875,"documentHeight":7369,"viewportHeight":826}}
[2026-09-24T18:57:47.576Z] {"timestamp":1790276267200,"kind":"scroll","url":"http://127.0.0.1:3000/","viewport":{"width":1536,"height":826},"payload":{"scrollX":0,"scrollY":3551.199951171875,"documentHeight":7369,"viewportHeight":826}}
[2026-09-24T18:57:47.576Z] {"timestamp":1790276267723,"kind":"scroll","url":"http://127.0.0.1:3000/","viewport":{"width":1536,"height":826},"payload":{"scrollX":0,"scrollY":1542.4000244140625,"documentHeight":7369,"viewportHeight":826}}
[2026-09-24T18:57:49.588Z] {"timestamp":1790276268268,"kind":"scroll","url":"http://127.0.0.1:3000/","viewport":{"width":1536,"height":826},"payload":{"scrollX":0,"scrollY":624,"documentHeight":7369,"viewportHeight":826}}
[2026-09-24T18:57:49.588Z] {"timestamp":1790276268817,"kind":"scroll","url":"http://127.0.0.1:3000/","viewport":{"width":1536,"height":826},"payload":{"scrollX":0,"scrollY":1695.199951171875,"documentHeight":7369,"viewportHeight":826}}
[2026-09-24T18:57:49.588Z] {"timestamp":1790276269318,"kind":"scroll","url":"http://127.0.0.1:3000/","viewport":{"width":1536,"height":826},"payload":{"scrollX":0,"scrollY":2931.199951171875,"documentHeight":7369,"viewportHeight":826}}
[2026-09-24T18:57:49.588Z] {"timestamp":1790276269835,"kind":"scroll","url":"http://127.0.0.1:3000/","viewport":{"width":1536,"height":826},"payload":{"scrollX":0,"scrollY":2763.199951171875,"documentHeight":7369,"viewportHeight":826}}
[2026-09-24T18:57:51.586Z] {"timestamp":1790276270350,"kind":"scroll","url":"http://127.0.0.1:3000/","viewport":{"width":1536,"height":826},"payload":{"scrollX":0,"scrollY":2492,"documentHeight":7369,"viewportHeight":826}}
[2026-09-24T19:02:17.508Z] {"timestamp":1790276536671,"kind":"scroll","url":"http://127.0.0.1:3000/","viewport":{"width":1536,"height":826},"payload":{"scrollX":0,"scrollY":2497.60009765625,"documentHeight":7013,"viewportHeight":826}}
[2026-09-24T19:02:21.504Z] {"timestamp":1790276540445,"kind":"click","url":"http://127.0.0.1:3000/","viewport":{"width":1536,"height":826},"payload":{"target":{"tag":"img","id":null,"name":null,"type":null,"role":null,"ariaLabel":null,"testId":null,"dataLoc":"client/src/pages/Home.tsx:310","href":null,"text":"","selectorHint":"[data-loc=\"client/src/pages/Home.tsx:310\"]"},"x":716,"y":274}}
[2026-09-24T19:02:21.504Z] {"timestamp":1790276541725,"kind":"click","url":"http://127.0.0.1:3000/","viewport":{"width":1536,"height":826},"payload":{"target":{"tag":"span","id":null,"name":null,"type":null,"role":null,"ariaLabel":null,"testId":null,"dataLoc":"client/src/pages/Home.tsx:339","href":null,"text":"Saídas","selectorHint":"[data-loc=\"client/src/pages/Home.tsx:339\"]"},"x":716,"y":274}}
[2026-09-24T19:02:23.501Z] {"timestamp":1790276543480,"kind":"scroll","url":"http://127.0.0.1:3000/","viewport":{"width":1536,"height":826},"payload":{"scrollX":0,"scrollY":2510.39990234375,"documentHeight":7369,"viewportHeight":826}}
[2026-09-24T19:02:25.506Z] {"timestamp":1790276544478,"kind":"scroll","url":"http://127.0.0.1:3000/","viewport":{"width":1536,"height":826},"payload":{"scrollX":0,"scrollY":2582.39990234375,"documentHeight":7369,"viewportHeight":826}}
[2026-09-24T19:02:25.506Z] {"timestamp":1790276545063,"kind":"scroll","url":"http://127.0.0.1:3000/","viewport":{"width":1536,"height":826},"payload":{"scrollX":0,"scrollY":2562.39990234375,"documentHeight":7369,"viewportHeight":826}}
[2026-09-24T19:02:27.505Z] {"timestamp":1790276546379,"kind":"scroll","url":"http://127.0.0.1:3000/","viewport":{"width":1536,"height":826},"payload":{"scrollX":0,"scrollY":2640,"documentHeight":7369,"viewportHeight":826}}
[2026-09-24T19:02:29.499Z] {"timestamp":1790276549379,"kind":"scroll","url":"http://127.0.0.1:3000/","viewport":{"width":1536,"height":826},"payload":{"scrollX":0,"scrollY":2810.39990234375,"documentHeight":7369,"viewportHeight":826}}
[2026-09-24T19:02:29.499Z] {"timestamp":1790276549881,"kind":"scroll","url":"http://127.0.0.1:3000/","viewport":{"width":1536,"height":826},"payload":{"scrollX":0,"scrollY":3262.39990234375,"documentHeight":7369,"viewportHeight":826}}
[2026-09-24T19:02:31.493Z] {"timestamp":1790276550397,"kind":"scroll","url":"http://127.0.0.1:3000/","viewport":{"width":1536,"height":826},"payload":{"scrollX":0,"scrollY":3729.60009765625,"documentHeight":7369,"viewportHeight":826}}
[2026-09-24T19:02:31.493Z] {"timestamp":1790276550931,"kind":"scroll","url":"http://127.0.0.1:3000/","viewport":{"width":1536,"height":826},"payload":{"scrollX":0,"scrollY":3829.60009765625,"documentHeight":7369,"viewportHeight":826}}
[2026-09-24T19:02:31.493Z] {"timestamp":1790276551464,"kind":"scroll","url":"http://127.0.0.1:3000/","viewport":{"width":1536,"height":826},"payload":{"scrollX":0,"scrollY":3969.60009765625,"documentHeight":7369,"viewportHeight":826}}
[2026-09-24T19:02:33.495Z] {"timestamp":1790276552059,"kind":"scroll","url":"http://127.0.0.1:3000/","viewport":{"width":1536,"height":826},"payload":{"scrollX":0,"scrollY":4102.39990234375,"documentHeight":7369,"viewportHeight":826}}
[2026-09-24T19:02:33.495Z] {"timestamp":1790276552581,"kind":"scroll","url":"http://127.0.0.1:3000/","viewport":{"width":1536,"height":826},"payload":{"scrollX":0,"scrollY":4185.60009765625,"documentHeight":7369,"viewportHeight":826}}
[2026-09-24T19:02:33.495Z] {"timestamp":1790276553229,"kind":"scroll","url":"http://127.0.0.1:3000/","viewport":{"width":1536,"height":826},"payload":{"scrollX":0,"scrollY":4277.60009765625,"documentHeight":7369,"viewportHeight":826}}
[2026-09-24T19:02:33.495Z] {"timestamp":1790276553730,"kind":"scroll","url":"http://127.0.0.1:3000/","viewport":{"width":1536,"height":826},"payload":{"scrollX":0,"scrollY":4152.7998046875,"documentHeight":7369,"viewportHeight":826}}
[2026-09-24T19:02:35.500Z] {"timestamp":1790276554248,"kind":"scroll","url":"http://127.0.0.1:3000/","viewport":{"width":1536,"height":826},"payload":{"scrollX":0,"scrollY":3768,"documentHeight":7369,"viewportHeight":826}}
[2026-09-24T19:02:35.500Z] {"timestamp":1790276554749,"kind":"scroll","url":"http://127.0.0.1:3000/","viewport":{"width":1536,"height":826},"payload":{"scrollX":0,"scrollY":2974.39990234375,"documentHeight":7369,"viewportHeight":826}}
[2026-09-24T19:02:35.500Z] {"timestamp":1790276555264,"kind":"scroll","url":"http://127.0.0.1:3000/","viewport":{"width":1536,"height":826},"payload":{"scrollX":0,"scrollY":1666.4000244140625,"documentHeight":7369,"viewportHeight":826}}
[2026-09-24T19:02:35.500Z] {"timestamp":1790276555812,"kind":"scroll","url":"http://127.0.0.1:3000/","viewport":{"width":1536,"height":826},"payload":{"scrollX":0,"scrollY":1516.800048828125,"documentHeight":7369,"viewportHeight":826}}
[2026-09-24T19:02:37.495Z] {"timestamp":1790276556316,"kind":"scroll","url":"http://127.0.0.1:3000/","viewport":{"width":1536,"height":826},"payload":{"scrollX":0,"scrollY":1765.5999755859375,"documentHeight":7369,"viewportHeight":826}}
[2026-09-24T19:02:37.495Z] {"timestamp":1790276556854,"kind":"scroll","url":"http://127.0.0.1:3000/","viewport":{"width":1536,"height":826},"payload":{"scrollX":0,"scrollY":1924.800048828125,"documentHeight":7369,"viewportHeight":826}}
[2026-09-24T19:02:37.495Z] {"timestamp":1790276557364,"kind":"scroll","url":"http://127.0.0.1:3000/","viewport":{"width":1536,"height":826},"payload":{"scrollX":0,"scrollY":2314.39990234375,"documentHeight":7369,"viewportHeight":826}}
[2026-09-24T19:02:37.495Z] {"timestamp":1790276557897,"kind":"scroll","url":"http://127.0.0.1:3000/","viewport":{"width":1536,"height":826},"payload":{"scrollX":0,"scrollY":2681.60009765625,"documentHeight":7369,"viewportHeight":826}}
[2026-09-24T19:02:39.507Z] {"timestamp":1790276558416,"kind":"scroll","url":"http://127.0.0.1:3000/","viewport":{"width":1536,"height":826},"payload":{"scrollX":0,"scrollY":2968,"documentHeight":7369,"viewportHeight":826}}
[2026-09-24T19:02:39.507Z] {"timestamp":1790276558947,"kind":"scroll","url":"http://127.0.0.1:3000/","viewport":{"width":1536,"height":826},"payload":{"scrollX":0,"scrollY":2729.60009765625,"documentHeight":7369,"viewportHeight":826}}
[2026-09-24T19:02:39.507Z] {"timestamp":1790276559628,"kind":"scroll","url":"http://127.0.0.1:3000/","viewport":{"width":1536,"height":826},"payload":{"scrollX":0,"scrollY":2460,"documentHeight":7369,"viewportHeight":826}}
[2026-09-24T19:09:13.511Z] {"timestamp":1790276953824,"kind":"scroll","url":"http://127.0.0.1:3000/","viewport":{"width":1536,"height":826},"payload":{"scrollX":0,"scrollY":2496.800048828125,"documentHeight":7478,"viewportHeight":826}}
[2026-09-24T19:09:15.503Z] {"timestamp":1790276954324,"kind":"scroll","url":"http://127.0.0.1:3000/","viewport":{"width":1536,"height":826},"payload":{"scrollX":0,"scrollY":2649.60009765625,"documentHeight":7478,"viewportHeight":826}}
[2026-09-24T19:09:15.503Z] {"timestamp":1790276954841,"kind":"click","url":"http://127.0.0.1:3000/","viewport":{"width":1536,"height":826},"payload":{"target":{"tag":"img","id":null,"name":null,"type":null,"role":null,"ariaLabel":null,"testId":null,"dataLoc":"client/src/pages/Home.tsx:310","href":null,"text":"","selectorHint":"[data-loc=\"client/src/pages/Home.tsx:310\"]"},"x":646,"y":308}}
[2026-09-24T19:09:17.501Z] {"timestamp":1790276956560,"kind":"click","url":"http://127.0.0.1:3000/","viewport":{"width":1536,"height":826},"payload":{"target":{"tag":"article","id":null,"name":null,"type":null,"role":null,"ariaLabel":null,"testId":null,"dataLoc":"client/src/pages/Home.tsx:321","href":null,"text":"OPERAÇÃO & VISIBILIDADE NXS / 01 Painel Intercompany Atualizações 04x / dia Saíd…","selectorHint":"[data-loc=\"client/src/pages/Home.tsx:321\"]"},"x":646,"y":308}}
[2026-09-24T19:09:17.501Z] {"timestamp":1790276957424,"kind":"scroll","url":"http://127.0.0.1:3000/","viewport":{"width":1536,"height":826},"payload":{"scrollX":0,"scrollY":2626.39990234375,"documentHeight":7478,"viewportHeight":826}}
[2026-09-24T19:09:17.501Z] {"timestamp":1790276957927,"kind":"scroll","url":"http://127.0.0.1:3000/","viewport":{"width":1536,"height":826},"payload":{"scrollX":0,"scrollY":2458.39990234375,"documentHeight":7478,"viewportHeight":826}}
[2026-09-24T19:09:19.512Z] {"timestamp":1790276958875,"kind":"scroll","url":"http://127.0.0.1:3000/","viewport":{"width":1536,"height":826},"payload":{"scrollX":0,"scrollY":2422.39990234375,"documentHeight":7478,"viewportHeight":826}}
[2026-09-24T19:09:19.512Z] {"timestamp":1790276959393,"kind":"scroll","url":"http://127.0.0.1:3000/","viewport":{"width":1536,"height":826},"payload":{"scrollX":0,"scrollY":2484,"documentHeight":7478,"viewportHeight":826}}
[2026-09-24T19:09:19.512Z] {"timestamp":1790276959975,"kind":"scroll","url":"http://127.0.0.1:3000/","viewport":{"width":1536,"height":826},"payload":{"scrollX":0,"scrollY":2500,"documentHeight":7478,"viewportHeight":826}}
[2026-09-24T19:09:21.503Z] {"timestamp":1790276961709,"kind":"scroll","url":"http://127.0.0.1:3000/","viewport":{"width":1536,"height":826},"payload":{"scrollX":0,"scrollY":2512.800048828125,"documentHeight":7478,"viewportHeight":826}}
[2026-09-24T19:09:23.519Z] {"timestamp":1790276962226,"kind":"scroll","url":"http://127.0.0.1:3000/","viewport":{"width":1536,"height":826},"payload":{"scrollX":0,"scrollY":2576.800048828125,"documentHeight":7478,"viewportHeight":826}}
[2026-09-24T19:09:23.519Z] {"timestamp":1790276963675,"kind":"scroll","url":"http://127.0.0.1:3000/","viewport":{"width":1536,"height":826},"payload":{"scrollX":0,"scrollY":2577.60009765625,"documentHeight":7478,"viewportHeight":826}}
[2026-09-24T19:09:25.505Z] {"timestamp":1790276964625,"kind":"click","url":"http://127.0.0.1:3000/","viewport":{"width":1536,"height":826},"payload":{"target":{"tag":"img","id":null,"name":null,"type":null,"role":null,"ariaLabel":null,"testId":null,"dataLoc":"client/src/pages/Home.tsx:310","href":null,"text":"","selectorHint":"[data-loc=\"client/src/pages/Home.tsx:310\"]"},"x":646,"y":308}}
[2026-09-24T19:09:27.502Z] {"timestamp":1790276967776,"kind":"scroll","url":"http://127.0.0.1:3000/","viewport":{"width":1536,"height":826},"payload":{"scrollX":0,"scrollY":2606.39990234375,"documentHeight":7478,"viewportHeight":826}}
[2026-09-24T19:09:29.499Z] {"timestamp":1790276968293,"kind":"scroll","url":"http://127.0.0.1:3000/","viewport":{"width":1536,"height":826},"payload":{"scrollX":0,"scrollY":3136,"documentHeight":7478,"viewportHeight":826}}
[2026-09-24T19:09:29.499Z] {"timestamp":1790276968892,"kind":"scroll","url":"http://127.0.0.1:3000/","viewport":{"width":1536,"height":826},"payload":{"scrollX":0,"scrollY":3369.60009765625,"documentHeight":7478,"viewportHeight":826}}
[2026-09-24T19:09:29.499Z] {"timestamp":1790276969393,"kind":"scroll","url":"http://127.0.0.1:3000/","viewport":{"width":1536,"height":826},"payload":{"scrollX":0,"scrollY":3817.60009765625,"documentHeight":7478,"viewportHeight":826}}
[2026-09-24T19:09:31.504Z] {"timestamp":1790276970515,"kind":"scroll","url":"http://127.0.0.1:3000/","viewport":{"width":1536,"height":826},"payload":{"scrollX":0,"scrollY":3829.60009765625,"documentHeight":7478,"viewportHeight":826}}
[2026-09-24T19:09:31.504Z] {"timestamp":1790276971530,"kind":"click","url":"http://127.0.0.1:3000/","viewport":{"width":1536,"height":826},"payload":{"target":{"tag":"img","id":null,"name":null,"type":null,"role":null,"ariaLabel":null,"testId":null,"dataLoc":"client/src/pages/Home.tsx:426","href":null,"text":"","selectorHint":"[data-loc=\"client/src/pages/Home.tsx:426\"]"},"x":599,"y":293}}
[2026-09-24T19:09:33.507Z] {"timestamp":1790276972891,"kind":"click","url":"http://127.0.0.1:3000/","viewport":{"width":1536,"height":826},"payload":{"target":{"tag":"div","id":null,"name":null,"type":null,"role":null,"ariaLabel":null,"testId":null,"dataLoc":"client/src/pages/Home.tsx:455","href":null,"text":"Reentrega 120.832 cx","selectorHint":"[data-loc=\"client/src/pages/Home.tsx:455\"]"},"x":599,"y":293}}
[2026-09-24T19:09:35.505Z] {"timestamp":1790276974357,"kind":"scroll","url":"http://127.0.0.1:3000/","viewport":{"width":1536,"height":826},"payload":{"scrollX":0,"scrollY":3736,"documentHeight":7478,"viewportHeight":826}}
[2026-09-24T19:09:35.505Z] {"timestamp":1790276974876,"kind":"scroll","url":"http://127.0.0.1:3000/","viewport":{"width":1536,"height":826},"payload":{"scrollX":0,"scrollY":3860.800048828125,"documentHeight":7478,"viewportHeight":826}}
[2026-09-24T19:09:35.505Z] {"timestamp":1790276975415,"kind":"click","url":"http://127.0.0.1:3000/","viewport":{"width":1536,"height":826},"payload":{"target":{"tag":"img","id":null,"name":null,"type":null,"role":null,"ariaLabel":null,"testId":null,"dataLoc":"client/src/pages/Home.tsx:426","href":null,"text":"","selectorHint":"[data-loc=\"client/src/pages/Home.tsx:426\"]"},"x":599,"y":293}}
[2026-09-24T19:09:37.501Z] {"timestamp":1790276976308,"kind":"scroll","url":"http://127.0.0.1:3000/","viewport":{"width":1536,"height":826},"payload":{"scrollX":0,"scrollY":3841.60009765625,"documentHeight":7478,"viewportHeight":826}}
[2026-09-24T19:09:37.501Z] {"timestamp":1790276977058,"kind":"scroll","url":"http://127.0.0.1:3000/","viewport":{"width":1536,"height":826},"payload":{"scrollX":0,"scrollY":3661.60009765625,"documentHeight":7478,"viewportHeight":826}}
[2026-09-24T19:09:37.501Z] {"timestamp":1790276977610,"kind":"scroll","url":"http://127.0.0.1:3000/","viewport":{"width":1536,"height":826},"payload":{"scrollX":0,"scrollY":3552.800048828125,"documentHeight":7478,"viewportHeight":826}}
[2026-09-24T19:09:39.501Z] {"timestamp":1790276978143,"kind":"scroll","url":"http://127.0.0.1:3000/","viewport":{"width":1536,"height":826},"payload":{"scrollX":0,"scrollY":3856,"documentHeight":7478,"viewportHeight":826}}
[2026-09-24T19:09:39.501Z] {"timestamp":1790276978677,"kind":"scroll","url":"http://127.0.0.1:3000/","viewport":{"width":1536,"height":826},"payload":{"scrollX":0,"scrollY":4092,"documentHeight":7478,"viewportHeight":826}}
[2026-09-24T19:09:39.501Z] {"timestamp":1790276979194,"kind":"scroll","url":"http://127.0.0.1:3000/","viewport":{"width":1536,"height":826},"payload":{"scrollX":0,"scrollY":4320,"documentHeight":7478,"viewportHeight":826}}
[2026-09-24T19:09:39.501Z] {"timestamp":1790276979694,"kind":"scroll","url":"http://127.0.0.1:3000/","viewport":{"width":1536,"height":826},"payload":{"scrollX":0,"scrollY":5017.60009765625,"documentHeight":7478,"viewportHeight":826}}
[2026-09-24T19:09:41.509Z] {"timestamp":1790276980302,"kind":"scroll","url":"http://127.0.0.1:3000/","viewport":{"width":1536,"height":826},"payload":{"scrollX":0,"scrollY":5728,"documentHeight":7478,"viewportHeight":826}}
[2026-09-24T19:09:41.509Z] {"timestamp":1790276980825,"kind":"scroll","url":"http://127.0.0.1:3000/","viewport":{"width":1536,"height":826},"payload":{"scrollX":0,"scrollY":5590.39990234375,"documentHeight":7478,"viewportHeight":826}}
[2026-09-24T19:09:41.509Z] {"timestamp":1790276981624,"kind":"scroll","url":"http://127.0.0.1:3000/","viewport":{"width":1536,"height":826},"payload":{"scrollX":0,"scrollY":4352.7998046875,"documentHeight":7478,"viewportHeight":826}}
[2026-09-24T19:09:43.508Z] {"timestamp":1790276982142,"kind":"scroll","url":"http://127.0.0.1:3000/","viewport":{"width":1536,"height":826},"payload":{"scrollX":0,"scrollY":4180,"documentHeight":7478,"viewportHeight":826}}
[2026-09-24T19:09:43.508Z] {"timestamp":1790276982660,"kind":"scroll","url":"http://127.0.0.1:3000/","viewport":{"width":1536,"height":826},"payload":{"scrollX":0,"scrollY":3713.60009765625,"documentHeight":7478,"viewportHeight":826}}
[2026-09-24T19:09:43.508Z] {"timestamp":1790276983175,"kind":"scroll","url":"http://127.0.0.1:3000/","viewport":{"width":1536,"height":826},"payload":{"scrollX":0,"scrollY":3676,"documentHeight":7478,"viewportHeight":826}}
[2026-09-24T19:09:43.508Z] {"timestamp":1790276983677,"kind":"scroll","url":"http://127.0.0.1:3000/","viewport":{"width":1536,"height":826},"payload":{"scrollX":0,"scrollY":3628.800048828125,"documentHeight":7478,"viewportHeight":826}}
[2026-09-24T19:09:45.510Z] {"timestamp":1790276984259,"kind":"scroll","url":"http://127.0.0.1:3000/","viewport":{"width":1536,"height":826},"payload":{"scrollX":0,"scrollY":3576,"documentHeight":7478,"viewportHeight":826}}
[2026-09-24T19:09:45.510Z] {"timestamp":1790276984858,"kind":"scroll","url":"http://127.0.0.1:3000/","viewport":{"width":1536,"height":826},"payload":{"scrollX":0,"scrollY":3537.60009765625,"documentHeight":7478,"viewportHeight":826}}
[2026-09-24T19:09:45.510Z] {"timestamp":1790276985375,"kind":"scroll","url":"http://127.0.0.1:3000/","viewport":{"width":1536,"height":826},"payload":{"scrollX":0,"scrollY":3656,"documentHeight":7478,"viewportHeight":826}}
[2026-09-24T19:09:45.510Z] {"timestamp":1790276985890,"kind":"scroll","url":"http://127.0.0.1:3000/","viewport":{"width":1536,"height":826},"payload":{"scrollX":0,"scrollY":3708,"documentHeight":7478,"viewportHeight":826}}
[2026-09-24T19:09:47.505Z] {"timestamp":1790276986409,"kind":"scroll","url":"http://127.0.0.1:3000/","viewport":{"width":1536,"height":826},"payload":{"scrollX":0,"scrollY":3764.800048828125,"documentHeight":7478,"viewportHeight":826}}
[2026-09-24T19:09:49.508Z] {"timestamp":1790276989433,"kind":"click","url":"http://127.0.0.1:3000/","viewport":{"width":1536,"height":826},"payload":{"target":{"tag":"div","id":null,"name":null,"type":null,"role":null,"ariaLabel":null,"testId":null,"dataLoc":"client/src/pages/Home.tsx:484","href":null,"text":"Gestão de Entregas e FNE Monitoramento de entregas, reentregas e OCT (Order Cycl…","selectorHint":"[data-loc=\"client/src/pages/Home.tsx:484\"]"},"x":941,"y":401}}
[2026-09-24T19:09:51.505Z] {"timestamp":1790276990491,"kind":"click","url":"http://127.0.0.1:3000/","viewport":{"width":1536,"height":826},"payload":{"target":{"tag":"p","id":null,"name":null,"type":null,"role":null,"ariaLabel":null,"testId":null,"dataLoc":"client/src/pages/Home.tsx:479","href":null,"text":"Acompanhamento de % de ocupação do galpão, shelf life e cobertura.","selectorHint":"[data-loc=\"client/src/pages/Home.tsx:479\"]"},"x":1019,"y":169}}
[2026-09-24T19:10:57.657Z] {"timestamp":1790277056743,"kind":"click","url":"http://127.0.0.1:3000/","viewport":{"width":1536,"height":826},"payload":{"target":{"tag":"article","id":null,"name":null,"type":null,"role":null,"ariaLabel":null,"testId":null,"dataLoc":"client/src/pages/Home.tsx:437","href":null,"text":"PLANEJAMENTO & CONTROLE NXS / 02 Torre de Amostra Grátis Entregues 860 mil+ cx R…","selectorHint":"[data-loc=\"client/src/pages/Home.tsx:437\"]"},"x":617,"y":300}}
[2026-09-24T19:10:57.657Z] {"timestamp":1790277057896,"kind":"click","url":"http://127.0.0.1:3000/","viewport":{"width":1536,"height":826},"payload":{"target":{"tag":"img","id":null,"name":null,"type":null,"role":null,"ariaLabel":null,"testId":null,"dataLoc":"client/src/pages/Home.tsx:426","href":null,"text":"","selectorHint":"[data-loc=\"client/src/pages/Home.tsx:426\"]"},"x":617,"y":300}}
[2026-09-24T19:11:01.511Z] {"timestamp":1790277060858,"kind":"scroll","url":"http://127.0.0.1:3000/","viewport":{"width":1536,"height":826},"payload":{"scrollX":0,"scrollY":3752,"documentHeight":7478,"viewportHeight":826}}
[2026-09-24T19:11:01.511Z] {"timestamp":1790277061394,"kind":"scroll","url":"http://127.0.0.1:3000/","viewport":{"width":1536,"height":826},"payload":{"scrollX":0,"scrollY":3544,"documentHeight":7478,"viewportHeight":826}}
[2026-09-24T19:11:01.511Z] {"timestamp":1790277061908,"kind":"scroll","url":"http://127.0.0.1:3000/","viewport":{"width":1536,"height":826},"payload":{"scrollX":0,"scrollY":2564,"documentHeight":7478,"viewportHeight":826}}
[2026-09-24T19:11:03.507Z] {"timestamp":1790277062507,"kind":"scroll","url":"http://127.0.0.1:3000/","viewport":{"width":1536,"height":826},"payload":{"scrollX":0,"scrollY":1416,"documentHeight":7478,"viewportHeight":826}}
[2026-09-24T19:11:03.507Z] {"timestamp":1790277063008,"kind":"scroll","url":"http://127.0.0.1:3000/","viewport":{"width":1536,"height":826},"payload":{"scrollX":0,"scrollY":2504.800048828125,"documentHeight":7478,"viewportHeight":826}}
[2026-09-24T19:11:03.507Z] {"timestamp":1790277063574,"kind":"scroll","url":"http://127.0.0.1:3000/","viewport":{"width":1536,"height":826},"payload":{"scrollX":0,"scrollY":3038.39990234375,"documentHeight":7478,"viewportHeight":826}}
[2026-09-24T19:11:05.522Z] {"timestamp":1790277064075,"kind":"scroll","url":"http://127.0.0.1:3000/","viewport":{"width":1536,"height":826},"payload":{"scrollX":0,"scrollY":2860,"documentHeight":7478,"viewportHeight":826}}
[2026-09-24T19:11:05.522Z] {"timestamp":1790277064590,"kind":"scroll","url":"http://127.0.0.1:3000/","viewport":{"width":1536,"height":826},"payload":{"scrollX":0,"scrollY":2312,"documentHeight":7478,"viewportHeight":826}}
[2026-09-24T19:11:05.522Z] {"timestamp":1790277065274,"kind":"scroll","url":"http://127.0.0.1:3000/","viewport":{"width":1536,"height":826},"payload":{"scrollX":0,"scrollY":2112.800048828125,"documentHeight":7478,"viewportHeight":826}}
[2026-09-24T19:11:05.522Z] {"timestamp":1790277065782,"kind":"scroll","url":"http://127.0.0.1:3000/","viewport":{"width":1536,"height":826},"payload":{"scrollX":0,"scrollY":2297.60009765625,"documentHeight":7478,"viewportHeight":826}}
[2026-09-24T19:11:07.510Z] {"timestamp":1790277066590,"kind":"scroll","url":"http://127.0.0.1:3000/","viewport":{"width":1536,"height":826},"payload":{"scrollX":0,"scrollY":2334.39990234375,"documentHeight":7478,"viewportHeight":826}}
[2026-09-24T19:17:33.512Z] {"timestamp":1790277452385,"kind":"scroll","url":"http://127.0.0.1:3000/","viewport":{"width":1536,"height":826},"payload":{"scrollX":0,"scrollY":2288.800048828125,"documentHeight":7478,"viewportHeight":826}}
[2026-09-24T19:17:33.512Z] {"timestamp":1790277452886,"kind":"scroll","url":"http://127.0.0.1:3000/","viewport":{"width":1536,"height":826},"payload":{"scrollX":0,"scrollY":397.6000061035156,"documentHeight":7478,"viewportHeight":826}}
[2026-09-24T19:17:39.437Z] {"timestamp":1790277459719,"kind":"scroll","url":"http://127.0.0.1:3000/","viewport":{"width":1536,"height":826},"payload":{"scrollX":0,"scrollY":99.19999694824219,"documentHeight":7478,"viewportHeight":826}}
[2026-09-24T19:17:41.433Z] {"timestamp":1790277460257,"kind":"scroll","url":"http://127.0.0.1:3000/","viewport":{"width":1536,"height":826},"payload":{"scrollX":0,"scrollY":670.4000244140625,"documentHeight":7478,"viewportHeight":826}}
[2026-09-24T19:17:41.433Z] {"timestamp":1790277460806,"kind":"scroll","url":"http://127.0.0.1:3000/","viewport":{"width":1536,"height":826},"payload":{"scrollX":0,"scrollY":1182.4000244140625,"documentHeight":7478,"viewportHeight":826}}
[2026-09-24T19:17:41.433Z] {"timestamp":1790277461306,"kind":"scroll","url":"http://127.0.0.1:3000/","viewport":{"width":1536,"height":826},"payload":{"scrollX":0,"scrollY":1540,"documentHeight":7478,"viewportHeight":826}}
[2026-09-24T19:17:41.433Z] {"timestamp":1790277461843,"kind":"scroll","url":"http://127.0.0.1:3000/","viewport":{"width":1536,"height":826},"payload":{"scrollX":0,"scrollY":2776,"documentHeight":7478,"viewportHeight":826}}
[2026-09-24T19:17:43.441Z] {"timestamp":1790277462354,"kind":"scroll","url":"http://127.0.0.1:3000/","viewport":{"width":1536,"height":826},"payload":{"scrollX":0,"scrollY":2656,"documentHeight":7478,"viewportHeight":826}}
[2026-09-24T19:17:43.441Z] {"timestamp":1790277462855,"kind":"scroll","url":"http://127.0.0.1:3000/","viewport":{"width":1536,"height":826},"payload":{"scrollX":0,"scrollY":2508,"documentHeight":7478,"viewportHeight":826}}
[2026-09-24T19:17:45.434Z] {"timestamp":1790277464696,"kind":"click","url":"http://127.0.0.1:3000/","viewport":{"width":1536,"height":826},"payload":{"target":{"tag":"img","id":null,"name":null,"type":null,"role":null,"ariaLabel":null,"testId":null,"dataLoc":"client/src/pages/Home.tsx:334","href":null,"text":"","selectorHint":"[data-loc=\"client/src/pages/Home.tsx:334\"]"},"x":445,"y":363}}
[2026-09-24T19:17:45.434Z] {"timestamp":1790277465869,"kind":"scroll","url":"http://127.0.0.1:3000/","viewport":{"width":1536,"height":826},"payload":{"scrollX":0,"scrollY":2424.800048828125,"documentHeight":7478,"viewportHeight":826}}
[2026-09-24T19:17:47.451Z] {"timestamp":1790277466819,"kind":"scroll","url":"http://127.0.0.1:3000/","viewport":{"width":1536,"height":826},"payload":{"scrollX":0,"scrollY":2572.800048828125,"documentHeight":7478,"viewportHeight":826}}
[2026-09-24T19:17:47.451Z] {"timestamp":1790277467919,"kind":"scroll","url":"http://127.0.0.1:3000/","viewport":{"width":1536,"height":826},"payload":{"scrollX":0,"scrollY":2556,"documentHeight":7478,"viewportHeight":826}}
[2026-09-24T19:17:49.441Z] {"timestamp":1790277468485,"kind":"scroll","url":"http://127.0.0.1:3000/","viewport":{"width":1536,"height":826},"payload":{"scrollX":0,"scrollY":2860.800048828125,"documentHeight":7478,"viewportHeight":826}}
[2026-09-24T19:17:49.441Z] {"timestamp":1790277469136,"kind":"scroll","url":"http://127.0.0.1:3000/","viewport":{"width":1536,"height":826},"payload":{"scrollX":0,"scrollY":3192.800048828125,"documentHeight":7478,"viewportHeight":826}}
[2026-09-24T19:17:49.441Z] {"timestamp":1790277469685,"kind":"scroll","url":"http://127.0.0.1:3000/","viewport":{"width":1536,"height":826},"payload":{"scrollX":0,"scrollY":3492.800048828125,"documentHeight":7478,"viewportHeight":826}}
[2026-09-24T19:17:51.436Z] {"timestamp":1790277470220,"kind":"scroll","url":"http://127.0.0.1:3000/","viewport":{"width":1536,"height":826},"payload":{"scrollX":0,"scrollY":3535.199951171875,"documentHeight":7478,"viewportHeight":826}}
[2026-09-24T19:17:51.437Z] {"timestamp":1790277470970,"kind":"scroll","url":"http://127.0.0.1:3000/","viewport":{"width":1536,"height":826},"payload":{"scrollX":0,"scrollY":3592.800048828125,"documentHeight":7478,"viewportHeight":826}}
[2026-09-24T19:17:51.437Z] {"timestamp":1790277471470,"kind":"scroll","url":"http://127.0.0.1:3000/","viewport":{"width":1536,"height":826},"payload":{"scrollX":0,"scrollY":3686.39990234375,"documentHeight":7478,"viewportHeight":826}}
[2026-09-24T19:17:53.445Z] {"timestamp":1790277472036,"kind":"scroll","url":"http://127.0.0.1:3000/","viewport":{"width":1536,"height":826},"payload":{"scrollX":0,"scrollY":3723.199951171875,"documentHeight":7478,"viewportHeight":826}}
[2026-09-24T19:17:53.445Z] {"timestamp":1790277472669,"kind":"scroll","url":"http://127.0.0.1:3000/","viewport":{"width":1536,"height":826},"payload":{"scrollX":0,"scrollY":3726.39990234375,"documentHeight":7478,"viewportHeight":826}}
[2026-09-24T19:17:53.445Z] {"timestamp":1790277473303,"kind":"scroll","url":"http://127.0.0.1:3000/","viewport":{"width":1536,"height":826},"payload":{"scrollX":0,"scrollY":3736,"documentHeight":7478,"viewportHeight":826}}
[2026-09-24T19:17:55.437Z] {"timestamp":1790277474020,"kind":"click","url":"http://127.0.0.1:3000/","viewport":{"width":1536,"height":826},"payload":{"target":{"tag":"img","id":null,"name":null,"type":null,"role":null,"ariaLabel":null,"testId":null,"dataLoc":"client/src/pages/Home.tsx:450","href":null,"text":"","selectorHint":"[data-loc=\"client/src/pages/Home.tsx:450\"]"},"x":622,"y":400}}
[2026-09-24T19:17:55.437Z] {"timestamp":1790277475081,"kind":"click","url":"http://127.0.0.1:3000/","viewport":{"width":1536,"height":826},"payload":{"target":{"tag":"article","id":null,"name":null,"type":null,"role":null,"ariaLabel":null,"testId":null,"dataLoc":"client/src/pages/Home.tsx:461","href":null,"text":"PLANEJAMENTO & CONTROLE NXS / 02 Torre de Amostra Grátis Entregues 860 mil+ cx R…","selectorHint":"[data-loc=\"client/src/pages/Home.tsx:461\"]"},"x":622,"y":400}}
[2026-09-24T19:17:57.453Z] {"timestamp":1790277476404,"kind":"scroll","url":"http://127.0.0.1:3000/","viewport":{"width":1536,"height":826},"payload":{"scrollX":0,"scrollY":3698.39990234375,"documentHeight":7478,"viewportHeight":826}}
[2026-09-24T19:17:57.453Z] {"timestamp":1790277476905,"kind":"scroll","url":"http://127.0.0.1:3000/","viewport":{"width":1536,"height":826},"payload":{"scrollX":0,"scrollY":2658.39990234375,"documentHeight":7478,"viewportHeight":826}}
[2026-09-24T19:17:57.453Z] {"timestamp":1790277477418,"kind":"scroll","url":"http://127.0.0.1:3000/","viewport":{"width":1536,"height":826},"payload":{"scrollX":0,"scrollY":1618.4000244140625,"documentHeight":7478,"viewportHeight":826}}
[2026-09-24T19:17:57.453Z] {"timestamp":1790277477920,"kind":"scroll","url":"http://127.0.0.1:3000/","viewport":{"width":1536,"height":826},"payload":{"scrollX":0,"scrollY":2395.199951171875,"documentHeight":7478,"viewportHeight":826}}
[2026-09-24T19:17:59.437Z] {"timestamp":1790277478436,"kind":"scroll","url":"http://127.0.0.1:3000/","viewport":{"width":1536,"height":826},"payload":{"scrollX":0,"scrollY":2824,"documentHeight":7478,"viewportHeight":826}}
[2026-09-24T19:17:59.437Z] {"timestamp":1790277479186,"kind":"scroll","url":"http://127.0.0.1:3000/","viewport":{"width":1536,"height":826},"payload":{"scrollX":0,"scrollY":2451.199951171875,"documentHeight":7478,"viewportHeight":826}}
[2026-09-24T19:17:59.437Z] {"timestamp":1790277479870,"kind":"scroll","url":"http://127.0.0.1:3000/","viewport":{"width":1536,"height":826},"payload":{"scrollX":0,"scrollY":2460.800048828125,"documentHeight":7478,"viewportHeight":826}}
[2026-09-24T19:18:03.455Z] {"timestamp":1790277482319,"kind":"scroll","url":"http://127.0.0.1:3000/","viewport":{"width":1536,"height":826},"payload":{"scrollX":0,"scrollY":2470.39990234375,"documentHeight":7478,"viewportHeight":826}}
[2026-09-24T19:18:03.455Z] {"timestamp":1790277482820,"kind":"scroll","url":"http://127.0.0.1:3000/","viewport":{"width":1536,"height":826},"payload":{"scrollX":0,"scrollY":2599.199951171875,"documentHeight":7478,"viewportHeight":826}}
[2026-09-24T19:18:03.455Z] {"timestamp":1790277483337,"kind":"scroll","url":"http://127.0.0.1:3000/","viewport":{"width":1536,"height":826},"payload":{"scrollX":0,"scrollY":3312,"documentHeight":7478,"viewportHeight":826}}
[2026-09-24T19:18:03.455Z] {"timestamp":1790277483877,"kind":"scroll","url":"http://127.0.0.1:3000/","viewport":{"width":1536,"height":826},"payload":{"scrollX":0,"scrollY":3656.800048828125,"documentHeight":7478,"viewportHeight":826}}
[2026-09-24T19:18:05.443Z] {"timestamp":1790277485020,"kind":"scroll","url":"http://127.0.0.1:3000/","viewport":{"width":1536,"height":826},"payload":{"scrollX":0,"scrollY":3780.800048828125,"documentHeight":7478,"viewportHeight":826}}
[2026-09-24T19:18:05.443Z] {"timestamp":1790277485537,"kind":"scroll","url":"http://127.0.0.1:3000/","viewport":{"width":1536,"height":826},"payload":{"scrollX":0,"scrollY":3835.199951171875,"documentHeight":7478,"viewportHeight":826}}
[2026-09-24T19:18:09.438Z] {"timestamp":1790277489685,"kind":"scroll","url":"http://127.0.0.1:3000/","viewport":{"width":1536,"height":826},"payload":{"scrollX":0,"scrollY":3876,"documentHeight":7478,"viewportHeight":826}}
[2026-09-24T19:18:15.840Z] {"timestamp":1790277494935,"kind":"scroll","url":"http://127.0.0.1:3000/","viewport":{"width":1536,"height":826},"payload":{"scrollX":0,"scrollY":3970.39990234375,"documentHeight":7478,"viewportHeight":826}}
[2026-09-24T19:18:15.840Z] {"timestamp":1790277495473,"kind":"scroll","url":"http://127.0.0.1:3000/","viewport":{"width":1536,"height":826},"payload":{"scrollX":0,"scrollY":4240,"documentHeight":7478,"viewportHeight":826}}
[2026-09-24T19:18:17.450Z] {"timestamp":1790277496006,"kind":"scroll","url":"http://127.0.0.1:3000/","viewport":{"width":1536,"height":826},"payload":{"scrollX":0,"scrollY":4531.2001953125,"documentHeight":7478,"viewportHeight":826}}
[2026-09-24T19:18:17.450Z] {"timestamp":1790277496537,"kind":"scroll","url":"http://127.0.0.1:3000/","viewport":{"width":1536,"height":826},"payload":{"scrollX":0,"scrollY":4742.39990234375,"documentHeight":7478,"viewportHeight":826}}
[2026-09-24T19:18:17.450Z] {"timestamp":1790277497054,"kind":"scroll","url":"http://127.0.0.1:3000/","viewport":{"width":1536,"height":826},"payload":{"scrollX":0,"scrollY":5123.2001953125,"documentHeight":7478,"viewportHeight":826}}
[2026-09-24T19:18:17.450Z] {"timestamp":1790277497562,"kind":"scroll","url":"http://127.0.0.1:3000/","viewport":{"width":1536,"height":826},"payload":{"scrollX":0,"scrollY":5282.39990234375,"documentHeight":7478,"viewportHeight":826}}
[2026-09-24T19:18:19.434Z] {"timestamp":1790277498171,"kind":"scroll","url":"http://127.0.0.1:3000/","viewport":{"width":1536,"height":826},"payload":{"scrollX":0,"scrollY":4546.39990234375,"documentHeight":7478,"viewportHeight":826}}
[2026-09-24T19:18:19.434Z] {"timestamp":1790277498820,"kind":"scroll","url":"http://127.0.0.1:3000/","viewport":{"width":1536,"height":826},"payload":{"scrollX":0,"scrollY":4710.39990234375,"documentHeight":7478,"viewportHeight":826}}
[2026-09-24T19:18:19.434Z] {"timestamp":1790277499368,"kind":"scroll","url":"http://127.0.0.1:3000/","viewport":{"width":1536,"height":826},"payload":{"scrollX":0,"scrollY":4748,"documentHeight":7478,"viewportHeight":826}}
[2026-09-24T19:18:21.446Z] {"timestamp":1790277499935,"kind":"scroll","url":"http://127.0.0.1:3000/","viewport":{"width":1536,"height":826},"payload":{"scrollX":0,"scrollY":4816,"documentHeight":7478,"viewportHeight":826}}
[2026-09-24T19:18:23.438Z] {"timestamp":1790277503085,"kind":"scroll","url":"http://127.0.0.1:3000/","viewport":{"width":1536,"height":826},"payload":{"scrollX":0,"scrollY":4835.2001953125,"documentHeight":7478,"viewportHeight":826}}
[2026-09-24T19:18:23.438Z] {"timestamp":1790277503590,"kind":"scroll","url":"http://127.0.0.1:3000/","viewport":{"width":1536,"height":826},"payload":{"scrollX":0,"scrollY":4955.2001953125,"documentHeight":7478,"viewportHeight":826}}
[2026-09-24T19:18:25.434Z] {"timestamp":1790277504120,"kind":"scroll","url":"http://127.0.0.1:3000/","viewport":{"width":1536,"height":826},"payload":{"scrollX":0,"scrollY":4982.39990234375,"documentHeight":7478,"viewportHeight":826}}
[2026-09-24T19:18:25.434Z] {"timestamp":1790277504637,"kind":"scroll","url":"http://127.0.0.1:3000/","viewport":{"width":1536,"height":826},"payload":{"scrollX":0,"scrollY":5024,"documentHeight":7478,"viewportHeight":826}}
[2026-09-24T19:18:27.441Z] {"timestamp":1790277505969,"kind":"scroll","url":"http://127.0.0.1:3000/","viewport":{"width":1536,"height":826},"payload":{"scrollX":0,"scrollY":5034.39990234375,"documentHeight":7478,"viewportHeight":826}}
[2026-09-24T19:18:29.439Z] {"timestamp":1790277508219,"kind":"scroll","url":"http://127.0.0.1:3000/","viewport":{"width":1536,"height":826},"payload":{"scrollX":0,"scrollY":5051.2001953125,"documentHeight":7478,"viewportHeight":826}}
[2026-09-24T19:18:29.439Z] {"timestamp":1790277508820,"kind":"scroll","url":"http://127.0.0.1:3000/","viewport":{"width":1536,"height":826},"payload":{"scrollX":0,"scrollY":5620,"documentHeight":7478,"viewportHeight":826}}
[2026-09-24T19:18:29.439Z] {"timestamp":1790277509339,"kind":"scroll","url":"http://127.0.0.1:3000/","viewport":{"width":1536,"height":826},"payload":{"scrollX":0,"scrollY":6100,"documentHeight":7478,"viewportHeight":826}}
[2026-09-24T19:18:31.445Z] {"timestamp":1790277510969,"kind":"scroll","url":"http://127.0.0.1:3000/","viewport":{"width":1536,"height":826},"payload":{"scrollX":0,"scrollY":6590.39990234375,"documentHeight":7478,"viewportHeight":826}}
[2026-09-24T19:18:31.445Z] {"timestamp":1790277511487,"kind":"scroll","url":"http://127.0.0.1:3000/","viewport":{"width":1536,"height":826},"payload":{"scrollX":0,"scrollY":5492.7998046875,"documentHeight":7478,"viewportHeight":826}}
[2026-09-24T19:18:33.438Z] {"timestamp":1790277511988,"kind":"scroll","url":"http://127.0.0.1:3000/","viewport":{"width":1536,"height":826},"payload":{"scrollX":0,"scrollY":2980,"documentHeight":7478,"viewportHeight":826}}
[2026-09-24T19:18:33.438Z] {"timestamp":1790277512494,"kind":"scroll","url":"http://127.0.0.1:3000/","viewport":{"width":1536,"height":826},"payload":{"scrollX":0,"scrollY":1438.4000244140625,"documentHeight":7478,"viewportHeight":826}}
[2026-09-24T19:18:33.438Z] {"timestamp":1790277513004,"kind":"scroll","url":"http://127.0.0.1:3000/","viewport":{"width":1536,"height":826},"payload":{"scrollX":0,"scrollY":3204.800048828125,"documentHeight":7478,"viewportHeight":826}}
[2026-09-24T19:18:33.438Z] {"timestamp":1790277513504,"kind":"scroll","url":"http://127.0.0.1:3000/","viewport":{"width":1536,"height":826},"payload":{"scrollX":0,"scrollY":3595.199951171875,"documentHeight":7478,"viewportHeight":826}}
[2026-09-24T19:18:35.450Z] {"timestamp":1790277514038,"kind":"scroll","url":"http://127.0.0.1:3000/","viewport":{"width":1536,"height":826},"payload":{"scrollX":0,"scrollY":3767.199951171875,"documentHeight":7478,"viewportHeight":826}}
[2026-09-24T19:18:35.450Z] {"timestamp":1790277515653,"kind":"scroll","url":"http://127.0.0.1:3000/","viewport":{"width":1536,"height":826},"payload":{"scrollX":0,"scrollY":3532.800048828125,"documentHeight":7478,"viewportHeight":826}}
[2026-09-24T19:18:37.439Z] {"timestamp":1790277517255,"kind":"click","url":"http://127.0.0.1:3000/","viewport":{"width":1536,"height":826},"payload":{"target":{"tag":"img","id":null,"name":null,"type":null,"role":null,"ariaLabel":null,"testId":null,"dataLoc":"client/src/pages/Home.tsx:450","href":null,"text":"","selectorHint":"[data-loc=\"client/src/pages/Home.tsx:450\"]"},"x":564,"y":296}}
[2026-09-24T19:18:39.438Z] {"timestamp":1790277518494,"kind":"click","url":"http://127.0.0.1:3000/","viewport":{"width":1536,"height":826},"payload":{"target":{"tag":"div","id":null,"name":null,"type":null,"role":null,"ariaLabel":null,"testId":null,"dataLoc":"client/src/pages/Home.tsx:470","href":null,"text":"Torre de Amostra Grátis","selectorHint":"[data-loc=\"client/src/pages/Home.tsx:470\"]"},"x":564,"y":296}}
[2026-09-24T19:18:43.435Z] {"timestamp":1790277522519,"kind":"scroll","url":"http://127.0.0.1:3000/","viewport":{"width":1536,"height":826},"payload":{"scrollX":0,"scrollY":3598.39990234375,"documentHeight":7478,"viewportHeight":826}}
[2026-09-24T19:18:43.436Z] {"timestamp":1790277523037,"kind":"scroll","url":"http://127.0.0.1:3000/","viewport":{"width":1536,"height":826},"payload":{"scrollX":0,"scrollY":3043.199951171875,"documentHeight":7478,"viewportHeight":826}}
[2026-09-24T19:18:43.436Z] {"timestamp":1790277523554,"kind":"scroll","url":"http://127.0.0.1:3000/","viewport":{"width":1536,"height":826},"payload":{"scrollX":0,"scrollY":2143.199951171875,"documentHeight":7478,"viewportHeight":826}}
[2026-09-24T19:18:45.443Z] {"timestamp":1790277524702,"kind":"scroll","url":"http://127.0.0.1:3000/","viewport":{"width":1536,"height":826},"payload":{"scrollX":0,"scrollY":2084,"documentHeight":7478,"viewportHeight":826}}
[2026-09-24T19:18:47.442Z] {"timestamp":1790277525944,"kind":"click","url":"http://127.0.0.1:3000/","viewport":{"width":1536,"height":826},"payload":{"target":{"tag":"div","id":null,"name":null,"type":null,"role":null,"ariaLabel":null,"testId":null,"dataLoc":"client/src/pages/Home.tsx:363","href":null,"text":"Saídas E-mail + BI","selectorHint":"[data-loc=\"client/src/pages/Home.tsx:363\"]"},"x":526,"y":410}}
[2026-09-24T19:18:51.447Z] {"timestamp":1790277531918,"kind":"scroll","url":"http://127.0.0.1:3000/","viewport":{"width":1536,"height":826},"payload":{"scrollX":0,"scrollY":2362.39990234375,"documentHeight":7478,"viewportHeight":826}}
[2026-09-24T19:18:53.439Z] {"timestamp":1790277532419,"kind":"scroll","url":"http://127.0.0.1:3000/","viewport":{"width":1536,"height":826},"payload":{"scrollX":0,"scrollY":2428,"documentHeight":7478,"viewportHeight":826}}
[2026-09-24T19:18:53.439Z] {"timestamp":1790277533667,"kind":"click","url":"http://127.0.0.1:3000/","viewport":{"width":1536,"height":826},"payload":{"target":{"tag":"img","id":null,"name":null,"type":null,"role":null,"ariaLabel":null,"testId":null,"dataLoc":"client/src/pages/Home.tsx:334","href":null,"text":"","selectorHint":"[data-loc=\"client/src/pages/Home.tsx:334\"]"},"x":526,"y":410}}
[2026-09-24T19:21:19.599Z] {"timestamp":1790277678184,"kind":"scroll","url":"http://127.0.0.1:3000/","viewport":{"width":1536,"height":826},"payload":{"scrollX":0,"scrollY":2488.800048828125,"documentHeight":7478,"viewportHeight":826}}
[2026-09-24T19:21:19.599Z] {"timestamp":1790277678717,"kind":"scroll","url":"http://127.0.0.1:3000/","viewport":{"width":1536,"height":826},"payload":{"scrollX":0,"scrollY":2872.800048828125,"documentHeight":7478,"viewportHeight":826}}
[2026-09-24T19:21:19.599Z] {"timestamp":1790277679221,"kind":"scroll","url":"http://127.0.0.1:3000/","viewport":{"width":1536,"height":826},"payload":{"scrollX":0,"scrollY":3796.800048828125,"documentHeight":7478,"viewportHeight":826}}
[2026-09-24T19:21:19.599Z] {"timestamp":1790277679737,"kind":"scroll","url":"http://127.0.0.1:3000/","viewport":{"width":1536,"height":826},"payload":{"scrollX":0,"scrollY":3028,"documentHeight":7478,"viewportHeight":826}}
[2026-09-24T19:21:21.437Z] {"timestamp":1790277680268,"kind":"scroll","url":"http://127.0.0.1:3000/","viewport":{"width":1536,"height":826},"payload":{"scrollX":0,"scrollY":1868.800048828125,"documentHeight":7478,"viewportHeight":826}}
[2026-09-24T19:21:21.437Z] {"timestamp":1790277680786,"kind":"scroll","url":"http://127.0.0.1:3000/","viewport":{"width":1536,"height":826},"payload":{"scrollX":0,"scrollY":1631.199951171875,"documentHeight":7478,"viewportHeight":826}}
[2026-09-24T19:21:21.437Z] {"timestamp":1790277681301,"kind":"scroll","url":"http://127.0.0.1:3000/","viewport":{"width":1536,"height":826},"payload":{"scrollX":0,"scrollY":2979.199951171875,"documentHeight":7478,"viewportHeight":826}}
[2026-09-24T19:21:21.437Z] {"timestamp":1790277681802,"kind":"scroll","url":"http://127.0.0.1:3000/","viewport":{"width":1536,"height":826},"payload":{"scrollX":0,"scrollY":2411.199951171875,"documentHeight":7478,"viewportHeight":826}}
[2026-09-24T19:21:23.453Z] {"timestamp":1790277682485,"kind":"scroll","url":"http://127.0.0.1:3000/","viewport":{"width":1536,"height":826},"payload":{"scrollX":0,"scrollY":2388,"documentHeight":7478,"viewportHeight":826}}
[2026-09-24T19:24:43.034Z] {"timestamp":1790277882180,"kind":"scroll","url":"http://127.0.0.1:3000/","viewport":{"width":1536,"height":826},"payload":{"scrollX":0,"scrollY":2388.800048828125,"documentHeight":7121,"viewportHeight":826}}
[2026-09-24T19:24:47.048Z] {"timestamp":1790277886547,"kind":"scroll","url":"http://127.0.0.1:3000/","viewport":{"width":1536,"height":826},"payload":{"scrollX":0,"scrollY":2344.800048828125,"documentHeight":7478,"viewportHeight":826}}
[2026-09-24T19:24:47.048Z] {"timestamp":1790277887091,"kind":"scroll","url":"http://127.0.0.1:3000/","viewport":{"width":1536,"height":826},"payload":{"scrollX":0,"scrollY":0,"documentHeight":7478,"viewportHeight":826}}
[2026-09-24T19:25:33.701Z] {"timestamp":1790277932204,"kind":"scroll","url":"http://127.0.0.1:3000/","viewport":{"width":1536,"height":826},"payload":{"scrollX":0,"scrollY":2.4000000953674316,"documentHeight":7478,"viewportHeight":826}}
[2026-09-24T19:25:33.701Z] {"timestamp":1790277932735,"kind":"scroll","url":"http://127.0.0.1:3000/","viewport":{"width":1536,"height":826},"payload":{"scrollX":0,"scrollY":767.2000122070312,"documentHeight":7478,"viewportHeight":826}}
[2026-09-24T19:25:33.701Z] {"timestamp":1790277933247,"kind":"scroll","url":"http://127.0.0.1:3000/","viewport":{"width":1536,"height":826},"payload":{"scrollX":0,"scrollY":1280.800048828125,"documentHeight":7478,"viewportHeight":826}}
[2026-09-24T19:25:33.701Z] {"timestamp":1790277933750,"kind":"scroll","url":"http://127.0.0.1:3000/","viewport":{"width":1536,"height":826},"payload":{"scrollX":0,"scrollY":1632.800048828125,"documentHeight":7478,"viewportHeight":826}}
[2026-09-24T19:25:35.543Z] {"timestamp":1790277934283,"kind":"scroll","url":"http://127.0.0.1:3000/","viewport":{"width":1536,"height":826},"payload":{"scrollX":0,"scrollY":2400.800048828125,"documentHeight":7478,"viewportHeight":826}}
[2026-09-24T19:25:35.543Z] {"timestamp":1790277934865,"kind":"scroll","url":"http://127.0.0.1:3000/","viewport":{"width":1536,"height":826},"payload":{"scrollX":0,"scrollY":2540,"documentHeight":7478,"viewportHeight":826}}
[2026-09-24T19:25:35.543Z] {"timestamp":1790277935399,"kind":"scroll","url":"http://127.0.0.1:3000/","viewport":{"width":1536,"height":826},"payload":{"scrollX":0,"scrollY":2772,"documentHeight":7478,"viewportHeight":826}}
[2026-09-24T19:25:35.543Z] {"timestamp":1790277935980,"kind":"scroll","url":"http://127.0.0.1:3000/","viewport":{"width":1536,"height":826},"payload":{"scrollX":0,"scrollY":2967.199951171875,"documentHeight":7478,"viewportHeight":826}}
[2026-09-24T19:25:37.553Z] {"timestamp":1790277936481,"kind":"scroll","url":"http://127.0.0.1:3000/","viewport":{"width":1536,"height":826},"payload":{"scrollX":0,"scrollY":2412.800048828125,"documentHeight":7478,"viewportHeight":826}}
[2026-09-24T19:25:37.553Z] {"timestamp":1790277936982,"kind":"scroll","url":"http://127.0.0.1:3000/","viewport":{"width":1536,"height":826},"payload":{"scrollX":0,"scrollY":1999.199951171875,"documentHeight":7478,"viewportHeight":826}}
[2026-09-24T19:25:37.553Z] {"timestamp":1790277937497,"kind":"scroll","url":"http://127.0.0.1:3000/","viewport":{"width":1536,"height":826},"payload":{"scrollX":0,"scrollY":2418.39990234375,"documentHeight":7478,"viewportHeight":826}}
[2026-09-24T19:25:43.546Z] {"timestamp":1790277942080,"kind":"scroll","url":"http://127.0.0.1:3000/","viewport":{"width":1536,"height":826},"payload":{"scrollX":0,"scrollY":2415.199951171875,"documentHeight":7478,"viewportHeight":826}}
[2026-09-24T19:25:43.546Z] {"timestamp":1790277942598,"kind":"scroll","url":"http://127.0.0.1:3000/","viewport":{"width":1536,"height":826},"payload":{"scrollX":0,"scrollY":1396.800048828125,"documentHeight":7478,"viewportHeight":826}}
[2026-09-24T19:25:43.546Z] {"timestamp":1790277943133,"kind":"scroll","url":"http://127.0.0.1:3000/","viewport":{"width":1536,"height":826},"payload":{"scrollX":0,"scrollY":144.8000030517578,"documentHeight":7478,"viewportHeight":826}}
[2026-09-24T19:26:47.804Z] {"timestamp":1790278007813,"kind":"scroll","url":"http://127.0.0.1:3000/","viewport":{"width":1536,"height":826},"payload":{"scrollX":0,"scrollY":55.20000076293945,"documentHeight":7478,"viewportHeight":826}}
[2026-09-24T19:26:49.553Z] {"timestamp":1790278008315,"kind":"scroll","url":"http://127.0.0.1:3000/","viewport":{"width":1536,"height":826},"payload":{"scrollX":0,"scrollY":472.79998779296875,"documentHeight":7478,"viewportHeight":826}}
[2026-09-24T19:26:49.553Z] {"timestamp":1790278008831,"kind":"scroll","url":"http://127.0.0.1:3000/","viewport":{"width":1536,"height":826},"payload":{"scrollX":0,"scrollY":832,"documentHeight":7478,"viewportHeight":826}}
[2026-09-24T19:26:59.701Z] {"timestamp":1790278019298,"kind":"scroll","url":"http://127.0.0.1:3000/","viewport":{"width":1536,"height":826},"payload":{"scrollX":0,"scrollY":718.4000244140625,"documentHeight":7478,"viewportHeight":826}}
[2026-09-24T19:27:07.703Z] {"timestamp":1790278026950,"kind":"scroll","url":"http://127.0.0.1:3000/","viewport":{"width":1536,"height":826},"payload":{"scrollX":0,"scrollY":20.799999237060547,"documentHeight":7478,"viewportHeight":826}}
[2026-09-24T19:27:07.703Z] {"timestamp":1790278027514,"kind":"scroll","url":"http://127.0.0.1:3000/","viewport":{"width":1536,"height":826},"payload":{"scrollX":0,"scrollY":443.20001220703125,"documentHeight":7478,"viewportHeight":826}}
[2026-09-24T19:27:09.547Z] {"timestamp":1790278028063,"kind":"scroll","url":"http://127.0.0.1:3000/","viewport":{"width":1536,"height":826},"payload":{"scrollX":0,"scrollY":808,"documentHeight":7478,"viewportHeight":826}}
[2026-09-24T19:27:17.711Z] {"timestamp":1790278037829,"kind":"scroll","url":"http://127.0.0.1:3000/","viewport":{"width":1536,"height":826},"payload":{"scrollX":0,"scrollY":738.4000244140625,"documentHeight":7478,"viewportHeight":826}}
[2026-09-24T19:27:25.825Z] {"timestamp":1790278045729,"kind":"scroll","url":"http://127.0.0.1:3000/","viewport":{"width":1536,"height":826},"payload":{"scrollX":0,"scrollY":51.20000076293945,"documentHeight":7478,"viewportHeight":826}}
[2026-09-24T19:27:27.551Z] {"timestamp":1790278046285,"kind":"scroll","url":"http://127.0.0.1:3000/","viewport":{"width":1536,"height":826},"payload":{"scrollX":0,"scrollY":498.3999938964844,"documentHeight":7478,"viewportHeight":826}}
[2026-09-24T19:27:27.551Z] {"timestamp":1790278046948,"kind":"scroll","url":"http://127.0.0.1:3000/","viewport":{"width":1536,"height":826},"payload":{"scrollX":0,"scrollY":728,"documentHeight":7478,"viewportHeight":826}}
[2026-09-24T19:27:39.698Z] {"timestamp":1790278059314,"kind":"scroll","url":"http://127.0.0.1:3000/","viewport":{"width":1536,"height":826},"payload":{"scrollX":0,"scrollY":764.7999877929688,"documentHeight":7478,"viewportHeight":826}}
[2026-09-24T19:27:39.698Z] {"timestamp":1790278059821,"kind":"scroll","url":"http://127.0.0.1:3000/","viewport":{"width":1536,"height":826},"payload":{"scrollX":0,"scrollY":1022.4000244140625,"documentHeight":7478,"viewportHeight":826}}
[2026-09-24T19:27:41.552Z] {"timestamp":1790278060345,"kind":"scroll","url":"http://127.0.0.1:3000/","viewport":{"width":1536,"height":826},"payload":{"scrollX":0,"scrollY":1348.800048828125,"documentHeight":7478,"viewportHeight":826}}
[2026-09-24T19:27:41.552Z] {"timestamp":1790278060847,"kind":"scroll","url":"http://127.0.0.1:3000/","viewport":{"width":1536,"height":826},"payload":{"scrollX":0,"scrollY":1444.800048828125,"documentHeight":7478,"viewportHeight":826}}
[2026-09-24T19:27:41.552Z] {"timestamp":1790278061364,"kind":"scroll","url":"http://127.0.0.1:3000/","viewport":{"width":1536,"height":826},"payload":{"scrollX":0,"scrollY":1468,"documentHeight":7478,"viewportHeight":826}}
[2026-09-24T19:28:09.718Z] {"timestamp":1790278088080,"kind":"scroll","url":"http://127.0.0.1:3000/","viewport":{"width":1536,"height":826},"payload":{"scrollX":0,"scrollY":1527.199951171875,"documentHeight":7478,"viewportHeight":826}}
[2026-09-24T19:28:09.718Z] {"timestamp":1790278088645,"kind":"scroll","url":"http://127.0.0.1:3000/","viewport":{"width":1536,"height":826},"payload":{"scrollX":0,"scrollY":1807.199951171875,"documentHeight":7478,"viewportHeight":826}}
[2026-09-24T19:28:09.718Z] {"timestamp":1790278089314,"kind":"scroll","url":"http://127.0.0.1:3000/","viewport":{"width":1536,"height":826},"payload":{"scrollX":0,"scrollY":2242.39990234375,"documentHeight":7478,"viewportHeight":826}}
[2026-09-24T19:28:09.718Z] {"timestamp":1790278089848,"kind":"scroll","url":"http://127.0.0.1:3000/","viewport":{"width":1536,"height":826},"payload":{"scrollX":0,"scrollY":2495.199951171875,"documentHeight":7478,"viewportHeight":826}}
[2026-09-24T19:28:11.544Z] {"timestamp":1790278090446,"kind":"scroll","url":"http://127.0.0.1:3000/","viewport":{"width":1536,"height":826},"payload":{"scrollX":0,"scrollY":2372.800048828125,"documentHeight":7478,"viewportHeight":826}}
[2026-09-24T19:30:25.716Z] {"timestamp":1790278225660,"kind":"click","url":"http://127.0.0.1:3000/","viewport":{"width":1536,"height":826},"payload":{"target":{"tag":"img","id":null,"name":null,"type":null,"role":null,"ariaLabel":null,"testId":null,"dataLoc":"client/src/pages/Home.tsx:336","href":null,"text":"","selectorHint":"[data-loc=\"client/src/pages/Home.tsx:336\"]"},"x":547,"y":471}}
[2026-09-24T19:30:27.547Z] {"timestamp":1790278227010,"kind":"scroll","url":"http://127.0.0.1:3000/","viewport":{"width":1536,"height":826},"payload":{"scrollX":0,"scrollY":2446.39990234375,"documentHeight":7478,"viewportHeight":826}}
[2026-09-24T19:31:03.712Z] {"timestamp":1790278263173,"kind":"click","url":"http://127.0.0.1:3000/","viewport":{"width":1536,"height":826},"payload":{"target":{"tag":"article","id":null,"name":null,"type":null,"role":null,"ariaLabel":null,"testId":null,"dataLoc":"client/src/pages/Home.tsx:347","href":null,"text":"OPERAÇÃO & VISIBILIDADE NXS / 01 Painel Intercompany Atualizações 04x / dia Saíd…","selectorHint":"[data-loc=\"client/src/pages/Home.tsx:347\"]"},"x":547,"y":471}}
[2026-09-24T19:31:39.753Z] {"timestamp":1790278299143,"kind":"scroll","url":"http://127.0.0.1:3000/","viewport":{"width":1536,"height":826},"payload":{"scrollX":0,"scrollY":2324.800048828125,"documentHeight":7478,"viewportHeight":826}}
[2026-09-24T19:31:39.753Z] {"timestamp":1790278299646,"kind":"scroll","url":"http://127.0.0.1:3000/","viewport":{"width":1536,"height":826},"payload":{"scrollX":0,"scrollY":1344.800048828125,"documentHeight":7478,"viewportHeight":826}}
[2026-09-24T19:31:41.554Z] {"timestamp":1790278300179,"kind":"scroll","url":"http://127.0.0.1:3000/","viewport":{"width":1536,"height":826},"payload":{"scrollX":0,"scrollY":647.2000122070312,"documentHeight":7478,"viewportHeight":826}}
[2026-09-24T19:31:41.554Z] {"timestamp":1790278300693,"kind":"scroll","url":"http://127.0.0.1:3000/","viewport":{"width":1536,"height":826},"payload":{"scrollX":0,"scrollY":280.79998779296875,"documentHeight":7478,"viewportHeight":826}}
[2026-09-24T19:31:47.947Z] {"timestamp":1790278307044,"kind":"scroll","url":"http://127.0.0.1:3000/","viewport":{"width":1536,"height":826},"payload":{"scrollX":0,"scrollY":92,"documentHeight":7478,"viewportHeight":826}}
[2026-09-24T19:31:47.947Z] {"timestamp":1790278307614,"kind":"scroll","url":"http://127.0.0.1:3000/","viewport":{"width":1536,"height":826},"payload":{"scrollX":0,"scrollY":676.7999877929688,"documentHeight":7478,"viewportHeight":826}}
[2026-09-24T19:31:49.557Z] {"timestamp":1790278308146,"kind":"scroll","url":"http://127.0.0.1:3000/","viewport":{"width":1536,"height":826},"payload":{"scrollX":0,"scrollY":791.2000122070312,"documentHeight":7478,"viewportHeight":826}}
[2026-09-24T19:32:11.693Z] {"timestamp":1790278330877,"kind":"scroll","url":"http://127.0.0.1:3000/","viewport":{"width":1536,"height":826},"payload":{"scrollX":0,"scrollY":820,"documentHeight":7478,"viewportHeight":826}}
[2026-09-24T19:32:11.693Z] {"timestamp":1790278331378,"kind":"scroll","url":"http://127.0.0.1:3000/","viewport":{"width":1536,"height":826},"payload":{"scrollX":0,"scrollY":1160,"documentHeight":7478,"viewportHeight":826}}
[2026-09-24T19:32:11.693Z] {"timestamp":1790278331910,"kind":"scroll","url":"http://127.0.0.1:3000/","viewport":{"width":1536,"height":826},"payload":{"scrollX":0,"scrollY":1520,"documentHeight":7478,"viewportHeight":826}}
[2026-09-24T19:32:33.725Z] {"timestamp":1790278353793,"kind":"scroll","url":"http://127.0.0.1:3000/","viewport":{"width":1536,"height":826},"payload":{"scrollX":0,"scrollY":1534.4000244140625,"documentHeight":7478,"viewportHeight":826}}
[2026-09-24T19:32:35.552Z] {"timestamp":1790278354645,"kind":"scroll","url":"http://127.0.0.1:3000/","viewport":{"width":1536,"height":826},"payload":{"scrollX":0,"scrollY":1700,"documentHeight":7478,"viewportHeight":826}}
[2026-09-24T19:32:41.846Z] {"timestamp":1790278361827,"kind":"scroll","url":"http://127.0.0.1:3000/","viewport":{"width":1536,"height":826},"payload":{"scrollX":0,"scrollY":1784.800048828125,"documentHeight":7478,"viewportHeight":826}}
[2026-09-24T19:32:43.553Z] {"timestamp":1790278362327,"kind":"scroll","url":"http://127.0.0.1:3000/","viewport":{"width":1536,"height":826},"payload":{"scrollX":0,"scrollY":2159.199951171875,"documentHeight":7478,"viewportHeight":826}}
[2026-09-24T19:32:43.553Z] {"timestamp":1790278362852,"kind":"scroll","url":"http://127.0.0.1:3000/","viewport":{"width":1536,"height":826},"payload":{"scrollX":0,"scrollY":2302.39990234375,"documentHeight":7478,"viewportHeight":826}}
[2026-09-24T19:32:45.566Z] {"timestamp":1790278364992,"kind":"click","url":"http://127.0.0.1:3000/","viewport":{"width":1536,"height":826},"payload":{"target":{"tag":"img","id":null,"name":null,"type":null,"role":null,"ariaLabel":null,"testId":null,"dataLoc":"client/src/pages/Home.tsx:336","href":null,"text":"","selectorHint":"[data-loc=\"client/src/pages/Home.tsx:336\"]"},"x":547,"y":471}}
[2026-09-24T19:33:51.746Z] {"timestamp":1790278431977,"kind":"scroll","url":"http://127.0.0.1:3000/","viewport":{"width":1536,"height":826},"payload":{"scrollX":0,"scrollY":2400,"documentHeight":7478,"viewportHeight":826}}
[2026-09-24T19:35:51.766Z] {"timestamp":1790278551676,"kind":"click","url":"http://127.0.0.1:3000/","viewport":{"width":1536,"height":826},"payload":{"target":{"tag":"article","id":null,"name":null,"type":null,"role":null,"ariaLabel":null,"testId":null,"dataLoc":"client/src/pages/Home.tsx:347","href":null,"text":"OPERAÇÃO & VISIBILIDADE NXS / 01 Painel Intercompany Atualizações 04x / dia Saíd…","selectorHint":"[data-loc=\"client/src/pages/Home.tsx:347\"]"},"x":547,"y":471}}
[2026-09-24T19:36:07.741Z] {"timestamp":1790278567041,"kind":"scroll","url":"http://127.0.0.1:3000/","viewport":{"width":1536,"height":826},"payload":{"scrollX":0,"scrollY":2498.39990234375,"documentHeight":7478,"viewportHeight":826}}
[2026-09-24T19:36:07.741Z] {"timestamp":1790278567560,"kind":"scroll","url":"http://127.0.0.1:3000/","viewport":{"width":1536,"height":826},"payload":{"scrollX":0,"scrollY":2750.39990234375,"documentHeight":7478,"viewportHeight":826}}
[2026-09-24T19:36:09.555Z] {"timestamp":1790278568092,"kind":"scroll","url":"http://127.0.0.1:3000/","viewport":{"width":1536,"height":826},"payload":{"scrollX":0,"scrollY":2832,"documentHeight":7478,"viewportHeight":826}}
[2026-09-24T19:36:09.555Z] {"timestamp":1790278568610,"kind":"scroll","url":"http://127.0.0.1:3000/","viewport":{"width":1536,"height":826},"payload":{"scrollX":0,"scrollY":3018.39990234375,"documentHeight":7478,"viewportHeight":826}}
[2026-09-24T19:36:09.555Z] {"timestamp":1790278569116,"kind":"scroll","url":"http://127.0.0.1:3000/","viewport":{"width":1536,"height":826},"payload":{"scrollX":0,"scrollY":3219.199951171875,"documentHeight":7478,"viewportHeight":826}}
[2026-09-24T19:36:09.555Z] {"timestamp":1790278569640,"kind":"scroll","url":"http://127.0.0.1:3000/","viewport":{"width":1536,"height":826},"payload":{"scrollX":0,"scrollY":3392.800048828125,"documentHeight":7478,"viewportHeight":826}}
[2026-09-24T19:36:11.555Z] {"timestamp":1790278570174,"kind":"scroll","url":"http://127.0.0.1:3000/","viewport":{"width":1536,"height":826},"payload":{"scrollX":0,"scrollY":3606.39990234375,"documentHeight":7478,"viewportHeight":826}}
[2026-09-24T19:36:11.555Z] {"timestamp":1790278570692,"kind":"scroll","url":"http://127.0.0.1:3000/","viewport":{"width":1536,"height":826},"payload":{"scrollX":0,"scrollY":3532,"documentHeight":7478,"viewportHeight":826}}
[2026-09-24T19:36:11.555Z] {"timestamp":1790278571208,"kind":"scroll","url":"http://127.0.0.1:3000/","viewport":{"width":1536,"height":826},"payload":{"scrollX":0,"scrollY":3551.199951171875,"documentHeight":7478,"viewportHeight":826}}
[2026-09-24T19:36:39.706Z] {"timestamp":1790278598941,"kind":"click","url":"http://127.0.0.1:3000/","viewport":{"width":1536,"height":826},"payload":{"target":{"tag":"img","id":null,"name":null,"type":null,"role":null,"ariaLabel":null,"testId":null,"dataLoc":"client/src/pages/Home.tsx:452","href":null,"text":"","selectorHint":"[data-loc=\"client/src/pages/Home.tsx:452\"]"},"x":691,"y":515}}
[2026-09-24T19:36:45.558Z] {"timestamp":1790278604109,"kind":"scroll","url":"http://127.0.0.1:3000/","viewport":{"width":1536,"height":826},"payload":{"scrollX":0,"scrollY":3552.800048828125,"documentHeight":7478,"viewportHeight":826}}
[2026-09-24T19:36:45.558Z] {"timestamp":1790278604641,"kind":"scroll","url":"http://127.0.0.1:3000/","viewport":{"width":1536,"height":826},"payload":{"scrollX":0,"scrollY":3612.800048828125,"documentHeight":7478,"viewportHeight":826}}
[2026-09-24T19:38:59.782Z] {"timestamp":1790278739073,"kind":"scroll","url":"http://127.0.0.1:3000/","viewport":{"width":1536,"height":826},"payload":{"scrollX":0,"scrollY":3686.39990234375,"documentHeight":7478,"viewportHeight":826}}
[2026-09-24T19:38:59.782Z] {"timestamp":1790278739579,"kind":"scroll","url":"http://127.0.0.1:3000/","viewport":{"width":1536,"height":826},"payload":{"scrollX":0,"scrollY":3927.199951171875,"documentHeight":7478,"viewportHeight":826}}
[2026-09-24T19:39:01.570Z] {"timestamp":1790278740538,"kind":"scroll","url":"http://127.0.0.1:3000/","viewport":{"width":1536,"height":826},"payload":{"scrollX":0,"scrollY":3920,"documentHeight":7478,"viewportHeight":826}}
[2026-09-24T19:39:03.555Z] {"timestamp":1790278742341,"kind":"click","url":"http://127.0.0.1:3000/","viewport":{"width":1536,"height":826},"payload":{"target":{"tag":"span","id":null,"name":null,"type":null,"role":null,"ariaLabel":null,"testId":null,"dataLoc":"client/src/pages/Home.tsx:488","href":null,"text":"Livre, quarentena, restrito e bloqueado","selectorHint":"[data-loc=\"client/src/pages/Home.tsx:488\"]"},"x":691,"y":512}}
[2026-09-24T19:39:33.785Z] {"timestamp":1790278772739,"kind":"scroll","url":"http://127.0.0.1:3000/","viewport":{"width":1536,"height":826},"payload":{"scrollX":0,"scrollY":3855.199951171875,"documentHeight":7478,"viewportHeight":826}}
[2026-09-24T19:39:33.785Z] {"timestamp":1790278773240,"kind":"scroll","url":"http://127.0.0.1:3000/","viewport":{"width":1536,"height":826},"payload":{"scrollX":0,"scrollY":4204.7998046875,"documentHeight":7478,"viewportHeight":826}}
[2026-09-24T19:39:33.785Z] {"timestamp":1790278773742,"kind":"scroll","url":"http://127.0.0.1:3000/","viewport":{"width":1536,"height":826},"payload":{"scrollX":0,"scrollY":4790.39990234375,"documentHeight":7478,"viewportHeight":826}}
[2026-09-24T19:39:35.554Z] {"timestamp":1790278774257,"kind":"scroll","url":"http://127.0.0.1:3000/","viewport":{"width":1536,"height":826},"payload":{"scrollX":0,"scrollY":4862.39990234375,"documentHeight":7478,"viewportHeight":826}}
[2026-09-24T19:39:35.554Z] {"timestamp":1790278774889,"kind":"scroll","url":"http://127.0.0.1:3000/","viewport":{"width":1536,"height":826},"payload":{"scrollX":0,"scrollY":4687.2001953125,"documentHeight":7478,"viewportHeight":826}}
[2026-09-24T19:39:59.717Z] {"timestamp":1790278798688,"kind":"scroll","url":"http://127.0.0.1:3000/","viewport":{"width":1536,"height":826},"payload":{"scrollX":0,"scrollY":4628.7998046875,"documentHeight":7478,"viewportHeight":826}}
[2026-09-24T19:39:59.717Z] {"timestamp":1790278799189,"kind":"scroll","url":"http://127.0.0.1:3000/","viewport":{"width":1536,"height":826},"payload":{"scrollX":0,"scrollY":5108,"documentHeight":7478,"viewportHeight":826}}
[2026-09-24T19:39:59.717Z] {"timestamp":1790278799690,"kind":"scroll","url":"http://127.0.0.1:3000/","viewport":{"width":1536,"height":826},"payload":{"scrollX":0,"scrollY":5292.7998046875,"documentHeight":7478,"viewportHeight":826}}
[2026-09-24T19:40:01.557Z] {"timestamp":1790278800204,"kind":"scroll","url":"http://127.0.0.1:3000/","viewport":{"width":1536,"height":826},"payload":{"scrollX":0,"scrollY":5202.39990234375,"documentHeight":7478,"viewportHeight":826}}
[2026-09-24T19:40:33.709Z] {"timestamp":1790278832904,"kind":"scroll","url":"http://127.0.0.1:3000/","viewport":{"width":1536,"height":826},"payload":{"scrollX":0,"scrollY":5248,"documentHeight":7478,"viewportHeight":826}}
[2026-09-24T19:40:33.710Z] {"timestamp":1790278833406,"kind":"scroll","url":"http://127.0.0.1:3000/","viewport":{"width":1536,"height":826},"payload":{"scrollX":0,"scrollY":5888.7998046875,"documentHeight":7478,"viewportHeight":826}}
[2026-09-24T19:40:33.710Z] {"timestamp":1790278833971,"kind":"scroll","url":"http://127.0.0.1:3000/","viewport":{"width":1536,"height":826},"payload":{"scrollX":0,"scrollY":5928.7998046875,"documentHeight":7478,"viewportHeight":826}}
[2026-09-24T19:40:37.567Z] {"timestamp":1790278836032,"kind":"focusin","url":"http://127.0.0.1:3000/","viewport":{"width":1536,"height":826},"payload":{"target":{"tag":"video","id":null,"name":null,"type":null,"role":null,"ariaLabel":null,"testId":null,"dataLoc":"client/src/pages/Home.tsx:583","href":null,"text":"Seu navegador não suporta a reprodução de vídeos.","selectorHint":"[data-loc=\"client/src/pages/Home.tsx:583\"]"}}}
[2026-09-24T19:40:37.567Z] {"timestamp":1790278836254,"kind":"click","url":"http://127.0.0.1:3000/","viewport":{"width":1536,"height":826},"payload":{"target":{"tag":"video","id":null,"name":null,"type":null,"role":null,"ariaLabel":null,"testId":null,"dataLoc":"client/src/pages/Home.tsx:583","href":null,"text":"Seu navegador não suporta a reprodução de vídeos.","selectorHint":"[data-loc=\"client/src/pages/Home.tsx:583\"]"},"x":636,"y":413}}
[2026-09-24T19:40:49.759Z] {"timestamp":1790278849418,"kind":"click","url":"http://127.0.0.1:3000/","viewport":{"width":1536,"height":826},"payload":{"target":{"tag":"video","id":null,"name":null,"type":null,"role":null,"ariaLabel":null,"testId":null,"dataLoc":"client/src/pages/Home.tsx:583","href":null,"text":"Seu navegador não suporta a reprodução de vídeos.","selectorHint":"[data-loc=\"client/src/pages/Home.tsx:583\"]"},"x":636,"y":413}}
[2026-09-24T19:40:49.759Z] {"timestamp":1790278849572,"kind":"scroll","url":"http://127.0.0.1:3000/","viewport":{"width":1536,"height":826},"payload":{"scrollX":0,"scrollY":5967.2001953125,"documentHeight":7478,"viewportHeight":826}}
[2026-09-24T19:40:51.562Z] {"timestamp":1790278850089,"kind":"scroll","url":"http://127.0.0.1:3000/","viewport":{"width":1536,"height":826},"payload":{"scrollX":0,"scrollY":6310.39990234375,"documentHeight":7478,"viewportHeight":826}}
[2026-09-24T19:40:51.562Z] {"timestamp":1790278850609,"kind":"scroll","url":"http://127.0.0.1:3000/","viewport":{"width":1536,"height":826},"payload":{"scrollX":0,"scrollY":6539.2001953125,"documentHeight":7478,"viewportHeight":826}}
[2026-09-24T19:40:51.562Z] {"timestamp":1790278851190,"kind":"scroll","url":"http://127.0.0.1:3000/","viewport":{"width":1536,"height":826},"payload":{"scrollX":0,"scrollY":6468.7998046875,"documentHeight":7478,"viewportHeight":826}}
[2026-09-24T19:40:51.562Z] {"timestamp":1790278851756,"kind":"scroll","url":"http://127.0.0.1:3000/","viewport":{"width":1536,"height":826},"payload":{"scrollX":0,"scrollY":6060.7998046875,"documentHeight":7478,"viewportHeight":826}}
[2026-09-24T19:40:53.556Z] {"timestamp":1790278852157,"kind":"click","url":"http://127.0.0.1:3000/","viewport":{"width":1536,"height":826},"payload":{"target":{"tag":"video","id":null,"name":null,"type":null,"role":null,"ariaLabel":null,"testId":null,"dataLoc":"client/src/pages/Home.tsx:583","href":null,"text":"Seu navegador não suporta a reprodução de vídeos.","selectorHint":"[data-loc=\"client/src/pages/Home.tsx:583\"]"},"x":636,"y":413}}
[2026-09-24T19:40:53.556Z] {"timestamp":1790278852604,"kind":"scroll","url":"http://127.0.0.1:3000/","viewport":{"width":1536,"height":826},"payload":{"scrollX":0,"scrollY":6114.39990234375,"documentHeight":7478,"viewportHeight":826}}
[2026-09-24T19:40:53.556Z] {"timestamp":1790278853222,"kind":"scroll","url":"http://127.0.0.1:3000/","viewport":{"width":1536,"height":826},"payload":{"scrollX":0,"scrollY":6567.2001953125,"documentHeight":7478,"viewportHeight":826}}
[2026-09-24T19:42:23.719Z] {"timestamp":1790278942898,"kind":"focusout","url":"http://127.0.0.1:3000/","viewport":{"width":1536,"height":826},"payload":{"target":{"tag":"video","id":null,"name":null,"type":null,"role":null,"ariaLabel":null,"testId":null,"dataLoc":"client/src/pages/Home.tsx:583","href":null,"text":"Seu navegador não suporta a reprodução de vídeos.","selectorHint":"[data-loc=\"client/src/pages/Home.tsx:583\"]"},"value":null}}
[2026-09-24T19:42:45.780Z] {"timestamp":1790278964604,"kind":"focusin","url":"http://127.0.0.1:3000/","viewport":{"width":1536,"height":826},"payload":{"target":{"tag":"video","id":null,"name":null,"type":null,"role":null,"ariaLabel":null,"testId":null,"dataLoc":"client/src/pages/Home.tsx:583","href":null,"text":"Seu navegador não suporta a reprodução de vídeos.","selectorHint":"[data-loc=\"client/src/pages/Home.tsx:583\"]"}}}
[2026-09-24T19:42:45.780Z] {"timestamp":1790278965532,"kind":"focusout","url":"http://127.0.0.1:3000/","viewport":{"width":1536,"height":826},"payload":{"target":{"tag":"video","id":null,"name":null,"type":null,"role":null,"ariaLabel":null,"testId":null,"dataLoc":"client/src/pages/Home.tsx:583","href":null,"text":"Seu navegador não suporta a reprodução de vídeos.","selectorHint":"[data-loc=\"client/src/pages/Home.tsx:583\"]"},"value":null}}
[2026-09-24T19:43:21.724Z] {"timestamp":1790279001023,"kind":"focusin","url":"http://127.0.0.1:3000/","viewport":{"width":1536,"height":826},"payload":{"target":{"tag":"video","id":null,"name":null,"type":null,"role":null,"ariaLabel":null,"testId":null,"dataLoc":"client/src/pages/Home.tsx:583","href":null,"text":"Seu navegador não suporta a reprodução de vídeos.","selectorHint":"[data-loc=\"client/src/pages/Home.tsx:583\"]"}}}
[2026-09-24T19:43:21.724Z] {"timestamp":1790279001925,"kind":"scroll","url":"http://127.0.0.1:3000/","viewport":{"width":1536,"height":826},"payload":{"scrollX":0,"scrollY":6644,"documentHeight":7478,"viewportHeight":826}}
[2026-09-24T19:43:23.562Z] {"timestamp":1790279002439,"kind":"scroll","url":"http://127.0.0.1:3000/","viewport":{"width":1536,"height":826},"payload":{"scrollX":0,"scrollY":3891.199951171875,"documentHeight":7478,"viewportHeight":826}}
[2026-09-24T19:43:23.562Z] {"timestamp":1790279002953,"kind":"scroll","url":"http://127.0.0.1:3000/","viewport":{"width":1536,"height":826},"payload":{"scrollX":0,"scrollY":0,"documentHeight":7478,"viewportHeight":826}}
[2026-09-24T19:45:01.714Z] {"timestamp":1790279101502,"kind":"scroll","url":"http://127.0.0.1:3000/","viewport":{"width":1536,"height":826},"payload":{"scrollX":0,"scrollY":26.399999618530273,"documentHeight":7478,"viewportHeight":826}}
[2026-09-24T19:45:03.560Z] {"timestamp":1790279102035,"kind":"scroll","url":"http://127.0.0.1:3000/","viewport":{"width":1536,"height":826},"payload":{"scrollX":0,"scrollY":563.2000122070312,"documentHeight":7478,"viewportHeight":826}}
[2026-09-24T19:45:19.776Z] {"timestamp":1790279118304,"kind":"scroll","url":"http://127.0.0.1:3000/","viewport":{"width":1536,"height":826},"payload":{"scrollX":0,"scrollY":815.2000122070312,"documentHeight":7478,"viewportHeight":826}}
[2026-09-24T19:45:19.776Z] {"timestamp":1790279118818,"kind":"scroll","url":"http://127.0.0.1:3000/","viewport":{"width":1536,"height":826},"payload":{"scrollX":0,"scrollY":1155.199951171875,"documentHeight":7478,"viewportHeight":826}}
[2026-09-24T19:45:19.776Z] {"timestamp":1790279119337,"kind":"scroll","url":"http://127.0.0.1:3000/","viewport":{"width":1536,"height":826},"payload":{"scrollX":0,"scrollY":1648,"documentHeight":7478,"viewportHeight":826}}
[2026-09-24T19:45:19.776Z] {"timestamp":1790279119936,"kind":"scroll","url":"http://127.0.0.1:3000/","viewport":{"width":1536,"height":826},"payload":{"scrollX":0,"scrollY":1646.4000244140625,"documentHeight":7478,"viewportHeight":826}}
[2026-09-24T19:45:49.799Z] {"timestamp":1790279149787,"kind":"scroll","url":"http://127.0.0.1:3000/","viewport":{"width":1536,"height":826},"payload":{"scrollX":0,"scrollY":1598.4000244140625,"documentHeight":7478,"viewportHeight":826}}
[2026-09-24T19:45:51.569Z] {"timestamp":1790279150320,"kind":"scroll","url":"http://127.0.0.1:3000/","viewport":{"width":1536,"height":826},"payload":{"scrollX":0,"scrollY":1768,"documentHeight":7478,"viewportHeight":826}}
[2026-09-24T19:45:51.569Z] {"timestamp":1790279151035,"kind":"scroll","url":"http://127.0.0.1:3000/","viewport":{"width":1536,"height":826},"payload":{"scrollX":0,"scrollY":1860.800048828125,"documentHeight":7478,"viewportHeight":826}}
[2026-09-24T19:45:51.569Z] {"timestamp":1790279151734,"kind":"scroll","url":"http://127.0.0.1:3000/","viewport":{"width":1536,"height":826},"payload":{"scrollX":0,"scrollY":2051.199951171875,"documentHeight":7478,"viewportHeight":826}}
[2026-09-24T19:45:53.562Z] {"timestamp":1790279152234,"kind":"scroll","url":"http://127.0.0.1:3000/","viewport":{"width":1536,"height":826},"payload":{"scrollX":0,"scrollY":2160.800048828125,"documentHeight":7478,"viewportHeight":826}}
[2026-09-24T19:45:59.867Z] {"timestamp":1790279158175,"kind":"scroll","url":"http://127.0.0.1:3000/","viewport":{"width":1536,"height":826},"payload":{"scrollX":0,"scrollY":2162.39990234375,"documentHeight":7478,"viewportHeight":826}}
[2026-09-24T19:45:59.867Z] {"timestamp":1790279159511,"kind":"focusout","url":"http://127.0.0.1:3000/","viewport":{"width":1536,"height":826},"payload":{"target":{"tag":"video","id":null,"name":null,"type":null,"role":null,"ariaLabel":null,"testId":null,"dataLoc":"client/src/pages/Home.tsx:583","href":null,"text":"Seu navegador não suporta a reprodução de vídeos.","selectorHint":"[data-loc=\"client/src/pages/Home.tsx:583\"]"},"value":null}}
[2026-09-24T19:45:59.867Z] {"timestamp":1790279159726,"kind":"click","url":"http://127.0.0.1:3000/","viewport":{"width":1536,"height":826},"payload":{"target":{"tag":"img","id":null,"name":null,"type":null,"role":null,"ariaLabel":null,"testId":null,"dataLoc":"client/src/pages/Home.tsx:336","href":null,"text":"","selectorHint":"[data-loc=\"client/src/pages/Home.tsx:336\"]"},"x":458,"y":483}}
[2026-09-24T19:46:01.566Z] {"timestamp":1790279160601,"kind":"scroll","url":"http://127.0.0.1:3000/","viewport":{"width":1536,"height":826},"payload":{"scrollX":0,"scrollY":2334.39990234375,"documentHeight":7478,"viewportHeight":826}}
[2026-09-24T19:48:47.778Z] {"timestamp":1790279327990,"kind":"click","url":"http://127.0.0.1:3000/","viewport":{"width":1536,"height":826},"payload":{"target":{"tag":"article","id":null,"name":null,"type":null,"role":null,"ariaLabel":null,"testId":null,"dataLoc":"client/src/pages/Home.tsx:347","href":null,"text":"OPERAÇÃO & VISIBILIDADE NXS / 01 Painel Intercompany Atualizações 04x / dia Saíd…","selectorHint":"[data-loc=\"client/src/pages/Home.tsx:347\"]"},"x":458,"y":483}}
[2026-09-24T19:48:49.562Z] {"timestamp":1790279329603,"kind":"click","url":"http://127.0.0.1:3000/","viewport":{"width":1536,"height":826},"payload":{"target":{"tag":"img","id":null,"name":null,"type":null,"role":null,"ariaLabel":null,"testId":null,"dataLoc":"client/src/pages/Home.tsx:336","href":null,"text":"","selectorHint":"[data-loc=\"client/src/pages/Home.tsx:336\"]"},"x":458,"y":483}}
[2026-09-24T19:49:17.728Z] {"timestamp":1790279357336,"kind":"scroll","url":"http://127.0.0.1:3000/","viewport":{"width":1536,"height":826},"payload":{"scrollX":0,"scrollY":2176.800048828125,"documentHeight":7478,"viewportHeight":826}}
[2026-09-24T19:49:17.728Z] {"timestamp":1790279357867,"kind":"scroll","url":"http://127.0.0.1:3000/","viewport":{"width":1536,"height":826},"payload":{"scrollX":0,"scrollY":1071.199951171875,"documentHeight":7478,"viewportHeight":826}}
[2026-09-24T19:49:19.567Z] {"timestamp":1790279358367,"kind":"scroll","url":"http://127.0.0.1:3000/","viewport":{"width":1536,"height":826},"payload":{"scrollX":0,"scrollY":863.2000122070312,"documentHeight":7478,"viewportHeight":826}}
[2026-09-24T19:49:19.567Z] {"timestamp":1790279358867,"kind":"scroll","url":"http://127.0.0.1:3000/","viewport":{"width":1536,"height":826},"payload":{"scrollX":0,"scrollY":802.4000244140625,"documentHeight":7478,"viewportHeight":826}}
[2026-09-24T19:49:35.805Z] {"timestamp":1790279374081,"kind":"scroll","url":"http://127.0.0.1:3000/","viewport":{"width":1536,"height":826},"payload":{"scrollX":0,"scrollY":800.7999877929688,"documentHeight":7478,"viewportHeight":826}}
[2026-09-24T19:49:35.805Z] {"timestamp":1790279374598,"kind":"scroll","url":"http://127.0.0.1:3000/","viewport":{"width":1536,"height":826},"payload":{"scrollX":0,"scrollY":984,"documentHeight":7478,"viewportHeight":826}}
[2026-09-24T19:49:35.805Z] {"timestamp":1790279375099,"kind":"scroll","url":"http://127.0.0.1:3000/","viewport":{"width":1536,"height":826},"payload":{"scrollX":0,"scrollY":940.7999877929688,"documentHeight":7478,"viewportHeight":826}}
[2026-09-24T19:49:35.805Z] {"timestamp":1790279375632,"kind":"scroll","url":"http://127.0.0.1:3000/","viewport":{"width":1536,"height":826},"payload":{"scrollX":0,"scrollY":916,"documentHeight":7478,"viewportHeight":826}}
[2026-09-24T19:49:37.568Z] {"timestamp":1790279376702,"kind":"scroll","url":"http://127.0.0.1:3000/","viewport":{"width":1536,"height":826},"payload":{"scrollX":0,"scrollY":667.2000122070312,"documentHeight":7478,"viewportHeight":826}}
[2026-09-24T19:49:37.568Z] {"timestamp":1790279377234,"kind":"scroll","url":"http://127.0.0.1:3000/","viewport":{"width":1536,"height":826},"payload":{"scrollX":0,"scrollY":14.399999618530273,"documentHeight":7478,"viewportHeight":826}}
[2026-09-24T19:49:43.565Z] {"timestamp":1790279382468,"kind":"scroll","url":"http://127.0.0.1:3000/","viewport":{"width":1536,"height":826},"payload":{"scrollX":0,"scrollY":128.8000030517578,"documentHeight":7478,"viewportHeight":826}}
[2026-09-24T19:49:43.565Z] {"timestamp":1790279383000,"kind":"scroll","url":"http://127.0.0.1:3000/","viewport":{"width":1536,"height":826},"payload":{"scrollX":0,"scrollY":570.4000244140625,"documentHeight":7478,"viewportHeight":826}}
[2026-09-24T19:49:43.565Z] {"timestamp":1790279383502,"kind":"scroll","url":"http://127.0.0.1:3000/","viewport":{"width":1536,"height":826},"payload":{"scrollX":0,"scrollY":904.7999877929688,"documentHeight":7478,"viewportHeight":826}}
[2026-09-24T19:50:07.756Z] {"timestamp":1790279406365,"kind":"scroll","url":"http://127.0.0.1:3000/","viewport":{"width":1536,"height":826},"payload":{"scrollX":0,"scrollY":872.7999877929688,"documentHeight":7478,"viewportHeight":826}}
[2026-09-24T19:50:07.756Z] {"timestamp":1790279406867,"kind":"scroll","url":"http://127.0.0.1:3000/","viewport":{"width":1536,"height":826},"payload":{"scrollX":0,"scrollY":1151.199951171875,"documentHeight":7478,"viewportHeight":826}}
[2026-09-24T19:50:07.756Z] {"timestamp":1790279407397,"kind":"scroll","url":"http://127.0.0.1:3000/","viewport":{"width":1536,"height":826},"payload":{"scrollX":0,"scrollY":1276.800048828125,"documentHeight":7478,"viewportHeight":826}}
[2026-09-24T19:50:07.756Z] {"timestamp":1790279407899,"kind":"scroll","url":"http://127.0.0.1:3000/","viewport":{"width":1536,"height":826},"payload":{"scrollX":0,"scrollY":1366.4000244140625,"documentHeight":7478,"viewportHeight":826}}
[2026-09-24T19:50:09.575Z] {"timestamp":1790279408433,"kind":"scroll","url":"http://127.0.0.1:3000/","viewport":{"width":1536,"height":826},"payload":{"scrollX":0,"scrollY":1516.800048828125,"documentHeight":7478,"viewportHeight":826}}
[2026-09-24T19:50:55.720Z] {"timestamp":1790279454950,"kind":"scroll","url":"http://127.0.0.1:3000/","viewport":{"width":1536,"height":826},"payload":{"scrollX":0,"scrollY":1548,"documentHeight":7478,"viewportHeight":826}}
[2026-09-24T19:50:55.720Z] {"timestamp":1790279455510,"kind":"scroll","url":"http://127.0.0.1:3000/","viewport":{"width":1536,"height":826},"payload":{"scrollX":0,"scrollY":2048,"documentHeight":7478,"viewportHeight":826}}
[2026-09-24T19:50:57.569Z] {"timestamp":1790279456064,"kind":"scroll","url":"http://127.0.0.1:3000/","viewport":{"width":1536,"height":826},"payload":{"scrollX":0,"scrollY":2568.800048828125,"documentHeight":7478,"viewportHeight":826}}
[2026-09-24T19:51:01.565Z] {"timestamp":1790279460188,"kind":"click","url":"http://127.0.0.1:3000/","viewport":{"width":1536,"height":826},"payload":{"target":{"tag":"article","id":null,"name":null,"type":null,"role":null,"ariaLabel":null,"testId":null,"dataLoc":"client/src/pages/Home.tsx:347","href":null,"text":"OPERAÇÃO & VISIBILIDADE NXS / 01 Painel Intercompany Atualizações 04x / dia Saíd…","selectorHint":"[data-loc=\"client/src/pages/Home.tsx:347\"]"},"x":452,"y":346}}
[2026-09-24T19:51:05.568Z] {"timestamp":1790279464029,"kind":"click","url":"http://127.0.0.1:3000/","viewport":{"width":1536,"height":826},"payload":{"target":{"tag":"img","id":null,"name":null,"type":null,"role":null,"ariaLabel":null,"testId":null,"dataLoc":"client/src/pages/Home.tsx:336","href":null,"text":"","selectorHint":"[data-loc=\"client/src/pages/Home.tsx:336\"]"},"x":452,"y":346}}
[2026-09-24T19:51:33.729Z] {"timestamp":1790279492843,"kind":"scroll","url":"http://127.0.0.1:3000/","viewport":{"width":1536,"height":826},"payload":{"scrollX":0,"scrollY":2640,"documentHeight":7478,"viewportHeight":826}}
[2026-09-24T19:51:33.729Z] {"timestamp":1790279493365,"kind":"scroll","url":"http://127.0.0.1:3000/","viewport":{"width":1536,"height":826},"payload":{"scrollX":0,"scrollY":3648,"documentHeight":7478,"viewportHeight":826}}
[2026-09-24T19:51:35.566Z] {"timestamp":1790279494230,"kind":"scroll","url":"http://127.0.0.1:3000/","viewport":{"width":1536,"height":826},"payload":{"scrollX":0,"scrollY":3716,"documentHeight":7478,"viewportHeight":826}}
[2026-09-24T19:51:35.566Z] {"timestamp":1790279495456,"kind":"click","url":"http://127.0.0.1:3000/","viewport":{"width":1536,"height":826},"payload":{"target":{"tag":"img","id":null,"name":null,"type":null,"role":null,"ariaLabel":null,"testId":null,"dataLoc":"client/src/pages/Home.tsx:452","href":null,"text":"","selectorHint":"[data-loc=\"client/src/pages/Home.tsx:452\"]"},"x":443,"y":209}}
[2026-09-24T19:51:37.570Z] {"timestamp":1790279497281,"kind":"click","url":"http://127.0.0.1:3000/","viewport":{"width":1536,"height":826},"payload":{"target":{"tag":"span","id":null,"name":null,"type":null,"role":null,"ariaLabel":null,"testId":null,"dataLoc":"client/src/pages/Home.tsx:475","href":null,"text":"Amostra Grátis","selectorHint":"[data-loc=\"client/src/pages/Home.tsx:475\"]"},"x":443,"y":209}}
[2026-09-24T19:51:39.574Z] {"timestamp":1790279498767,"kind":"scroll","url":"http://127.0.0.1:3000/","viewport":{"width":1536,"height":826},"payload":{"scrollX":0,"scrollY":3884,"documentHeight":7478,"viewportHeight":826}}
[2026-09-24T19:51:39.574Z] {"timestamp":1790279499300,"kind":"scroll","url":"http://127.0.0.1:3000/","viewport":{"width":1536,"height":826},"payload":{"scrollX":0,"scrollY":4224,"documentHeight":7478,"viewportHeight":826}}
[2026-09-24T19:51:39.574Z] {"timestamp":1790279499865,"kind":"scroll","url":"http://127.0.0.1:3000/","viewport":{"width":1536,"height":826},"payload":{"scrollX":0,"scrollY":4914.39990234375,"documentHeight":7478,"viewportHeight":826}}
[2026-09-24T19:51:41.566Z] {"timestamp":1790279500366,"kind":"scroll","url":"http://127.0.0.1:3000/","viewport":{"width":1536,"height":826},"payload":{"scrollX":0,"scrollY":5004,"documentHeight":7478,"viewportHeight":826}}
[2026-09-24T19:51:41.566Z] {"timestamp":1790279500898,"kind":"scroll","url":"http://127.0.0.1:3000/","viewport":{"width":1536,"height":826},"payload":{"scrollX":0,"scrollY":5614.39990234375,"documentHeight":7478,"viewportHeight":826}}
[2026-09-24T19:51:41.566Z] {"timestamp":1790279501465,"kind":"scroll","url":"http://127.0.0.1:3000/","viewport":{"width":1536,"height":826},"payload":{"scrollX":0,"scrollY":5896,"documentHeight":7478,"viewportHeight":826}}
[2026-09-24T19:51:41.566Z] {"timestamp":1790279501966,"kind":"scroll","url":"http://127.0.0.1:3000/","viewport":{"width":1536,"height":826},"payload":{"scrollX":0,"scrollY":6184.7998046875,"documentHeight":7478,"viewportHeight":826}}
[2026-09-24T21:58:07.903Z] {"timestamp":1790286591788,"kind":"scroll","url":"http://127.0.0.1:3000/","viewport":{"width":1536,"height":826},"payload":{"scrollX":0,"scrollY":6628,"documentHeight":7478,"viewportHeight":826}}
[2026-09-24T21:58:07.903Z] {"timestamp":1790286592287,"kind":"scroll","url":"http://127.0.0.1:3000/","viewport":{"width":1536,"height":826},"payload":{"scrollX":0,"scrollY":4640.7998046875,"documentHeight":7478,"viewportHeight":826}}
[2026-09-24T21:58:07.903Z] {"timestamp":1790286592789,"kind":"scroll","url":"http://127.0.0.1:3000/","viewport":{"width":1536,"height":826},"payload":{"scrollX":0,"scrollY":1776.800048828125,"documentHeight":7478,"viewportHeight":826}}
[2026-09-24T21:58:07.903Z] {"timestamp":1790286593338,"kind":"scroll","url":"http://127.0.0.1:3000/","viewport":{"width":1536,"height":826},"payload":{"scrollX":0,"scrollY":991.2000122070312,"documentHeight":7478,"viewportHeight":826}}
[2026-09-24T21:58:07.903Z] {"timestamp":1790286608731,"kind":"click","url":"http://127.0.0.1:3000/","viewport":{"width":1536,"height":826},"payload":{"target":{"tag":"section","id":"nucleo","name":null,"type":null,"role":null,"ariaLabel":null,"testId":null,"dataLoc":"client/src/pages/Home.tsx:286","href":null,"text":"/ O CONCEITO NEXUS Ecossistema de automação logística. Nome e conceito criado pa…","selectorHint":"[data-loc=\"client/src/pages/Home.tsx:286\"]"},"x":700,"y":696}}
[2026-09-24T21:58:07.903Z] {"timestamp":1790286608841,"kind":"scroll","url":"http://127.0.0.1:3000/","viewport":{"width":1536,"height":826},"payload":{"scrollX":0,"scrollY":940,"documentHeight":7478,"viewportHeight":826}}
[2026-09-24T21:58:07.903Z] {"timestamp":1790286609375,"kind":"scroll","url":"http://127.0.0.1:3000/","viewport":{"width":1536,"height":826},"payload":{"scrollX":0,"scrollY":426.3999938964844,"documentHeight":7478,"viewportHeight":826}}
[2026-09-24T21:58:07.903Z] {"timestamp":1790286609896,"kind":"keydown","url":"http://127.0.0.1:3000/","viewport":{"width":1536,"height":826},"payload":{"key":"[REDACTED]","target":{"tag":"body","id":null,"name":null,"type":null,"role":null,"ariaLabel":null,"testId":null,"dataLoc":null,"href":null,"text":"PROJECT NEXUS / HYPERA LOGÍSTICA / INTELLIGENCE / PROJECT NEXUS / HYPERA LOGÍSTI…","selectorHint":"body"}}}
[2026-09-24T21:58:07.903Z] {"timestamp":1790286612160,"kind":"scroll","url":"http://127.0.0.1:3000/","viewport":{"width":1536,"height":826},"payload":{"scrollX":0,"scrollY":23.200000762939453,"documentHeight":7478,"viewportHeight":826}}
[2026-09-24T21:58:07.903Z] {"timestamp":1790286612855,"kind":"scroll","url":"http://127.0.0.1:3000/","viewport":{"width":1536,"height":826},"payload":{"scrollX":0,"scrollY":64,"documentHeight":7478,"viewportHeight":826}}
[2026-09-24T21:58:07.903Z] {"timestamp":1790286613356,"kind":"scroll","url":"http://127.0.0.1:3000/","viewport":{"width":1536,"height":826},"payload":{"scrollX":0,"scrollY":400.79998779296875,"documentHeight":7478,"viewportHeight":826}}
[2026-09-24T21:58:07.903Z] {"timestamp":1790286613870,"kind":"scroll","url":"http://127.0.0.1:3000/","viewport":{"width":1536,"height":826},"payload":{"scrollX":0,"scrollY":740,"documentHeight":7478,"viewportHeight":826}}
[2026-09-24T21:58:07.903Z] {"timestamp":1790286637637,"kind":"scroll","url":"http://127.0.0.1:3000/","viewport":{"width":1536,"height":826},"payload":{"scrollX":0,"scrollY":759.2000122070312,"documentHeight":7478,"viewportHeight":826}}
[2026-09-24T21:58:07.903Z] {"timestamp":1790286638137,"kind":"scroll","url":"http://127.0.0.1:3000/","viewport":{"width":1536,"height":826},"payload":{"scrollX":0,"scrollY":1376,"documentHeight":7478,"viewportHeight":826}}
[2026-09-24T21:58:07.903Z] {"timestamp":1790286638779,"kind":"scroll","url":"http://127.0.0.1:3000/","viewport":{"width":1536,"height":826},"payload":{"scrollX":0,"scrollY":1487.199951171875,"documentHeight":7478,"viewportHeight":826}}
[2026-09-24T21:58:07.903Z] {"timestamp":1790286645954,"kind":"scroll","url":"http://127.0.0.1:3000/","viewport":{"width":1536,"height":826},"payload":{"scrollX":0,"scrollY":1502.4000244140625,"documentHeight":7478,"viewportHeight":826}}
[2026-09-24T21:58:07.903Z] {"timestamp":1790286646483,"kind":"scroll","url":"http://127.0.0.1:3000/","viewport":{"width":1536,"height":826},"payload":{"scrollX":0,"scrollY":1587.199951171875,"documentHeight":7478,"viewportHeight":826}}
[2026-09-24T21:58:07.903Z] {"timestamp":1790286650171,"kind":"scroll","url":"http://127.0.0.1:3000/","viewport":{"width":1536,"height":826},"payload":{"scrollX":0,"scrollY":1608.800048828125,"documentHeight":7478,"viewportHeight":826}}
[2026-09-24T21:58:07.903Z] {"timestamp":1790286650676,"kind":"scroll","url":"http://127.0.0.1:3000/","viewport":{"width":1536,"height":826},"payload":{"scrollX":0,"scrollY":1811.199951171875,"documentHeight":7478,"viewportHeight":826}}
[2026-09-24T21:58:07.903Z] {"timestamp":1790286651183,"kind":"scroll","url":"http://127.0.0.1:3000/","viewport":{"width":1536,"height":826},"payload":{"scrollX":0,"scrollY":1836,"documentHeight":7478,"viewportHeight":826}}
[2026-09-24T21:58:07.903Z] {"timestamp":1790286651691,"kind":"scroll","url":"http://127.0.0.1:3000/","viewport":{"width":1536,"height":826},"payload":{"scrollX":0,"scrollY":2318.39990234375,"documentHeight":7478,"viewportHeight":826}}
[2026-09-24T21:58:07.903Z] {"timestamp":1790286652223,"kind":"scroll","url":"http://127.0.0.1:3000/","viewport":{"width":1536,"height":826},"payload":{"scrollX":0,"scrollY":2604.800048828125,"documentHeight":7478,"viewportHeight":826}}
[2026-09-24T21:58:07.903Z] {"timestamp":1790286652757,"kind":"scroll","url":"http://127.0.0.1:3000/","viewport":{"width":1536,"height":826},"payload":{"scrollX":0,"scrollY":2540,"documentHeight":7478,"viewportHeight":826}}
[2026-09-24T21:58:07.903Z] {"timestamp":1790286653354,"kind":"scroll","url":"http://127.0.0.1:3000/","viewport":{"width":1536,"height":826},"payload":{"scrollX":0,"scrollY":2256.800048828125,"documentHeight":7478,"viewportHeight":826}}
[2026-09-24T21:58:07.903Z] {"timestamp":1790286654088,"kind":"scroll","url":"http://127.0.0.1:3000/","viewport":{"width":1536,"height":826},"payload":{"scrollX":0,"scrollY":2364,"documentHeight":7478,"viewportHeight":826}}
[2026-09-24T21:58:07.903Z] {"timestamp":1790286655157,"kind":"scroll","url":"http://127.0.0.1:3000/","viewport":{"width":1536,"height":826},"payload":{"scrollX":0,"scrollY":2388,"documentHeight":7478,"viewportHeight":826}}
[2026-09-24T21:58:07.903Z] {"timestamp":1790286656206,"kind":"scroll","url":"http://127.0.0.1:3000/","viewport":{"width":1536,"height":826},"payload":{"scrollX":0,"scrollY":2302.39990234375,"documentHeight":7478,"viewportHeight":826}}
[2026-09-24T21:58:07.903Z] {"timestamp":1790286658423,"kind":"click","url":"http://127.0.0.1:3000/","viewport":{"width":1536,"height":826},"payload":{"target":{"tag":"article","id":null,"name":null,"type":null,"role":null,"ariaLabel":null,"testId":null,"dataLoc":"client/src/pages/Home.tsx:347","href":null,"text":"OPERAÇÃO & VISIBILIDADE NXS / 01 Painel Intercompany Atualizações 04x / dia Saíd…","selectorHint":"[data-loc=\"client/src/pages/Home.tsx:347\"]"},"x":559,"y":625}}
[2026-09-24T21:58:07.903Z] {"timestamp":1790286659848,"kind":"click","url":"http://127.0.0.1:3000/","viewport":{"width":1536,"height":826},"payload":{"target":{"tag":"img","id":null,"name":null,"type":null,"role":null,"ariaLabel":null,"testId":null,"dataLoc":"client/src/pages/Home.tsx:336","href":null,"text":"","selectorHint":"[data-loc=\"client/src/pages/Home.tsx:336\"]"},"x":559,"y":625}}
[2026-09-24T21:58:07.903Z] {"timestamp":1790286660820,"kind":"scroll","url":"http://127.0.0.1:3000/","viewport":{"width":1536,"height":826},"payload":{"scrollX":0,"scrollY":2399.199951171875,"documentHeight":7478,"viewportHeight":826}}
[2026-09-24T21:58:07.903Z] {"timestamp":1790286661321,"kind":"scroll","url":"http://127.0.0.1:3000/","viewport":{"width":1536,"height":826},"payload":{"scrollX":0,"scrollY":2614.39990234375,"documentHeight":7478,"viewportHeight":826}}
[2026-09-24T21:58:07.903Z] {"timestamp":1790286661840,"kind":"scroll","url":"http://127.0.0.1:3000/","viewport":{"width":1536,"height":826},"payload":{"scrollX":0,"scrollY":2502.39990234375,"documentHeight":7478,"viewportHeight":826}}
[2026-09-24T21:58:07.903Z] {"timestamp":1790286665698,"kind":"click","url":"http://127.0.0.1:3000/","viewport":{"width":1536,"height":826},"payload":{"target":{"tag":"article","id":null,"name":null,"type":null,"role":null,"ariaLabel":null,"testId":null,"dataLoc":"client/src/pages/Home.tsx:347","href":null,"text":"OPERAÇÃO & VISIBILIDADE NXS / 01 Painel Intercompany Atualizações 04x / dia Saíd…","selectorHint":"[data-loc=\"client/src/pages/Home.tsx:347\"]"},"x":526,"y":442}}
[2026-09-24T21:58:07.903Z] {"timestamp":1790286667107,"kind":"click","url":"http://127.0.0.1:3000/","viewport":{"width":1536,"height":826},"payload":{"target":{"tag":"img","id":null,"name":null,"type":null,"role":null,"ariaLabel":null,"testId":null,"dataLoc":"client/src/pages/Home.tsx:336","href":null,"text":"","selectorHint":"[data-loc=\"client/src/pages/Home.tsx:336\"]"},"x":526,"y":442}}
[2026-09-24T21:58:07.903Z] {"timestamp":1790286667837,"kind":"scroll","url":"http://127.0.0.1:3000/","viewport":{"width":1536,"height":826},"payload":{"scrollX":0,"scrollY":2500.800048828125,"documentHeight":7478,"viewportHeight":826}}
[2026-09-24T21:58:07.904Z] {"timestamp":1790286670438,"kind":"scroll","url":"http://127.0.0.1:3000/","viewport":{"width":1536,"height":826},"payload":{"scrollX":0,"scrollY":2551.199951171875,"documentHeight":7478,"viewportHeight":826}}
[2026-09-24T21:58:07.904Z] {"timestamp":1790286670938,"kind":"scroll","url":"http://127.0.0.1:3000/","viewport":{"width":1536,"height":826},"payload":{"scrollX":0,"scrollY":2836,"documentHeight":7478,"viewportHeight":826}}
[2026-09-24T21:58:07.904Z] {"timestamp":1790286671472,"kind":"scroll","url":"http://127.0.0.1:3000/","viewport":{"width":1536,"height":826},"payload":{"scrollX":0,"scrollY":3343.199951171875,"documentHeight":7478,"viewportHeight":826}}
[2026-09-24T21:58:07.904Z] {"timestamp":1790286672256,"kind":"scroll","url":"http://127.0.0.1:3000/","viewport":{"width":1536,"height":826},"payload":{"scrollX":0,"scrollY":3590.39990234375,"documentHeight":7478,"viewportHeight":826}}
[2026-09-24T21:58:07.904Z] {"timestamp":1790286672903,"kind":"scroll","url":"http://127.0.0.1:3000/","viewport":{"width":1536,"height":826},"payload":{"scrollX":0,"scrollY":3439.199951171875,"documentHeight":7478,"viewportHeight":826}}
[2026-09-24T21:58:07.904Z] {"timestamp":1790286673498,"kind":"click","url":"http://127.0.0.1:3000/","viewport":{"width":1536,"height":826},"payload":{"target":{"tag":"img","id":null,"name":null,"type":null,"role":null,"ariaLabel":null,"testId":null,"dataLoc":"client/src/pages/Home.tsx:452","href":null,"text":"","selectorHint":"[data-loc=\"client/src/pages/Home.tsx:452\"]"},"x":526,"y":442}}
[2026-09-24T21:58:07.904Z] {"timestamp":1790286674387,"kind":"scroll","url":"http://127.0.0.1:3000/","viewport":{"width":1536,"height":826},"payload":{"scrollX":0,"scrollY":3447.199951171875,"documentHeight":7478,"viewportHeight":826}}
[2026-09-24T21:58:07.904Z] {"timestamp":1790286674926,"kind":"scroll","url":"http://127.0.0.1:3000/","viewport":{"width":1536,"height":826},"payload":{"scrollX":0,"scrollY":3568,"documentHeight":7478,"viewportHeight":826}}
[2026-09-24T21:58:07.904Z] {"timestamp":1790286675473,"kind":"scroll","url":"http://127.0.0.1:3000/","viewport":{"width":1536,"height":826},"payload":{"scrollX":0,"scrollY":3771.199951171875,"documentHeight":7478,"viewportHeight":826}}
[2026-09-24T21:58:07.904Z] {"timestamp":1790286676304,"kind":"scroll","url":"http://127.0.0.1:3000/","viewport":{"width":1536,"height":826},"payload":{"scrollX":0,"scrollY":3914.39990234375,"documentHeight":7478,"viewportHeight":826}}
[2026-09-24T21:58:07.904Z] {"timestamp":1790286676806,"kind":"scroll","url":"http://127.0.0.1:3000/","viewport":{"width":1536,"height":826},"payload":{"scrollX":0,"scrollY":3654.39990234375,"documentHeight":7478,"viewportHeight":826}}
[2026-09-24T21:58:07.904Z] {"timestamp":1790286677340,"kind":"scroll","url":"http://127.0.0.1:3000/","viewport":{"width":1536,"height":826},"payload":{"scrollX":0,"scrollY":3340,"documentHeight":7478,"viewportHeight":826}}
[2026-09-24T21:58:07.904Z] {"timestamp":1790286677887,"kind":"scroll","url":"http://127.0.0.1:3000/","viewport":{"width":1536,"height":826},"payload":{"scrollX":0,"scrollY":2384,"documentHeight":7478,"viewportHeight":826}}
[2026-09-24T21:58:07.904Z] {"timestamp":1790286678505,"kind":"scroll","url":"http://127.0.0.1:3000/","viewport":{"width":1536,"height":826},"payload":{"scrollX":0,"scrollY":1547.199951171875,"documentHeight":7478,"viewportHeight":826}}
[2026-09-24T21:58:07.904Z] {"timestamp":1790286679038,"kind":"scroll","url":"http://127.0.0.1:3000/","viewport":{"width":1536,"height":826},"payload":{"scrollX":0,"scrollY":3292,"documentHeight":7478,"viewportHeight":826}}
[2026-09-24T21:58:07.904Z] {"timestamp":1790286679538,"kind":"scroll","url":"http://127.0.0.1:3000/","viewport":{"width":1536,"height":826},"payload":{"scrollX":0,"scrollY":3943.199951171875,"documentHeight":7478,"viewportHeight":826}}
[2026-09-24T21:58:23.394Z] {"timestamp":1790287102150,"kind":"scroll","url":"http://127.0.0.1:3000/","viewport":{"width":1536,"height":826},"payload":{"scrollX":0,"scrollY":28.799999237060547,"documentHeight":7575,"viewportHeight":826}}
[2026-09-24T21:58:23.394Z] {"timestamp":1790287102664,"kind":"scroll","url":"http://127.0.0.1:3000/","viewport":{"width":1536,"height":826},"payload":{"scrollX":0,"scrollY":400.79998779296875,"documentHeight":7575,"viewportHeight":826}}
[2026-09-24T21:58:23.394Z] {"timestamp":1790287103200,"kind":"scroll","url":"http://127.0.0.1:3000/","viewport":{"width":1536,"height":826},"payload":{"scrollX":0,"scrollY":784,"documentHeight":7575,"viewportHeight":826}}
[2026-09-24T21:58:23.394Z] {"timestamp":1790287103818,"kind":"scroll","url":"http://127.0.0.1:3000/","viewport":{"width":1536,"height":826},"payload":{"scrollX":0,"scrollY":1156.800048828125,"documentHeight":7575,"viewportHeight":826}}
[2026-09-24T21:58:25.377Z] {"timestamp":1790287104332,"kind":"scroll","url":"http://127.0.0.1:3000/","viewport":{"width":1536,"height":826},"payload":{"scrollX":0,"scrollY":2236.800048828125,"documentHeight":7575,"viewportHeight":826}}
[2026-09-24T21:58:25.377Z] {"timestamp":1790287105099,"kind":"scroll","url":"http://127.0.0.1:3000/","viewport":{"width":1536,"height":826},"payload":{"scrollX":0,"scrollY":2539.199951171875,"documentHeight":7575,"viewportHeight":826}}
[2026-09-24T21:58:25.377Z] {"timestamp":1790287105701,"kind":"scroll","url":"http://127.0.0.1:3000/","viewport":{"width":1536,"height":826},"payload":{"scrollX":0,"scrollY":3634.39990234375,"documentHeight":7575,"viewportHeight":826}}
[2026-09-24T21:58:27.393Z] {"timestamp":1790287106251,"kind":"scroll","url":"http://127.0.0.1:3000/","viewport":{"width":1536,"height":826},"payload":{"scrollX":0,"scrollY":3487.199951171875,"documentHeight":7575,"viewportHeight":826}}
[2026-09-24T21:58:27.393Z] {"timestamp":1790287106851,"kind":"scroll","url":"http://127.0.0.1:3000/","viewport":{"width":1536,"height":826},"payload":{"scrollX":0,"scrollY":2746.39990234375,"documentHeight":7575,"viewportHeight":826}}
[2026-09-24T21:58:27.393Z] {"timestamp":1790287107365,"kind":"scroll","url":"http://127.0.0.1:3000/","viewport":{"width":1536,"height":826},"payload":{"scrollX":0,"scrollY":2339.199951171875,"documentHeight":7575,"viewportHeight":826}}
[2026-09-24T21:58:29.410Z] {"timestamp":1790287109451,"kind":"click","url":"http://127.0.0.1:3000/","viewport":{"width":1536,"height":826},"payload":{"target":{"tag":"section","id":"intercompany","name":null,"type":null,"role":null,"ariaLabel":null,"testId":null,"dataLoc":"client/src/pages/Home.tsx:284","href":null,"text":"/ NXS-01 : AUTOMAÇÃO & GOVERNANÇA Painel Intercompany. ATUALIZAÇÃO 04X / DIA nex…","selectorHint":"[data-loc=\"client/src/pages/Home.tsx:284\"]"},"x":1415,"y":103}}
[2026-09-24T21:58:31.403Z] {"timestamp":1790287110518,"kind":"click","url":"http://127.0.0.1:3000/","viewport":{"width":1536,"height":826},"payload":{"target":{"tag":"img","id":null,"name":null,"type":null,"role":null,"ariaLabel":null,"testId":null,"dataLoc":"client/src/pages/Home.tsx:326","href":null,"text":"","selectorHint":"[data-loc=\"client/src/pages/Home.tsx:326\"]"},"x":984,"y":301}}
[2026-09-24T21:58:33.377Z] {"timestamp":1790287113086,"kind":"click","url":"http://127.0.0.1:3000/","viewport":{"width":1536,"height":826},"payload":{"target":{"tag":"article","id":null,"name":null,"type":null,"role":null,"ariaLabel":null,"testId":null,"dataLoc":"client/src/pages/Home.tsx:337","href":null,"text":"OPERAÇÃO & VISIBILIDADE NXS / 01 Painel Intercompany Atualizações 04x / dia Saíd…","selectorHint":"[data-loc=\"client/src/pages/Home.tsx:337\"]"},"x":984,"y":301}}
[2026-09-24T21:58:35.392Z] {"timestamp":1790287114382,"kind":"scroll","url":"http://127.0.0.1:3000/","viewport":{"width":1536,"height":826},"payload":{"scrollX":0,"scrollY":2550.39990234375,"documentHeight":7575,"viewportHeight":826}}
[2026-09-24T21:58:35.392Z] {"timestamp":1790287114899,"kind":"scroll","url":"http://127.0.0.1:3000/","viewport":{"width":1536,"height":826},"payload":{"scrollX":0,"scrollY":2712,"documentHeight":7575,"viewportHeight":826}}
[2026-09-24T21:58:35.392Z] {"timestamp":1790287115414,"kind":"scroll","url":"http://127.0.0.1:3000/","viewport":{"width":1536,"height":826},"payload":{"scrollX":0,"scrollY":2874.39990234375,"documentHeight":7575,"viewportHeight":826}}
[2026-09-24T21:58:37.377Z] {"timestamp":1790287115914,"kind":"scroll","url":"http://127.0.0.1:3000/","viewport":{"width":1536,"height":826},"payload":{"scrollX":0,"scrollY":3040,"documentHeight":7575,"viewportHeight":826}}
[2026-09-24T21:58:37.377Z] {"timestamp":1790287116414,"kind":"scroll","url":"http://127.0.0.1:3000/","viewport":{"width":1536,"height":826},"payload":{"scrollX":0,"scrollY":3704,"documentHeight":7575,"viewportHeight":826}}
[2026-09-24T21:58:37.377Z] {"timestamp":1790287116921,"kind":"scroll","url":"http://127.0.0.1:3000/","viewport":{"width":1536,"height":826},"payload":{"scrollX":0,"scrollY":4119.2001953125,"documentHeight":7575,"viewportHeight":826}}
[2026-09-24T21:58:37.377Z] {"timestamp":1790287117448,"kind":"scroll","url":"http://127.0.0.1:3000/","viewport":{"width":1536,"height":826},"payload":{"scrollX":0,"scrollY":4215.2001953125,"documentHeight":7575,"viewportHeight":826}}
[2026-09-24T21:58:39.457Z] {"timestamp":1790287118732,"kind":"scroll","url":"http://127.0.0.1:3000/","viewport":{"width":1536,"height":826},"payload":{"scrollX":0,"scrollY":4203.2001953125,"documentHeight":7575,"viewportHeight":826}}
[2026-09-24T21:58:39.457Z] {"timestamp":1790287119466,"kind":"scroll","url":"http://127.0.0.1:3000/","viewport":{"width":1536,"height":826},"payload":{"scrollX":0,"scrollY":4026.39990234375,"documentHeight":7575,"viewportHeight":826}}
[2026-09-24T21:58:41.404Z] {"timestamp":1790287119966,"kind":"scroll","url":"http://127.0.0.1:3000/","viewport":{"width":1536,"height":826},"payload":{"scrollX":0,"scrollY":4226.39990234375,"documentHeight":7575,"viewportHeight":826}}
[2026-09-24T21:58:41.404Z] {"timestamp":1790287120481,"kind":"scroll","url":"http://127.0.0.1:3000/","viewport":{"width":1536,"height":826},"payload":{"scrollX":0,"scrollY":4032.800048828125,"documentHeight":7575,"viewportHeight":826}}
[2026-09-24T21:58:43.456Z] {"timestamp":1790287122498,"kind":"scroll","url":"http://127.0.0.1:3000/","viewport":{"width":1536,"height":826},"payload":{"scrollX":0,"scrollY":4003.199951171875,"documentHeight":7575,"viewportHeight":826}}
[2026-09-24T21:58:43.456Z] {"timestamp":1790287123000,"kind":"scroll","url":"http://127.0.0.1:3000/","viewport":{"width":1536,"height":826},"payload":{"scrollX":0,"scrollY":4346.39990234375,"documentHeight":7575,"viewportHeight":826}}
[2026-09-24T21:58:43.456Z] {"timestamp":1790287123514,"kind":"scroll","url":"http://127.0.0.1:3000/","viewport":{"width":1536,"height":826},"payload":{"scrollX":0,"scrollY":4736,"documentHeight":7575,"viewportHeight":826}}
[2026-09-24T21:58:45.376Z] {"timestamp":1790287124198,"kind":"scroll","url":"http://127.0.0.1:3000/","viewport":{"width":1536,"height":826},"payload":{"scrollX":0,"scrollY":5008,"documentHeight":7575,"viewportHeight":826}}
[2026-09-24T21:58:45.376Z] {"timestamp":1790287124714,"kind":"scroll","url":"http://127.0.0.1:3000/","viewport":{"width":1536,"height":826},"payload":{"scrollX":0,"scrollY":5384,"documentHeight":7575,"viewportHeight":826}}
[2026-09-24T21:58:45.376Z] {"timestamp":1790287125214,"kind":"scroll","url":"http://127.0.0.1:3000/","viewport":{"width":1536,"height":826},"payload":{"scrollX":0,"scrollY":5399.2001953125,"documentHeight":7575,"viewportHeight":826}}
[2026-09-24T21:58:45.376Z] {"timestamp":1790287125732,"kind":"scroll","url":"http://127.0.0.1:3000/","viewport":{"width":1536,"height":826},"payload":{"scrollX":0,"scrollY":5452.7998046875,"documentHeight":7575,"viewportHeight":826}}
[2026-09-24T21:58:49.378Z] {"timestamp":1790287128980,"kind":"scroll","url":"http://127.0.0.1:3000/","viewport":{"width":1536,"height":826},"payload":{"scrollX":0,"scrollY":5516,"documentHeight":7575,"viewportHeight":826}}
[2026-09-24T21:58:49.378Z] {"timestamp":1790287129481,"kind":"scroll","url":"http://127.0.0.1:3000/","viewport":{"width":1536,"height":826},"payload":{"scrollX":0,"scrollY":5847.2001953125,"documentHeight":7575,"viewportHeight":826}}
[2026-09-24T21:58:51.403Z] {"timestamp":1790287130531,"kind":"scroll","url":"http://127.0.0.1:3000/","viewport":{"width":1536,"height":826},"payload":{"scrollX":0,"scrollY":5915.2001953125,"documentHeight":7575,"viewportHeight":826}}
[2026-09-24T21:58:51.403Z] {"timestamp":1790287131032,"kind":"scroll","url":"http://127.0.0.1:3000/","viewport":{"width":1536,"height":826},"payload":{"scrollX":0,"scrollY":5363.2001953125,"documentHeight":7575,"viewportHeight":826}}
[2026-09-24T21:58:51.403Z] {"timestamp":1790287131581,"kind":"scroll","url":"http://127.0.0.1:3000/","viewport":{"width":1536,"height":826},"payload":{"scrollX":0,"scrollY":6227.2001953125,"documentHeight":7575,"viewportHeight":826}}
[2026-09-24T21:58:53.408Z] {"timestamp":1790287132081,"kind":"scroll","url":"http://127.0.0.1:3000/","viewport":{"width":1536,"height":826},"payload":{"scrollX":0,"scrollY":6470.39990234375,"documentHeight":7575,"viewportHeight":826}}
[2026-09-24T21:58:53.408Z] {"timestamp":1790287132849,"kind":"scroll","url":"http://127.0.0.1:3000/","viewport":{"width":1536,"height":826},"payload":{"scrollX":0,"scrollY":6748.7998046875,"documentHeight":7575,"viewportHeight":826}}
[2026-09-24T21:58:53.408Z] {"timestamp":1790287133382,"kind":"scroll","url":"http://127.0.0.1:3000/","viewport":{"width":1536,"height":826},"payload":{"scrollX":0,"scrollY":3472,"documentHeight":7575,"viewportHeight":826}}
[2026-09-24T21:58:55.393Z] {"timestamp":1790287133882,"kind":"scroll","url":"http://127.0.0.1:3000/","viewport":{"width":1536,"height":826},"payload":{"scrollX":0,"scrollY":598.4000244140625,"documentHeight":7575,"viewportHeight":826}}
[2026-09-24T21:58:55.393Z] {"timestamp":1790287134397,"kind":"scroll","url":"http://127.0.0.1:3000/","viewport":{"width":1536,"height":826},"payload":{"scrollX":0,"scrollY":109.5999984741211,"documentHeight":7575,"viewportHeight":826}}
[2026-09-24T21:58:55.393Z] {"timestamp":1790287135651,"kind":"scroll","url":"http://127.0.0.1:3000/","viewport":{"width":1536,"height":826},"payload":{"scrollX":0,"scrollY":20.799999237060547,"documentHeight":7575,"viewportHeight":826}}
[2026-09-24T21:58:57.416Z] {"timestamp":1790287136164,"kind":"scroll","url":"http://127.0.0.1:3000/","viewport":{"width":1536,"height":826},"payload":{"scrollX":0,"scrollY":416,"documentHeight":7575,"viewportHeight":826}}
[2026-09-24T21:58:57.416Z] {"timestamp":1790287136665,"kind":"scroll","url":"http://127.0.0.1:3000/","viewport":{"width":1536,"height":826},"payload":{"scrollX":0,"scrollY":1114.4000244140625,"documentHeight":7575,"viewportHeight":826}}
[2026-09-24T21:58:57.416Z] {"timestamp":1790287137499,"kind":"scroll","url":"http://127.0.0.1:3000/","viewport":{"width":1536,"height":826},"payload":{"scrollX":0,"scrollY":940,"documentHeight":7575,"viewportHeight":826}}
[2026-09-24T21:58:59.393Z] {"timestamp":1790287138127,"kind":"scroll","url":"http://127.0.0.1:3000/","viewport":{"width":1536,"height":826},"payload":{"scrollX":0,"scrollY":803.2000122070312,"documentHeight":7575,"viewportHeight":826}}
[2026-09-24T21:58:59.393Z] {"timestamp":1790287139002,"kind":"scroll","url":"http://127.0.0.1:3000/","viewport":{"width":1536,"height":826},"payload":{"scrollX":0,"scrollY":696.7999877929688,"documentHeight":7575,"viewportHeight":826}}
[2026-09-24T21:59:01.480Z] {"timestamp":1790287139898,"kind":"scroll","url":"http://127.0.0.1:3000/","viewport":{"width":1536,"height":826},"payload":{"scrollX":0,"scrollY":684.7999877929688,"documentHeight":7575,"viewportHeight":826}}
[2026-09-24T21:59:01.480Z] {"timestamp":1790287141150,"kind":"scroll","url":"http://127.0.0.1:3000/","viewport":{"width":1536,"height":826},"payload":{"scrollX":0,"scrollY":675.2000122070312,"documentHeight":7575,"viewportHeight":826}}
[2026-09-24T21:59:01.480Z] {"timestamp":1790287141765,"kind":"scroll","url":"http://127.0.0.1:3000/","viewport":{"width":1536,"height":826},"payload":{"scrollX":0,"scrollY":844,"documentHeight":7575,"viewportHeight":826}}
[2026-09-24T21:59:05.376Z] {"timestamp":1790287145282,"kind":"scroll","url":"http://127.0.0.1:3000/","viewport":{"width":1536,"height":826},"payload":{"scrollX":0,"scrollY":955.2000122070312,"documentHeight":7575,"viewportHeight":826}}
[2026-09-24T21:59:13.633Z] {"timestamp":1790287152266,"kind":"scroll","url":"http://127.0.0.1:3000/","viewport":{"width":1536,"height":826},"payload":{"scrollX":0,"scrollY":958.4000244140625,"documentHeight":7575,"viewportHeight":826}}
[2026-09-24T21:59:13.633Z] {"timestamp":1790287152782,"kind":"scroll","url":"http://127.0.0.1:3000/","viewport":{"width":1536,"height":826},"payload":{"scrollX":0,"scrollY":1344.800048828125,"documentHeight":7575,"viewportHeight":826}}
[2026-09-24T21:59:13.633Z] {"timestamp":1790287153297,"kind":"scroll","url":"http://127.0.0.1:3000/","viewport":{"width":1536,"height":826},"payload":{"scrollX":0,"scrollY":2138.39990234375,"documentHeight":7575,"viewportHeight":826}}
[2026-09-24T21:59:13.633Z] {"timestamp":1790287153798,"kind":"scroll","url":"http://127.0.0.1:3000/","viewport":{"width":1536,"height":826},"payload":{"scrollX":0,"scrollY":2486.39990234375,"documentHeight":7575,"viewportHeight":826}}
[2026-09-24T21:59:15.424Z] {"timestamp":1790287154564,"kind":"scroll","url":"http://127.0.0.1:3000/","viewport":{"width":1536,"height":826},"payload":{"scrollX":0,"scrollY":2630.39990234375,"documentHeight":7575,"viewportHeight":826}}
[2026-09-24T21:59:15.424Z] {"timestamp":1790287155514,"kind":"click","url":"http://127.0.0.1:3000/","viewport":{"width":1536,"height":826},"payload":{"target":{"tag":"img","id":null,"name":null,"type":null,"role":null,"ariaLabel":null,"testId":null,"dataLoc":"client/src/pages/Home.tsx:326","href":null,"text":"","selectorHint":"[data-loc=\"client/src/pages/Home.tsx:326\"]"},"x":488,"y":404}}
[2026-09-24T21:59:17.376Z] {"timestamp":1790287156914,"kind":"scroll","url":"http://127.0.0.1:3000/","viewport":{"width":1536,"height":826},"payload":{"scrollX":0,"scrollY":2620.800048828125,"documentHeight":7575,"viewportHeight":826}}
[2026-09-24T21:59:19.424Z] {"timestamp":1790287159365,"kind":"scroll","url":"http://127.0.0.1:3000/","viewport":{"width":1536,"height":826},"payload":{"scrollX":0,"scrollY":2543.199951171875,"documentHeight":7575,"viewportHeight":826}}
[2026-09-24T21:59:23.424Z] {"timestamp":1790287161945,"kind":"click","url":"http://127.0.0.1:3000/","viewport":{"width":1536,"height":826},"payload":{"target":{"tag":"article","id":null,"name":null,"type":null,"role":null,"ariaLabel":null,"testId":null,"dataLoc":"client/src/pages/Home.tsx:337","href":null,"text":"OPERAÇÃO & VISIBILIDADE NXS / 01 Painel Intercompany Atualizações 04x / dia Saíd…","selectorHint":"[data-loc=\"client/src/pages/Home.tsx:337\"]"},"x":353,"y":369}}
[2026-09-24T21:59:23.425Z] {"timestamp":1790287162482,"kind":"click","url":"http://127.0.0.1:3000/","viewport":{"width":1536,"height":826},"payload":{"target":{"tag":"div","id":null,"name":null,"type":null,"role":null,"ariaLabel":null,"testId":null,"dataLoc":"client/src/pages/Home.tsx:301","href":null,"text":"nexus/intercompany/dashboard CLIQUE PARA VER DADOS OPERAÇÃO & VISIBILIDADE NXS /…","selectorHint":"[data-loc=\"client/src/pages/Home.tsx:301\"]"},"x":353,"y":369}}
[2026-09-24T21:59:23.425Z] {"timestamp":1790287163498,"kind":"scroll","url":"http://127.0.0.1:3000/","viewport":{"width":1536,"height":826},"payload":{"scrollX":0,"scrollY":2562.39990234375,"documentHeight":7575,"viewportHeight":826}}
[2026-09-24T21:59:25.377Z] {"timestamp":1790287165348,"kind":"scroll","url":"http://127.0.0.1:3000/","viewport":{"width":1536,"height":826},"payload":{"scrollX":0,"scrollY":2867.199951171875,"documentHeight":7575,"viewportHeight":826}}
[2026-09-24T21:59:27.393Z] {"timestamp":1790287165864,"kind":"scroll","url":"http://127.0.0.1:3000/","viewport":{"width":1536,"height":826},"payload":{"scrollX":0,"scrollY":1746.4000244140625,"documentHeight":7575,"viewportHeight":826}}
[2026-09-24T21:59:27.393Z] {"timestamp":1790287166381,"kind":"scroll","url":"http://127.0.0.1:3000/","viewport":{"width":1536,"height":826},"payload":{"scrollX":0,"scrollY":891.2000122070312,"documentHeight":7575,"viewportHeight":826}}
[2026-09-24T21:59:27.393Z] {"timestamp":1790287166881,"kind":"scroll","url":"http://127.0.0.1:3000/","viewport":{"width":1536,"height":826},"payload":{"scrollX":0,"scrollY":752,"documentHeight":7575,"viewportHeight":826}}
[2026-09-24T21:59:27.393Z] {"timestamp":1790287167397,"kind":"scroll","url":"http://127.0.0.1:3000/","viewport":{"width":1536,"height":826},"payload":{"scrollX":0,"scrollY":2144,"documentHeight":7575,"viewportHeight":826}}
[2026-09-24T21:59:29.416Z] {"timestamp":1790287167898,"kind":"scroll","url":"http://127.0.0.1:3000/","viewport":{"width":1536,"height":826},"payload":{"scrollX":0,"scrollY":2636,"documentHeight":7575,"viewportHeight":826}}
[2026-09-24T21:59:29.416Z] {"timestamp":1790287168447,"kind":"scroll","url":"http://127.0.0.1:3000/","viewport":{"width":1536,"height":826},"payload":{"scrollX":0,"scrollY":2684.800048828125,"documentHeight":7575,"viewportHeight":826}}
[2026-09-24T21:59:29.416Z] {"timestamp":1790287169316,"kind":"click","url":"http://127.0.0.1:3000/","viewport":{"width":1536,"height":826},"payload":{"target":{"tag":"img","id":null,"name":null,"type":null,"role":null,"ariaLabel":null,"testId":null,"dataLoc":"client/src/pages/Home.tsx:326","href":null,"text":"","selectorHint":"[data-loc=\"client/src/pages/Home.tsx:326\"]"},"x":678,"y":425}}
[2026-09-24T21:59:31.401Z] {"timestamp":1790287170623,"kind":"click","url":"http://127.0.0.1:3000/","viewport":{"width":1536,"height":826},"payload":{"target":{"tag":"div","id":null,"name":null,"type":null,"role":null,"ariaLabel":null,"testId":null,"dataLoc":"client/src/pages/Home.tsx:355","href":null,"text":"Saídas E-mail + BI","selectorHint":"[data-loc=\"client/src/pages/Home.tsx:355\"]"},"x":678,"y":425}}
[2026-09-24T21:59:33.379Z] {"timestamp":1790287172030,"kind":"scroll","url":"http://127.0.0.1:3000/","viewport":{"width":1536,"height":826},"payload":{"scrollX":0,"scrollY":2391.199951171875,"documentHeight":7575,"viewportHeight":826}}
[2026-09-24T21:59:35.392Z] {"timestamp":1790287174749,"kind":"scroll","url":"http://127.0.0.1:3000/","viewport":{"width":1536,"height":826},"payload":{"scrollX":0,"scrollY":2494.39990234375,"documentHeight":7575,"viewportHeight":826}}
[2026-09-24T21:59:45.641Z] {"timestamp":1790287185264,"kind":"scroll","url":"http://127.0.0.1:3000/","viewport":{"width":1536,"height":826},"payload":{"scrollX":0,"scrollY":2520,"documentHeight":7575,"viewportHeight":826}}
[2026-09-24T21:59:47.351Z] {"timestamp":1790287187615,"kind":"scroll","url":"http://127.0.0.1:3000/","viewport":{"width":1536,"height":826},"payload":{"scrollX":0,"scrollY":2718.39990234375,"documentHeight":7575,"viewportHeight":826}}
[2026-09-24T21:59:49.376Z] {"timestamp":1790287188547,"kind":"scroll","url":"http://127.0.0.1:3000/","viewport":{"width":1536,"height":826},"payload":{"scrollX":0,"scrollY":2552,"documentHeight":7575,"viewportHeight":826}}
[2026-09-24T21:59:51.392Z] {"timestamp":1790287190397,"kind":"scroll","url":"http://127.0.0.1:3000/","viewport":{"width":1536,"height":826},"payload":{"scrollX":0,"scrollY":2528.800048828125,"documentHeight":7575,"viewportHeight":826}}
[2026-09-24T22:02:53.637Z] {"timestamp":1790287372097,"kind":"scroll","url":"http://127.0.0.1:3000/","viewport":{"width":1536,"height":826},"payload":{"scrollX":0,"scrollY":2464.800048828125,"documentHeight":7575,"viewportHeight":826}}
[2026-09-24T22:02:53.637Z] {"timestamp":1790287372612,"kind":"scroll","url":"http://127.0.0.1:3000/","viewport":{"width":1536,"height":826},"payload":{"scrollX":0,"scrollY":1746.4000244140625,"documentHeight":7575,"viewportHeight":826}}
[2026-09-24T22:02:53.637Z] {"timestamp":1790287373128,"kind":"scroll","url":"http://127.0.0.1:3000/","viewport":{"width":1536,"height":826},"payload":{"scrollX":0,"scrollY":1044,"documentHeight":7575,"viewportHeight":826}}
[2026-09-24T22:02:53.637Z] {"timestamp":1790287373628,"kind":"scroll","url":"http://127.0.0.1:3000/","viewport":{"width":1536,"height":826},"payload":{"scrollX":0,"scrollY":2336.800048828125,"documentHeight":7575,"viewportHeight":826}}
[2026-09-24T22:02:55.426Z] {"timestamp":1790287374196,"kind":"scroll","url":"http://127.0.0.1:3000/","viewport":{"width":1536,"height":826},"payload":{"scrollX":0,"scrollY":3028,"documentHeight":7575,"viewportHeight":826}}
[2026-09-24T22:02:55.426Z] {"timestamp":1790287374801,"kind":"scroll","url":"http://127.0.0.1:3000/","viewport":{"width":1536,"height":826},"payload":{"scrollX":0,"scrollY":3167.199951171875,"documentHeight":7575,"viewportHeight":826}}
[2026-09-24T22:02:55.426Z] {"timestamp":1790287375329,"kind":"scroll","url":"http://127.0.0.1:3000/","viewport":{"width":1536,"height":826},"payload":{"scrollX":0,"scrollY":3468,"documentHeight":7575,"viewportHeight":826}}
[2026-09-24T22:02:57.415Z] {"timestamp":1790287375912,"kind":"scroll","url":"http://127.0.0.1:3000/","viewport":{"width":1536,"height":826},"payload":{"scrollX":0,"scrollY":3867.199951171875,"documentHeight":7575,"viewportHeight":826}}
[2026-09-24T22:02:57.415Z] {"timestamp":1790287376462,"kind":"scroll","url":"http://127.0.0.1:3000/","viewport":{"width":1536,"height":826},"payload":{"scrollX":0,"scrollY":3880,"documentHeight":7575,"viewportHeight":826}}
[2026-09-24T22:02:57.415Z] {"timestamp":1790287376978,"kind":"scroll","url":"http://127.0.0.1:3000/","viewport":{"width":1536,"height":826},"payload":{"scrollX":0,"scrollY":3792,"documentHeight":7575,"viewportHeight":826}}
[2026-09-24T22:02:57.415Z] {"timestamp":1790287377478,"kind":"scroll","url":"http://127.0.0.1:3000/","viewport":{"width":1536,"height":826},"payload":{"scrollX":0,"scrollY":3756.800048828125,"documentHeight":7575,"viewportHeight":826}}
[2026-09-24T22:02:59.426Z] {"timestamp":1790287377995,"kind":"scroll","url":"http://127.0.0.1:3000/","viewport":{"width":1536,"height":826},"payload":{"scrollX":0,"scrollY":3739.199951171875,"documentHeight":7575,"viewportHeight":826}}
[2026-09-24T22:02:59.426Z] {"timestamp":1790287378496,"kind":"scroll","url":"http://127.0.0.1:3000/","viewport":{"width":1536,"height":826},"payload":{"scrollX":0,"scrollY":3360.800048828125,"documentHeight":7575,"viewportHeight":826}}
[2026-09-24T22:02:59.426Z] {"timestamp":1790287379011,"kind":"scroll","url":"http://127.0.0.1:3000/","viewport":{"width":1536,"height":826},"payload":{"scrollX":0,"scrollY":2691.199951171875,"documentHeight":7575,"viewportHeight":826}}
[2026-09-24T22:02:59.426Z] {"timestamp":1790287379512,"kind":"scroll","url":"http://127.0.0.1:3000/","viewport":{"width":1536,"height":826},"payload":{"scrollX":0,"scrollY":3998.39990234375,"documentHeight":7575,"viewportHeight":826}}
[2026-09-24T22:03:01.381Z] {"timestamp":1790287380227,"kind":"scroll","url":"http://127.0.0.1:3000/","viewport":{"width":1536,"height":826},"payload":{"scrollX":0,"scrollY":4027.199951171875,"documentHeight":7575,"viewportHeight":826}}
[2026-09-24T22:03:01.381Z] {"timestamp":1790287380728,"kind":"scroll","url":"http://127.0.0.1:3000/","viewport":{"width":1536,"height":826},"payload":{"scrollX":0,"scrollY":3668.800048828125,"documentHeight":7575,"viewportHeight":826}}
[2026-09-24T22:03:01.381Z] {"timestamp":1790287381312,"kind":"scroll","url":"http://127.0.0.1:3000/","viewport":{"width":1536,"height":826},"payload":{"scrollX":0,"scrollY":3612.800048828125,"documentHeight":7575,"viewportHeight":826}}
[2026-09-24T22:03:01.381Z] {"timestamp":1790287381829,"kind":"scroll","url":"http://127.0.0.1:3000/","viewport":{"width":1536,"height":826},"payload":{"scrollX":0,"scrollY":3596,"documentHeight":7575,"viewportHeight":826}}
[2026-09-24T22:03:03.426Z] {"timestamp":1790287382329,"kind":"scroll","url":"http://127.0.0.1:3000/","viewport":{"width":1536,"height":826},"payload":{"scrollX":0,"scrollY":3536.800048828125,"documentHeight":7575,"viewportHeight":826}}
[2026-09-24T22:03:03.426Z] {"timestamp":1790287382846,"kind":"scroll","url":"http://127.0.0.1:3000/","viewport":{"width":1536,"height":826},"payload":{"scrollX":0,"scrollY":2843.199951171875,"documentHeight":7575,"viewportHeight":826}}
[2026-09-24T22:03:03.426Z] {"timestamp":1790287383363,"kind":"scroll","url":"http://127.0.0.1:3000/","viewport":{"width":1536,"height":826},"payload":{"scrollX":0,"scrollY":2247.199951171875,"documentHeight":7575,"viewportHeight":826}}
[2026-09-24T22:03:05.379Z] {"timestamp":1790287383878,"kind":"scroll","url":"http://127.0.0.1:3000/","viewport":{"width":1536,"height":826},"payload":{"scrollX":0,"scrollY":2380,"documentHeight":7575,"viewportHeight":826}}
[2026-09-24T22:03:05.379Z] {"timestamp":1790287385029,"kind":"click","url":"http://127.0.0.1:3000/","viewport":{"width":1536,"height":826},"payload":{"target":{"tag":"img","id":null,"name":null,"type":null,"role":null,"ariaLabel":null,"testId":null,"dataLoc":"client/src/pages/Home.tsx:326","href":null,"text":"","selectorHint":"[data-loc=\"client/src/pages/Home.tsx:326\"]"},"x":495,"y":384}}
[2026-09-24T22:03:07.458Z] {"timestamp":1790287386178,"kind":"click","url":"http://127.0.0.1:3000/","viewport":{"width":1536,"height":826},"payload":{"target":{"tag":"article","id":null,"name":null,"type":null,"role":null,"ariaLabel":null,"testId":null,"dataLoc":"client/src/pages/Home.tsx:337","href":null,"text":"OPERAÇÃO & VISIBILIDADE NXS / 01 Painel Intercompany Atualizações 04x / dia Saíd…","selectorHint":"[data-loc=\"client/src/pages/Home.tsx:337\"]"},"x":495,"y":384}}
[2026-09-24T22:03:07.458Z] {"timestamp":1790287386934,"kind":"scroll","url":"http://127.0.0.1:3000/","viewport":{"width":1536,"height":826},"payload":{"scrollX":0,"scrollY":2487.199951171875,"documentHeight":7575,"viewportHeight":826}}
[2026-09-24T22:03:07.458Z] {"timestamp":1790287387452,"kind":"scroll","url":"http://127.0.0.1:3000/","viewport":{"width":1536,"height":826},"payload":{"scrollX":0,"scrollY":3370.39990234375,"documentHeight":7575,"viewportHeight":826}}
[2026-09-24T22:03:09.411Z] {"timestamp":1790287388294,"kind":"scroll","url":"http://127.0.0.1:3000/","viewport":{"width":1536,"height":826},"payload":{"scrollX":0,"scrollY":4367.2001953125,"documentHeight":7575,"viewportHeight":826}}
[2026-09-24T22:03:09.411Z] {"timestamp":1790287388862,"kind":"scroll","url":"http://127.0.0.1:3000/","viewport":{"width":1536,"height":826},"payload":{"scrollX":0,"scrollY":4236,"documentHeight":7575,"viewportHeight":826}}
[2026-09-24T22:03:09.411Z] {"timestamp":1790287389379,"kind":"scroll","url":"http://127.0.0.1:3000/","viewport":{"width":1536,"height":826},"payload":{"scrollX":0,"scrollY":3815.199951171875,"documentHeight":7575,"viewportHeight":826}}
[2026-09-24T22:03:11.395Z] {"timestamp":1790287389929,"kind":"scroll","url":"http://127.0.0.1:3000/","viewport":{"width":1536,"height":826},"payload":{"scrollX":0,"scrollY":3538.39990234375,"documentHeight":7575,"viewportHeight":826}}
[2026-09-24T22:03:11.395Z] {"timestamp":1790287390429,"kind":"scroll","url":"http://127.0.0.1:3000/","viewport":{"width":1536,"height":826},"payload":{"scrollX":0,"scrollY":3272.800048828125,"documentHeight":7575,"viewportHeight":826}}
[2026-09-24T22:03:11.395Z] {"timestamp":1790287390945,"kind":"scroll","url":"http://127.0.0.1:3000/","viewport":{"width":1536,"height":826},"payload":{"scrollX":0,"scrollY":2748.800048828125,"documentHeight":7575,"viewportHeight":826}}
[2026-09-24T22:10:51.420Z] {"timestamp":1790287851725,"kind":"scroll","url":"http://127.0.0.1:3000/","viewport":{"width":1536,"height":826},"payload":{"scrollX":0,"scrollY":2611.199951171875,"documentHeight":7825,"viewportHeight":826}}
[2026-09-24T22:10:57.217Z] {"timestamp":1790287856462,"kind":"scroll","url":"http://127.0.0.1:3000/","viewport":{"width":1536,"height":826},"payload":{"scrollX":0,"scrollY":2022.4000244140625,"documentHeight":7469,"viewportHeight":826}}
[2026-09-24T22:11:51.498Z] {"timestamp":1790287909958,"kind":"scroll","url":"http://127.0.0.1:3000/","viewport":{"width":1536,"height":826},"payload":{"scrollX":0,"scrollY":1970.4000244140625,"documentHeight":7825,"viewportHeight":826}}
[2026-09-24T22:11:51.498Z] {"timestamp":1790287910491,"kind":"scroll","url":"http://127.0.0.1:3000/","viewport":{"width":1536,"height":826},"payload":{"scrollX":0,"scrollY":1560.800048828125,"documentHeight":7825,"viewportHeight":826}}
[2026-09-24T22:11:51.498Z] {"timestamp":1790287911207,"kind":"scroll","url":"http://127.0.0.1:3000/","viewport":{"width":1536,"height":826},"payload":{"scrollX":0,"scrollY":2948.800048828125,"documentHeight":7825,"viewportHeight":826}}
[2026-09-24T22:11:53.062Z] {"timestamp":1790287911707,"kind":"scroll","url":"http://127.0.0.1:3000/","viewport":{"width":1536,"height":826},"payload":{"scrollX":0,"scrollY":2670.39990234375,"documentHeight":7825,"viewportHeight":826}}
[2026-09-24T22:11:53.062Z] {"timestamp":1790287912575,"kind":"click","url":"http://127.0.0.1:3000/","viewport":{"width":1536,"height":826},"payload":{"target":{"tag":"img","id":null,"name":null,"type":null,"role":null,"ariaLabel":null,"testId":null,"dataLoc":"client/src/pages/Home.tsx:323","href":null,"text":"","selectorHint":"[data-loc=\"client/src/pages/Home.tsx:323\"]"},"x":477,"y":312}}
[2026-09-24T22:11:55.075Z] {"timestamp":1790287913790,"kind":"click","url":"http://127.0.0.1:3000/","viewport":{"width":1536,"height":826},"payload":{"target":{"tag":"article","id":null,"name":null,"type":null,"role":null,"ariaLabel":null,"testId":null,"dataLoc":"client/src/pages/Home.tsx:334","href":null,"text":"OPERAÇÃO & VISIBILIDADE NXS / 01 Painel Intercompany Painel 100% automático, atu…","selectorHint":"[data-loc=\"client/src/pages/Home.tsx:334\"]"},"x":477,"y":312}}
[2026-09-24T22:11:55.075Z] {"timestamp":1790287914339,"kind":"scroll","url":"http://127.0.0.1:3000/","viewport":{"width":1536,"height":826},"payload":{"scrollX":0,"scrollY":2604.800048828125,"documentHeight":7825,"viewportHeight":826}}
[2026-09-24T22:11:55.075Z] {"timestamp":1790287915343,"kind":"scroll","url":"http://127.0.0.1:3000/","viewport":{"width":1536,"height":826},"payload":{"scrollX":0,"scrollY":2746.39990234375,"documentHeight":7825,"viewportHeight":826}}
[2026-09-24T22:11:57.196Z] {"timestamp":1790287916441,"kind":"scroll","url":"http://127.0.0.1:3000/","viewport":{"width":1536,"height":826},"payload":{"scrollX":0,"scrollY":2856.800048828125,"documentHeight":7825,"viewportHeight":826}}
[2026-09-24T22:11:57.196Z] {"timestamp":1790287917296,"kind":"click","url":"http://127.0.0.1:3000/","viewport":{"width":1536,"height":826},"payload":{"target":{"tag":"img","id":null,"name":null,"type":null,"role":null,"ariaLabel":null,"testId":null,"dataLoc":"client/src/pages/Home.tsx:323","href":null,"text":"","selectorHint":"[data-loc=\"client/src/pages/Home.tsx:323\"]"},"x":477,"y":312}}
[2026-09-24T22:11:59.091Z] {"timestamp":1790287918273,"kind":"scroll","url":"http://127.0.0.1:3000/","viewport":{"width":1536,"height":826},"payload":{"scrollX":0,"scrollY":2736.800048828125,"documentHeight":7825,"viewportHeight":826}}
[2026-09-24T22:11:59.091Z] {"timestamp":1790287918773,"kind":"scroll","url":"http://127.0.0.1:3000/","viewport":{"width":1536,"height":826},"payload":{"scrollX":0,"scrollY":2650.39990234375,"documentHeight":7825,"viewportHeight":826}}
[2026-09-24T22:11:59.091Z] {"timestamp":1790287919273,"kind":"scroll","url":"http://127.0.0.1:3000/","viewport":{"width":1536,"height":826},"payload":{"scrollX":0,"scrollY":2559.199951171875,"documentHeight":7825,"viewportHeight":826}}
[2026-09-24T22:12:01.051Z] {"timestamp":1790287919773,"kind":"scroll","url":"http://127.0.0.1:3000/","viewport":{"width":1536,"height":826},"payload":{"scrollX":0,"scrollY":2251.199951171875,"documentHeight":7825,"viewportHeight":826}}
[2026-09-24T22:12:01.051Z] {"timestamp":1790287920273,"kind":"scroll","url":"http://127.0.0.1:3000/","viewport":{"width":1536,"height":826},"payload":{"scrollX":0,"scrollY":2201.60009765625,"documentHeight":7825,"viewportHeight":826}}
[2026-09-24T22:12:01.051Z] {"timestamp":1790287920790,"kind":"scroll","url":"http://127.0.0.1:3000/","viewport":{"width":1536,"height":826},"payload":{"scrollX":0,"scrollY":2351.199951171875,"documentHeight":7825,"viewportHeight":826}}
[2026-09-24T22:12:01.051Z] {"timestamp":1790287921305,"kind":"scroll","url":"http://127.0.0.1:3000/","viewport":{"width":1536,"height":826},"payload":{"scrollX":0,"scrollY":2405.60009765625,"documentHeight":7825,"viewportHeight":826}}
[2026-09-24T22:12:03.067Z] {"timestamp":1790287922025,"kind":"click","url":"http://127.0.0.1:3000/","viewport":{"width":1536,"height":826},"payload":{"target":{"tag":"p","id":null,"name":null,"type":null,"role":null,"ariaLabel":null,"testId":null,"dataLoc":"client/src/pages/Home.tsx:350","href":null,"text":"Painel 100% automático, atualizado 4x ao dia e disponível por e-mail e Power BI …","selectorHint":"[data-loc=\"client/src/pages/Home.tsx:350\"]"},"x":477,"y":312}}
[2026-09-24T22:12:03.067Z] {"timestamp":1790287922943,"kind":"scroll","url":"http://127.0.0.1:3000/","viewport":{"width":1536,"height":826},"payload":{"scrollX":0,"scrollY":2485.60009765625,"documentHeight":7825,"viewportHeight":826}}
[2026-09-24T22:12:07.105Z] {"timestamp":1790287925844,"kind":"click","url":"http://127.0.0.1:3000/","viewport":{"width":1536,"height":826},"payload":{"target":{"tag":"img","id":null,"name":null,"type":null,"role":null,"ariaLabel":null,"testId":null,"dataLoc":"client/src/pages/Home.tsx:323","href":null,"text":"","selectorHint":"[data-loc=\"client/src/pages/Home.tsx:323\"]"},"x":477,"y":312}}
[2026-09-24T22:12:07.105Z] {"timestamp":1790287927323,"kind":"scroll","url":"http://127.0.0.1:3000/","viewport":{"width":1536,"height":826},"payload":{"scrollX":0,"scrollY":2624.800048828125,"documentHeight":7825,"viewportHeight":826}}
[2026-09-24T22:12:18.521Z] {"timestamp":1790287929774,"kind":"scroll","url":"http://127.0.0.1:3000/","viewport":{"width":1536,"height":826},"payload":{"scrollX":0,"scrollY":3991.199951171875,"documentHeight":7825,"viewportHeight":826}}
[2026-09-24T22:12:18.521Z] {"timestamp":1790287930274,"kind":"scroll","url":"http://127.0.0.1:3000/","viewport":{"width":1536,"height":826},"payload":{"scrollX":0,"scrollY":4191.2001953125,"documentHeight":7825,"viewportHeight":826}}
[2026-09-24T22:12:18.521Z] {"timestamp":1790287930788,"kind":"scroll","url":"http://127.0.0.1:3000/","viewport":{"width":1536,"height":826},"payload":{"scrollX":0,"scrollY":4379.2001953125,"documentHeight":7825,"viewportHeight":826}}
[2026-09-24T22:12:18.525Z] {"timestamp":1790287931944,"kind":"scroll","url":"http://127.0.0.1:3000/","viewport":{"width":1536,"height":826},"payload":{"scrollX":0,"scrollY":4377.60009765625,"documentHeight":7825,"viewportHeight":826}}
[2026-09-24T22:12:18.525Z] {"timestamp":1790287932657,"kind":"scroll","url":"http://127.0.0.1:3000/","viewport":{"width":1536,"height":826},"payload":{"scrollX":0,"scrollY":2436.800048828125,"documentHeight":7825,"viewportHeight":826}}
[2026-09-24T22:12:19.222Z] {"timestamp":1790287927824,"kind":"scroll","url":"http://127.0.0.1:3000/","viewport":{"width":1536,"height":826},"payload":{"scrollX":0,"scrollY":3360.800048828125,"documentHeight":7825,"viewportHeight":826}}
[2026-09-24T22:12:19.222Z] {"timestamp":1790287928338,"kind":"scroll","url":"http://127.0.0.1:3000/","viewport":{"width":1536,"height":826},"payload":{"scrollX":0,"scrollY":3575.199951171875,"documentHeight":7825,"viewportHeight":826}}
[2026-09-24T22:12:19.222Z] {"timestamp":1790287928839,"kind":"scroll","url":"http://127.0.0.1:3000/","viewport":{"width":1536,"height":826},"payload":{"scrollX":0,"scrollY":3727.199951171875,"documentHeight":7825,"viewportHeight":826}}
[2026-09-24T22:12:23.742Z] {"timestamp":1790287943902,"kind":"scroll","url":"http://127.0.0.1:3000/","viewport":{"width":1536,"height":826},"payload":{"scrollX":0,"scrollY":2381.60009765625,"documentHeight":7440,"viewportHeight":826}}
[2026-09-24T22:12:32.652Z] {"timestamp":1790287948555,"kind":"scroll","url":"http://127.0.0.1:3000/","viewport":{"width":1536,"height":826},"payload":{"scrollX":0,"scrollY":2852.800048828125,"documentHeight":7825,"viewportHeight":826}}
[2026-09-24T22:12:32.872Z] {"timestamp":1790287950373,"kind":"scroll","url":"http://127.0.0.1:3000/","viewport":{"width":1536,"height":826},"payload":{"scrollX":0,"scrollY":2880,"documentHeight":7825,"viewportHeight":826}}
[2026-09-24T22:12:32.872Z] {"timestamp":1790287951156,"kind":"scroll","url":"http://127.0.0.1:3000/","viewport":{"width":1536,"height":826},"payload":{"scrollX":0,"scrollY":2860.800048828125,"documentHeight":7825,"viewportHeight":826}}
[2026-09-24T22:12:32.932Z] {"timestamp":1790287947373,"kind":"scroll","url":"http://127.0.0.1:3000/","viewport":{"width":1536,"height":826},"payload":{"scrollX":0,"scrollY":2412.800048828125,"documentHeight":7825,"viewportHeight":826}}
[2026-09-24T22:12:32.932Z] {"timestamp":1790287948041,"kind":"scroll","url":"http://127.0.0.1:3000/","viewport":{"width":1536,"height":826},"payload":{"scrollX":0,"scrollY":2656,"documentHeight":7825,"viewportHeight":826}}
[2026-09-24T22:12:35.746Z] {"timestamp":1790287955022,"kind":"scroll","url":"http://127.0.0.1:3000/","viewport":{"width":1536,"height":826},"payload":{"scrollX":0,"scrollY":2878.39990234375,"documentHeight":7825,"viewportHeight":826}}
[2026-09-24T22:12:35.746Z] {"timestamp":1790287955573,"kind":"scroll","url":"http://127.0.0.1:3000/","viewport":{"width":1536,"height":826},"payload":{"scrollX":0,"scrollY":3464,"documentHeight":7825,"viewportHeight":826}}
[2026-09-24T22:12:35.746Z] {"timestamp":1790287956072,"kind":"scroll","url":"http://127.0.0.1:3000/","viewport":{"width":1536,"height":826},"payload":{"scrollX":0,"scrollY":3726.39990234375,"documentHeight":7825,"viewportHeight":826}}
[2026-09-24T22:12:37.787Z] {"timestamp":1790287956593,"kind":"scroll","url":"http://127.0.0.1:3000/","viewport":{"width":1536,"height":826},"payload":{"scrollX":0,"scrollY":4132.7998046875,"documentHeight":7825,"viewportHeight":826}}
[2026-09-24T22:12:37.787Z] {"timestamp":1790287957809,"kind":"scroll","url":"http://127.0.0.1:3000/","viewport":{"width":1536,"height":826},"payload":{"scrollX":0,"scrollY":6024,"documentHeight":7825,"viewportHeight":826}}
[2026-09-24T22:12:39.779Z] {"timestamp":1790287958321,"kind":"scroll","url":"http://127.0.0.1:3000/","viewport":{"width":1536,"height":826},"payload":{"scrollX":0,"scrollY":5450.39990234375,"documentHeight":7825,"viewportHeight":826}}
[2026-09-24T22:12:39.779Z] {"timestamp":1790287958821,"kind":"scroll","url":"http://127.0.0.1:3000/","viewport":{"width":1536,"height":826},"payload":{"scrollX":0,"scrollY":5272,"documentHeight":7825,"viewportHeight":826}}
[2026-09-24T22:12:39.779Z] {"timestamp":1790287959321,"kind":"scroll","url":"http://127.0.0.1:3000/","viewport":{"width":1536,"height":826},"payload":{"scrollX":0,"scrollY":6814.39990234375,"documentHeight":7825,"viewportHeight":826}}
[2026-09-24T22:12:41.826Z] {"timestamp":1790287960858,"kind":"scroll","url":"http://127.0.0.1:3000/","viewport":{"width":1536,"height":826},"payload":{"scrollX":0,"scrollY":6987.2001953125,"documentHeight":7825,"viewportHeight":826}}
[2026-09-24T22:12:41.826Z] {"timestamp":1790287961508,"kind":"scroll","url":"http://127.0.0.1:3000/","viewport":{"width":1536,"height":826},"payload":{"scrollX":0,"scrollY":2685.60009765625,"documentHeight":7825,"viewportHeight":826}}
[2026-09-24T22:12:41.826Z] {"timestamp":1790287962022,"kind":"scroll","url":"http://127.0.0.1:3000/","viewport":{"width":1536,"height":826},"payload":{"scrollX":0,"scrollY":1018.4000244140625,"documentHeight":7825,"viewportHeight":826}}
[2026-09-24T22:12:43.875Z] {"timestamp":1790287963425,"kind":"scroll","url":"http://127.0.0.1:3000/","viewport":{"width":1536,"height":826},"payload":{"scrollX":0,"scrollY":16,"documentHeight":7825,"viewportHeight":826}}
[2026-09-24T22:12:43.875Z] {"timestamp":1790287963938,"kind":"scroll","url":"http://127.0.0.1:3000/","viewport":{"width":1536,"height":826},"payload":{"scrollX":0,"scrollY":394.3999938964844,"documentHeight":7825,"viewportHeight":826}}
[2026-09-24T22:12:45.756Z] {"timestamp":1790287964438,"kind":"scroll","url":"http://127.0.0.1:3000/","viewport":{"width":1536,"height":826},"payload":{"scrollX":0,"scrollY":1222.4000244140625,"documentHeight":7825,"viewportHeight":826}}
[2026-09-24T22:12:45.756Z] {"timestamp":1790287964940,"kind":"scroll","url":"http://127.0.0.1:3000/","viewport":{"width":1536,"height":826},"payload":{"scrollX":0,"scrollY":1695.199951171875,"documentHeight":7825,"viewportHeight":826}}
[2026-09-24T22:12:45.756Z] {"timestamp":1790287965505,"kind":"scroll","url":"http://127.0.0.1:3000/","viewport":{"width":1536,"height":826},"payload":{"scrollX":0,"scrollY":1811.199951171875,"documentHeight":7825,"viewportHeight":826}}
[2026-09-24T22:12:45.756Z] {"timestamp":1790287966072,"kind":"scroll","url":"http://127.0.0.1:3000/","viewport":{"width":1536,"height":826},"payload":{"scrollX":0,"scrollY":2323.199951171875,"documentHeight":7825,"viewportHeight":826}}
[2026-09-24T22:12:47.748Z] {"timestamp":1790287966588,"kind":"scroll","url":"http://127.0.0.1:3000/","viewport":{"width":1536,"height":826},"payload":{"scrollX":0,"scrollY":2344.800048828125,"documentHeight":7825,"viewportHeight":826}}
[2026-09-24T22:12:47.748Z] {"timestamp":1790287967243,"kind":"scroll","url":"http://127.0.0.1:3000/","viewport":{"width":1536,"height":826},"payload":{"scrollX":0,"scrollY":2454.39990234375,"documentHeight":7825,"viewportHeight":826}}
[2026-09-24T22:12:47.748Z] {"timestamp":1790287967912,"kind":"click","url":"http://127.0.0.1:3000/","viewport":{"width":1536,"height":826},"payload":{"target":{"tag":"img","id":null,"name":null,"type":null,"role":null,"ariaLabel":null,"testId":null,"dataLoc":"client/src/pages/Home.tsx:323","href":null,"text":"","selectorHint":"[data-loc=\"client/src/pages/Home.tsx:323\"]"},"x":616,"y":482}}
[2026-09-24T22:12:49.756Z] {"timestamp":1790287968923,"kind":"scroll","url":"http://127.0.0.1:3000/","viewport":{"width":1536,"height":826},"payload":{"scrollX":0,"scrollY":2524.800048828125,"documentHeight":7825,"viewportHeight":826}}
[2026-09-24T22:12:49.756Z] {"timestamp":1790287969438,"kind":"scroll","url":"http://127.0.0.1:3000/","viewport":{"width":1536,"height":826},"payload":{"scrollX":0,"scrollY":2618.39990234375,"documentHeight":7825,"viewportHeight":826}}
[2026-09-24T22:12:49.756Z] {"timestamp":1790287969940,"kind":"scroll","url":"http://127.0.0.1:3000/","viewport":{"width":1536,"height":826},"payload":{"scrollX":0,"scrollY":2676.800048828125,"documentHeight":7825,"viewportHeight":826}}
[2026-09-24T22:12:51.739Z] {"timestamp":1790287970439,"kind":"scroll","url":"http://127.0.0.1:3000/","viewport":{"width":1536,"height":826},"payload":{"scrollX":0,"scrollY":2702.39990234375,"documentHeight":7825,"viewportHeight":826}}
[2026-09-24T22:12:51.739Z] {"timestamp":1790287970955,"kind":"scroll","url":"http://127.0.0.1:3000/","viewport":{"width":1536,"height":826},"payload":{"scrollX":0,"scrollY":2775.199951171875,"documentHeight":7825,"viewportHeight":826}}
[2026-09-24T22:13:04.058Z] {"timestamp":1790287983339,"kind":"scroll","url":"http://127.0.0.1:3000/","viewport":{"width":1536,"height":826},"payload":{"scrollX":0,"scrollY":2759.199951171875,"documentHeight":7825,"viewportHeight":826}}
[2026-09-24T22:13:04.058Z] {"timestamp":1790287983854,"kind":"scroll","url":"http://127.0.0.1:3000/","viewport":{"width":1536,"height":826},"payload":{"scrollX":0,"scrollY":2492.800048828125,"documentHeight":7825,"viewportHeight":826}}
[2026-09-24T22:13:05.787Z] {"timestamp":1790287984355,"kind":"scroll","url":"http://127.0.0.1:3000/","viewport":{"width":1536,"height":826},"payload":{"scrollX":0,"scrollY":2188.800048828125,"documentHeight":7825,"viewportHeight":826}}
[2026-09-24T22:13:05.787Z] {"timestamp":1790287984854,"kind":"scroll","url":"http://127.0.0.1:3000/","viewport":{"width":1536,"height":826},"payload":{"scrollX":0,"scrollY":1995.199951171875,"documentHeight":7825,"viewportHeight":826}}
[2026-09-24T22:13:05.787Z] {"timestamp":1790287985355,"kind":"scroll","url":"http://127.0.0.1:3000/","viewport":{"width":1536,"height":826},"payload":{"scrollX":0,"scrollY":1876.800048828125,"documentHeight":7825,"viewportHeight":826}}
[2026-09-24T22:13:05.787Z] {"timestamp":1790287985872,"kind":"scroll","url":"http://127.0.0.1:3000/","viewport":{"width":1536,"height":826},"payload":{"scrollX":0,"scrollY":3735.199951171875,"documentHeight":7825,"viewportHeight":826}}
[2026-09-24T22:13:07.750Z] {"timestamp":1790287986506,"kind":"scroll","url":"http://127.0.0.1:3000/","viewport":{"width":1536,"height":826},"payload":{"scrollX":0,"scrollY":3792,"documentHeight":7825,"viewportHeight":826}}
[2026-09-24T22:13:07.750Z] {"timestamp":1790287987006,"kind":"scroll","url":"http://127.0.0.1:3000/","viewport":{"width":1536,"height":826},"payload":{"scrollX":0,"scrollY":3372,"documentHeight":7825,"viewportHeight":826}}
[2026-09-24T22:13:07.750Z] {"timestamp":1790287987521,"kind":"scroll","url":"http://127.0.0.1:3000/","viewport":{"width":1536,"height":826},"payload":{"scrollX":0,"scrollY":4056.800048828125,"documentHeight":7825,"viewportHeight":826}}
[2026-09-24T22:13:07.750Z] {"timestamp":1790287987995,"kind":"click","url":"http://127.0.0.1:3000/","viewport":{"width":1536,"height":826},"payload":{"target":{"tag":"img","id":null,"name":null,"type":null,"role":null,"ariaLabel":null,"testId":null,"dataLoc":"client/src/pages/Home.tsx:474","href":null,"text":"","selectorHint":"[data-loc=\"client/src/pages/Home.tsx:474\"]"},"x":616,"y":482}}
[2026-09-24T22:13:09.786Z] {"timestamp":1790287989029,"kind":"click","url":"http://127.0.0.1:3000/","viewport":{"width":1536,"height":826},"payload":{"target":{"tag":"article","id":null,"name":null,"type":null,"role":null,"ariaLabel":null,"testId":null,"dataLoc":"client/src/pages/Home.tsx:485","href":null,"text":"PLANEJAMENTO & CONTROLE NXS / 02 Torre de Amostra Grátis Visibilidade completa, …","selectorHint":"[data-loc=\"client/src/pages/Home.tsx:485\"]"},"x":616,"y":482}}
[2026-09-24T22:13:32.302Z] {"timestamp":1790288011256,"kind":"scroll","url":"http://127.0.0.1:3000/","viewport":{"width":1536,"height":826},"payload":{"scrollX":0,"scrollY":4000,"documentHeight":7825,"viewportHeight":826}}
[2026-09-24T22:13:32.302Z] {"timestamp":1790288011771,"kind":"scroll","url":"http://127.0.0.1:3000/","viewport":{"width":1536,"height":826},"payload":{"scrollX":0,"scrollY":3336,"documentHeight":7825,"viewportHeight":826}}
[2026-09-24T22:13:33.743Z] {"timestamp":1790288012322,"kind":"scroll","url":"http://127.0.0.1:3000/","viewport":{"width":1536,"height":826},"payload":{"scrollX":0,"scrollY":3318.39990234375,"documentHeight":7825,"viewportHeight":826}}
[2026-09-24T22:13:33.743Z] {"timestamp":1790288013044,"kind":"scroll","url":"http://127.0.0.1:3000/","viewport":{"width":1536,"height":826},"payload":{"scrollX":0,"scrollY":3188,"documentHeight":7825,"viewportHeight":826}}
[2026-09-24T22:13:33.743Z] {"timestamp":1790288013555,"kind":"scroll","url":"http://127.0.0.1:3000/","viewport":{"width":1536,"height":826},"payload":{"scrollX":0,"scrollY":2024,"documentHeight":7825,"viewportHeight":826}}
[2026-09-24T22:13:35.731Z] {"timestamp":1790288014193,"kind":"scroll","url":"http://127.0.0.1:3000/","viewport":{"width":1536,"height":826},"payload":{"scrollX":0,"scrollY":1775.199951171875,"documentHeight":7825,"viewportHeight":826}}
[2026-09-24T22:13:35.731Z] {"timestamp":1790288014705,"kind":"scroll","url":"http://127.0.0.1:3000/","viewport":{"width":1536,"height":826},"payload":{"scrollX":0,"scrollY":1668.800048828125,"documentHeight":7825,"viewportHeight":826}}
[2026-09-24T22:13:35.731Z] {"timestamp":1790288015221,"kind":"scroll","url":"http://127.0.0.1:3000/","viewport":{"width":1536,"height":826},"payload":{"scrollX":0,"scrollY":1492,"documentHeight":7825,"viewportHeight":826}}
[2026-09-24T22:13:42.189Z] {"timestamp":1790288021090,"kind":"scroll","url":"http://127.0.0.1:3000/","viewport":{"width":1536,"height":826},"payload":{"scrollX":0,"scrollY":1483.199951171875,"documentHeight":7825,"viewportHeight":826}}
[2026-09-24T22:13:42.189Z] {"timestamp":1790288021605,"kind":"scroll","url":"http://127.0.0.1:3000/","viewport":{"width":1536,"height":826},"payload":{"scrollX":0,"scrollY":671.2000122070312,"documentHeight":7825,"viewportHeight":826}}
[2026-09-24T22:13:42.189Z] {"timestamp":1790288022123,"kind":"scroll","url":"http://127.0.0.1:3000/","viewport":{"width":1536,"height":826},"payload":{"scrollX":0,"scrollY":372.79998779296875,"documentHeight":7825,"viewportHeight":826}}
[2026-09-24T22:13:43.822Z] {"timestamp":1790288022705,"kind":"scroll","url":"http://127.0.0.1:3000/","viewport":{"width":1536,"height":826},"payload":{"scrollX":0,"scrollY":10.399999618530273,"documentHeight":7825,"viewportHeight":826}}
[2026-09-24T22:13:43.822Z] {"timestamp":1790288023221,"kind":"scroll","url":"http://127.0.0.1:3000/","viewport":{"width":1536,"height":826},"payload":{"scrollX":0,"scrollY":4408.7998046875,"documentHeight":7825,"viewportHeight":826}}
[2026-09-24T22:13:43.822Z] {"timestamp":1790288023721,"kind":"scroll","url":"http://127.0.0.1:3000/","viewport":{"width":1536,"height":826},"payload":{"scrollX":0,"scrollY":2980,"documentHeight":7825,"viewportHeight":826}}
[2026-09-24T22:13:45.805Z] {"timestamp":1790288024222,"kind":"scroll","url":"http://127.0.0.1:3000/","viewport":{"width":1536,"height":826},"payload":{"scrollX":0,"scrollY":2007.199951171875,"documentHeight":7825,"viewportHeight":826}}
[2026-09-24T22:13:45.805Z] {"timestamp":1790288024738,"kind":"scroll","url":"http://127.0.0.1:3000/","viewport":{"width":1536,"height":826},"payload":{"scrollX":0,"scrollY":2056,"documentHeight":7825,"viewportHeight":826}}
[2026-09-24T22:13:45.805Z] {"timestamp":1790288025238,"kind":"scroll","url":"http://127.0.0.1:3000/","viewport":{"width":1536,"height":826},"payload":{"scrollX":0,"scrollY":2436.800048828125,"documentHeight":7825,"viewportHeight":826}}
[2026-09-24T22:13:45.805Z] {"timestamp":1790288025923,"kind":"click","url":"http://127.0.0.1:3000/","viewport":{"width":1536,"height":826},"payload":{"target":{"tag":"div","id":null,"name":null,"type":null,"role":null,"ariaLabel":null,"testId":null,"dataLoc":"client/src/pages/Home.tsx:353","href":null,"text":"LEITURA PRINCIPAL Antecipar o atraso antes que ele vire problema.","selectorHint":"[data-loc=\"client/src/pages/Home.tsx:353\"]"},"x":666,"y":417}}
[2026-09-24T22:13:47.749Z] {"timestamp":1790288027295,"kind":"click","url":"http://127.0.0.1:3000/","viewport":{"width":1536,"height":826},"payload":{"target":{"tag":"img","id":null,"name":null,"type":null,"role":null,"ariaLabel":null,"testId":null,"dataLoc":"client/src/pages/Home.tsx:323","href":null,"text":"","selectorHint":"[data-loc=\"client/src/pages/Home.tsx:323\"]"},"x":666,"y":417}}
[2026-09-24T22:13:53.740Z] {"timestamp":1790288033303,"kind":"scroll","url":"http://127.0.0.1:3000/","viewport":{"width":1536,"height":960},"payload":{"scrollX":0,"scrollY":2444.800048828125,"documentHeight":7959,"viewportHeight":960}}
[2026-09-24T22:13:53.740Z] {"timestamp":1790288033806,"kind":"scroll","url":"http://127.0.0.1:3000/","viewport":{"width":1536,"height":960},"payload":{"scrollX":0,"scrollY":2526.39990234375,"documentHeight":7959,"viewportHeight":960}}
[2026-09-24T22:13:55.755Z] {"timestamp":1790288035422,"kind":"scroll","url":"http://127.0.0.1:3000/","viewport":{"width":1536,"height":960},"payload":{"scrollX":0,"scrollY":2565.60009765625,"documentHeight":7959,"viewportHeight":960}}
[2026-09-24T22:13:55.755Z] {"timestamp":1790288035956,"kind":"scroll","url":"http://127.0.0.1:3000/","viewport":{"width":1536,"height":960},"payload":{"scrollX":0,"scrollY":2603.199951171875,"documentHeight":7959,"viewportHeight":960}}
[2026-09-24T22:13:57.838Z] {"timestamp":1790288037588,"kind":"scroll","url":"http://127.0.0.1:3000/","viewport":{"width":1536,"height":960},"payload":{"scrollX":0,"scrollY":2524.800048828125,"documentHeight":7959,"viewportHeight":960}}
[2026-09-24T22:13:57.838Z] {"timestamp":1790288038139,"kind":"scroll","url":"http://127.0.0.1:3000/","viewport":{"width":1536,"height":960},"payload":{"scrollX":0,"scrollY":2604.800048828125,"documentHeight":7959,"viewportHeight":960}}
[2026-09-24T22:13:59.725Z] {"timestamp":1790288038653,"kind":"scroll","url":"http://127.0.0.1:3000/","viewport":{"width":1536,"height":960},"payload":{"scrollX":0,"scrollY":2723.199951171875,"documentHeight":7959,"viewportHeight":960}}
[2026-09-24T22:14:01.740Z] {"timestamp":1790288041039,"kind":"scroll","url":"http://127.0.0.1:3000/","viewport":{"width":1536,"height":960},"payload":{"scrollX":0,"scrollY":2801.60009765625,"documentHeight":7959,"viewportHeight":960}}
[2026-09-24T22:14:11.948Z] {"timestamp":1790288050905,"kind":"scroll","url":"http://127.0.0.1:3000/","viewport":{"width":1536,"height":960},"payload":{"scrollX":0,"scrollY":2764.800048828125,"documentHeight":7959,"viewportHeight":960}}
[2026-09-24T22:14:11.948Z] {"timestamp":1790288051605,"kind":"scroll","url":"http://127.0.0.1:3000/","viewport":{"width":1536,"height":960},"payload":{"scrollX":0,"scrollY":2846.39990234375,"documentHeight":7959,"viewportHeight":960}}
[2026-09-24T22:14:11.948Z] {"timestamp":1790288052120,"kind":"scroll","url":"http://127.0.0.1:3000/","viewport":{"width":1536,"height":960},"payload":{"scrollX":0,"scrollY":2939.199951171875,"documentHeight":7959,"viewportHeight":960}}
[2026-09-24T22:14:13.806Z] {"timestamp":1790288053139,"kind":"scroll","url":"http://127.0.0.1:3000/","viewport":{"width":1536,"height":960},"payload":{"scrollX":0,"scrollY":3044.800048828125,"documentHeight":7959,"viewportHeight":960}}
[2026-09-24T22:14:13.806Z] {"timestamp":1790288053957,"kind":"scroll","url":"http://127.0.0.1:3000/","viewport":{"width":1536,"height":960},"payload":{"scrollX":0,"scrollY":3126.39990234375,"documentHeight":7959,"viewportHeight":960}}
[2026-09-24T22:14:15.725Z] {"timestamp":1790288054470,"kind":"scroll","url":"http://127.0.0.1:3000/","viewport":{"width":1536,"height":960},"payload":{"scrollX":0,"scrollY":3732.800048828125,"documentHeight":7959,"viewportHeight":960}}
[2026-09-24T22:14:15.725Z] {"timestamp":1790288054986,"kind":"scroll","url":"http://127.0.0.1:3000/","viewport":{"width":1536,"height":960},"payload":{"scrollX":0,"scrollY":3823.199951171875,"documentHeight":7959,"viewportHeight":960}}
[2026-09-24T22:14:15.725Z] {"timestamp":1790288055605,"kind":"scroll","url":"http://127.0.0.1:3000/","viewport":{"width":1536,"height":960},"payload":{"scrollX":0,"scrollY":3926.39990234375,"documentHeight":7959,"viewportHeight":960}}
[2026-09-24T22:14:17.741Z] {"timestamp":1790288056404,"kind":"scroll","url":"http://127.0.0.1:3000/","viewport":{"width":1536,"height":960},"payload":{"scrollX":0,"scrollY":4005.60009765625,"documentHeight":7959,"viewportHeight":960}}
[2026-09-24T22:14:17.741Z] {"timestamp":1790288056920,"kind":"scroll","url":"http://127.0.0.1:3000/","viewport":{"width":1536,"height":960},"payload":{"scrollX":0,"scrollY":4083.199951171875,"documentHeight":7959,"viewportHeight":960}}
[2026-09-24T22:14:17.741Z] {"timestamp":1790288057538,"kind":"scroll","url":"http://127.0.0.1:3000/","viewport":{"width":1536,"height":960},"payload":{"scrollX":0,"scrollY":4166.39990234375,"documentHeight":7959,"viewportHeight":960}}
[2026-09-24T22:14:17.741Z] {"timestamp":1790288058053,"kind":"scroll","url":"http://127.0.0.1:3000/","viewport":{"width":1536,"height":960},"payload":{"scrollX":0,"scrollY":4270.39990234375,"documentHeight":7959,"viewportHeight":960}}
[2026-09-24T22:14:19.725Z] {"timestamp":1790288058555,"kind":"scroll","url":"http://127.0.0.1:3000/","viewport":{"width":1536,"height":960},"payload":{"scrollX":0,"scrollY":4361.60009765625,"documentHeight":7959,"viewportHeight":960}}
[2026-09-24T22:14:19.725Z] {"timestamp":1790288059355,"kind":"scroll","url":"http://127.0.0.1:3000/","viewport":{"width":1536,"height":960},"payload":{"scrollX":0,"scrollY":4401.60009765625,"documentHeight":7959,"viewportHeight":960}}
[2026-09-24T22:14:19.725Z] {"timestamp":1790288059971,"kind":"scroll","url":"http://127.0.0.1:3000/","viewport":{"width":1536,"height":960},"payload":{"scrollX":0,"scrollY":4322.39990234375,"documentHeight":7959,"viewportHeight":960}}
[2026-09-24T22:14:21.819Z] {"timestamp":1790288060554,"kind":"scroll","url":"http://127.0.0.1:3000/","viewport":{"width":1536,"height":960},"payload":{"scrollX":0,"scrollY":4284.7998046875,"documentHeight":7959,"viewportHeight":960}}
[2026-09-24T22:14:21.819Z] {"timestamp":1790288061369,"kind":"scroll","url":"http://127.0.0.1:3000/","viewport":{"width":1536,"height":960},"payload":{"scrollX":0,"scrollY":4285.60009765625,"documentHeight":7959,"viewportHeight":960}}
[2026-09-24T22:14:21.819Z] {"timestamp":1790288061905,"kind":"scroll","url":"http://127.0.0.1:3000/","viewport":{"width":1536,"height":960},"payload":{"scrollX":0,"scrollY":4322.39990234375,"documentHeight":7959,"viewportHeight":960}}
[2026-09-24T22:14:27.758Z] {"timestamp":1790288067688,"kind":"scroll","url":"http://127.0.0.1:3000/","viewport":{"width":1536,"height":960},"payload":{"scrollX":0,"scrollY":4283.2001953125,"documentHeight":7959,"viewportHeight":960}}
[2026-09-24T22:14:27.758Z] {"timestamp":1790288068188,"kind":"scroll","url":"http://127.0.0.1:3000/","viewport":{"width":1536,"height":960},"payload":{"scrollX":0,"scrollY":4201.60009765625,"documentHeight":7959,"viewportHeight":960}}
[2026-09-24T22:14:29.743Z] {"timestamp":1790288068721,"kind":"scroll","url":"http://127.0.0.1:3000/","viewport":{"width":1536,"height":960},"payload":{"scrollX":0,"scrollY":4162.39990234375,"documentHeight":7959,"viewportHeight":960}}
[2026-09-24T22:14:29.743Z] {"timestamp":1790288069555,"kind":"scroll","url":"http://127.0.0.1:3000/","viewport":{"width":1536,"height":960},"payload":{"scrollX":0,"scrollY":4083.199951171875,"documentHeight":7959,"viewportHeight":960}}
[2026-09-24T22:14:29.743Z] {"timestamp":1790288070070,"kind":"scroll","url":"http://127.0.0.1:3000/","viewport":{"width":1536,"height":960},"payload":{"scrollX":0,"scrollY":3920,"documentHeight":7959,"viewportHeight":960}}
[2026-09-24T22:14:31.733Z] {"timestamp":1790288070970,"kind":"scroll","url":"http://127.0.0.1:3000/","viewport":{"width":1536,"height":960},"payload":{"scrollX":0,"scrollY":3881.60009765625,"documentHeight":7959,"viewportHeight":960}}
[2026-09-24T22:14:31.733Z] {"timestamp":1790288071488,"kind":"scroll","url":"http://127.0.0.1:3000/","viewport":{"width":1536,"height":960},"payload":{"scrollX":0,"scrollY":3445.60009765625,"documentHeight":7959,"viewportHeight":960}}
[2026-09-24T22:14:31.733Z] {"timestamp":1790288072087,"kind":"scroll","url":"http://127.0.0.1:3000/","viewport":{"width":1536,"height":960},"payload":{"scrollX":0,"scrollY":3485.60009765625,"documentHeight":7959,"viewportHeight":960}}
[2026-09-24T22:14:33.747Z] {"timestamp":1790288072603,"kind":"scroll","url":"http://127.0.0.1:3000/","viewport":{"width":1536,"height":960},"payload":{"scrollX":0,"scrollY":4092,"documentHeight":7959,"viewportHeight":960}}
[2026-09-24T22:14:33.747Z] {"timestamp":1790288073104,"kind":"scroll","url":"http://127.0.0.1:3000/","viewport":{"width":1536,"height":960},"payload":{"scrollX":0,"scrollY":4317.60009765625,"documentHeight":7959,"viewportHeight":960}}
[2026-09-24T22:14:33.747Z] {"timestamp":1790288074071,"kind":"scroll","url":"http://127.0.0.1:3000/","viewport":{"width":1536,"height":960},"payload":{"scrollX":0,"scrollY":4326.39990234375,"documentHeight":7959,"viewportHeight":960}}
[2026-09-24T22:14:35.789Z] {"timestamp":1790288074888,"kind":"scroll","url":"http://127.0.0.1:3000/","viewport":{"width":1536,"height":960},"payload":{"scrollX":0,"scrollY":4841.60009765625,"documentHeight":7959,"viewportHeight":960}}
[2026-09-24T22:14:35.789Z] {"timestamp":1790288075721,"kind":"scroll","url":"http://127.0.0.1:3000/","viewport":{"width":1536,"height":960},"payload":{"scrollX":0,"scrollY":4806.39990234375,"documentHeight":7959,"viewportHeight":960}}
[2026-09-24T22:14:37.741Z] {"timestamp":1790288076321,"kind":"scroll","url":"http://127.0.0.1:3000/","viewport":{"width":1536,"height":960},"payload":{"scrollX":0,"scrollY":4846.39990234375,"documentHeight":7959,"viewportHeight":960}}
[2026-09-24T22:14:37.741Z] {"timestamp":1790288076954,"kind":"scroll","url":"http://127.0.0.1:3000/","viewport":{"width":1536,"height":960},"payload":{"scrollX":0,"scrollY":5046.39990234375,"documentHeight":7959,"viewportHeight":960}}
[2026-09-24T22:14:37.741Z] {"timestamp":1790288077706,"kind":"scroll","url":"http://127.0.0.1:3000/","viewport":{"width":1536,"height":960},"payload":{"scrollX":0,"scrollY":5125.60009765625,"documentHeight":7959,"viewportHeight":960}}
[2026-09-24T22:14:39.756Z] {"timestamp":1790288078586,"kind":"scroll","url":"http://127.0.0.1:3000/","viewport":{"width":1536,"height":960},"payload":{"scrollX":0,"scrollY":5206.39990234375,"documentHeight":7959,"viewportHeight":960}}
[2026-09-24T22:14:39.756Z] {"timestamp":1790288079587,"kind":"scroll","url":"http://127.0.0.1:3000/","viewport":{"width":1536,"height":960},"payload":{"scrollX":0,"scrollY":5605.60009765625,"documentHeight":7959,"viewportHeight":960}}
[2026-09-24T22:14:41.708Z] {"timestamp":1790288080303,"kind":"scroll","url":"http://127.0.0.1:3000/","viewport":{"width":1536,"height":960},"payload":{"scrollX":0,"scrollY":5685.60009765625,"documentHeight":7959,"viewportHeight":960}}
[2026-09-24T22:14:53.972Z] {"timestamp":1790288092286,"kind":"scroll","url":"http://127.0.0.1:3000/","viewport":{"width":1536,"height":960},"payload":{"scrollX":0,"scrollY":5726.39990234375,"documentHeight":7959,"viewportHeight":960}}
[2026-09-24T22:15:03.990Z] {"timestamp":1790288103954,"kind":"scroll","url":"http://127.0.0.1:3000/","viewport":{"width":1536,"height":960},"payload":{"scrollX":0,"scrollY":5765.60009765625,"documentHeight":7959,"viewportHeight":960}}
[2026-09-24T22:15:05.847Z] {"timestamp":1790288104470,"kind":"scroll","url":"http://127.0.0.1:3000/","viewport":{"width":1536,"height":960},"payload":{"scrollX":0,"scrollY":5842.39990234375,"documentHeight":7959,"viewportHeight":960}}
[2026-09-24T22:15:05.847Z] {"timestamp":1790288105237,"kind":"scroll","url":"http://127.0.0.1:3000/","viewport":{"width":1536,"height":960},"payload":{"scrollX":0,"scrollY":5887.2001953125,"documentHeight":7959,"viewportHeight":960}}
[2026-09-24T22:15:05.847Z] {"timestamp":1790288105838,"kind":"scroll","url":"http://127.0.0.1:3000/","viewport":{"width":1536,"height":960},"payload":{"scrollX":0,"scrollY":5927.2001953125,"documentHeight":7959,"viewportHeight":960}}
[2026-09-24T22:15:07.763Z] {"timestamp":1790288106337,"kind":"scroll","url":"http://127.0.0.1:3000/","viewport":{"width":1536,"height":960},"payload":{"scrollX":0,"scrollY":6506.39990234375,"documentHeight":7959,"viewportHeight":960}}
[2026-09-24T22:15:07.763Z] {"timestamp":1790288107438,"kind":"scroll","url":"http://127.0.0.1:3000/","viewport":{"width":1536,"height":960},"payload":{"scrollX":0,"scrollY":6525.60009765625,"documentHeight":7959,"viewportHeight":960}}
[2026-09-24T22:15:09.803Z] {"timestamp":1790288108273,"kind":"scroll","url":"http://127.0.0.1:3000/","viewport":{"width":1536,"height":960},"payload":{"scrollX":0,"scrollY":6606.39990234375,"documentHeight":7959,"viewportHeight":960}}
[2026-09-24T22:15:09.803Z] {"timestamp":1790288109187,"kind":"scroll","url":"http://127.0.0.1:3000/","viewport":{"width":1536,"height":960},"payload":{"scrollX":0,"scrollY":6998.39990234375,"documentHeight":7959,"viewportHeight":960}}
[2026-09-24T22:15:09.803Z] {"timestamp":1790288109705,"kind":"scroll","url":"http://127.0.0.1:3000/","viewport":{"width":1536,"height":960},"payload":{"scrollX":0,"scrollY":6992.7998046875,"documentHeight":7959,"viewportHeight":960}}
[2026-09-24T22:15:11.725Z] {"timestamp":1790288110271,"kind":"scroll","url":"http://127.0.0.1:3000/","viewport":{"width":1536,"height":960},"payload":{"scrollX":0,"scrollY":6956.7998046875,"documentHeight":7959,"viewportHeight":960}}
[2026-09-24T22:15:11.725Z] {"timestamp":1790288111071,"kind":"scroll","url":"http://127.0.0.1:3000/","viewport":{"width":1536,"height":960},"payload":{"scrollX":0,"scrollY":6876.7998046875,"documentHeight":7959,"viewportHeight":960}}
[2026-09-24T22:15:11.725Z] {"timestamp":1790288111587,"kind":"scroll","url":"http://127.0.0.1:3000/","viewport":{"width":1536,"height":960},"payload":{"scrollX":0,"scrollY":6264.7998046875,"documentHeight":7959,"viewportHeight":960}}
[2026-09-24T22:15:11.725Z] {"timestamp":1790288112103,"kind":"scroll","url":"http://127.0.0.1:3000/","viewport":{"width":1536,"height":960},"payload":{"scrollX":0,"scrollY":5580,"documentHeight":7959,"viewportHeight":960}}
[2026-09-24T22:15:15.759Z] {"timestamp":1790288114537,"kind":"scroll","url":"http://127.0.0.1:3000/","viewport":{"width":1536,"height":960},"payload":{"scrollX":0,"scrollY":5556.7998046875,"documentHeight":7959,"viewportHeight":960}}
[2026-09-24T22:15:15.759Z] {"timestamp":1790288115137,"kind":"scroll","url":"http://127.0.0.1:3000/","viewport":{"width":1536,"height":960},"payload":{"scrollX":0,"scrollY":5516.7998046875,"documentHeight":7959,"viewportHeight":960}}
[2026-09-24T22:15:15.759Z] {"timestamp":1790288115653,"kind":"scroll","url":"http://127.0.0.1:3000/","viewport":{"width":1536,"height":960},"payload":{"scrollX":0,"scrollY":4904.7998046875,"documentHeight":7959,"viewportHeight":960}}
[2026-09-24T22:15:15.759Z] {"timestamp":1790288116153,"kind":"scroll","url":"http://127.0.0.1:3000/","viewport":{"width":1536,"height":960},"payload":{"scrollX":0,"scrollY":4256,"documentHeight":7959,"viewportHeight":960}}
[2026-09-24T22:15:17.749Z] {"timestamp":1790288116653,"kind":"scroll","url":"http://127.0.0.1:3000/","viewport":{"width":1536,"height":960},"payload":{"scrollX":0,"scrollY":4173.60009765625,"documentHeight":7959,"viewportHeight":960}}
[2026-09-24T22:15:17.749Z] {"timestamp":1790288117371,"kind":"scroll","url":"http://127.0.0.1:3000/","viewport":{"width":1536,"height":960},"payload":{"scrollX":0,"scrollY":4117.60009765625,"documentHeight":7959,"viewportHeight":960}}
[2026-09-24T22:15:17.749Z] {"timestamp":1790288117882,"kind":"scroll","url":"http://127.0.0.1:3000/","viewport":{"width":1536,"height":960},"payload":{"scrollX":0,"scrollY":3599.199951171875,"documentHeight":7959,"viewportHeight":960}}
[2026-09-24T22:15:19.729Z] {"timestamp":1790288118571,"kind":"scroll","url":"http://127.0.0.1:3000/","viewport":{"width":1536,"height":960},"payload":{"scrollX":0,"scrollY":2960,"documentHeight":7959,"viewportHeight":960}}
[2026-09-24T22:15:19.729Z] {"timestamp":1790288119086,"kind":"scroll","url":"http://127.0.0.1:3000/","viewport":{"width":1536,"height":960},"payload":{"scrollX":0,"scrollY":2968,"documentHeight":7959,"viewportHeight":960}}
[2026-09-24T22:15:19.729Z] {"timestamp":1790288119604,"kind":"scroll","url":"http://127.0.0.1:3000/","viewport":{"width":1536,"height":960},"payload":{"scrollX":0,"scrollY":2958.39990234375,"documentHeight":7959,"viewportHeight":960}}
[2026-09-24T22:15:21.709Z] {"timestamp":1790288120336,"kind":"scroll","url":"http://127.0.0.1:3000/","viewport":{"width":1536,"height":960},"payload":{"scrollX":0,"scrollY":2801.60009765625,"documentHeight":7959,"viewportHeight":960}}
[2026-09-24T22:15:43.924Z] {"timestamp":1790288142737,"kind":"scroll","url":"http://127.0.0.1:3000/","viewport":{"width":1536,"height":960},"payload":{"scrollX":0,"scrollY":2876,"documentHeight":7959,"viewportHeight":960}}
[2026-09-24T22:15:43.924Z] {"timestamp":1790288143320,"kind":"scroll","url":"http://127.0.0.1:3000/","viewport":{"width":1536,"height":960},"payload":{"scrollX":0,"scrollY":2797.60009765625,"documentHeight":7959,"viewportHeight":960}}
[2026-09-24T22:15:45.743Z] {"timestamp":1790288144539,"kind":"scroll","url":"http://127.0.0.1:3000/","viewport":{"width":1536,"height":960},"payload":{"scrollX":0,"scrollY":2717.60009765625,"documentHeight":7959,"viewportHeight":960}}
[2026-09-24T22:16:05.912Z] {"timestamp":1790288164953,"kind":"scroll","url":"http://127.0.0.1:3000/","viewport":{"width":1536,"height":960},"payload":{"scrollX":0,"scrollY":2636.800048828125,"documentHeight":7959,"viewportHeight":960}}
[2026-09-24T22:16:05.912Z] {"timestamp":1790288165503,"kind":"scroll","url":"http://127.0.0.1:3000/","viewport":{"width":1536,"height":960},"payload":{"scrollX":0,"scrollY":2556.800048828125,"documentHeight":7959,"viewportHeight":960}}
[2026-09-24T22:16:05.912Z] {"timestamp":1790288166053,"kind":"scroll","url":"http://127.0.0.1:3000/","viewport":{"width":1536,"height":960},"payload":{"scrollX":0,"scrollY":2477.60009765625,"documentHeight":7959,"viewportHeight":960}}
[2026-09-24T22:16:07.735Z] {"timestamp":1790288166653,"kind":"scroll","url":"http://127.0.0.1:3000/","viewport":{"width":1536,"height":960},"payload":{"scrollX":0,"scrollY":2437.60009765625,"documentHeight":7959,"viewportHeight":960}}
[2026-09-24T22:16:07.735Z] {"timestamp":1790288167471,"kind":"scroll","url":"http://127.0.0.1:3000/","viewport":{"width":1536,"height":960},"payload":{"scrollX":0,"scrollY":2316.800048828125,"documentHeight":7959,"viewportHeight":960}}
[2026-09-24T22:16:07.735Z] {"timestamp":1790288168053,"kind":"scroll","url":"http://127.0.0.1:3000/","viewport":{"width":1536,"height":960},"payload":{"scrollX":0,"scrollY":2238.39990234375,"documentHeight":7959,"viewportHeight":960}}
[2026-09-24T22:16:09.742Z] {"timestamp":1790288168653,"kind":"scroll","url":"http://127.0.0.1:3000/","viewport":{"width":1536,"height":960},"payload":{"scrollX":0,"scrollY":2198.39990234375,"documentHeight":7959,"viewportHeight":960}}
[2026-09-24T22:16:09.742Z] {"timestamp":1790288169169,"kind":"scroll","url":"http://127.0.0.1:3000/","viewport":{"width":1536,"height":960},"payload":{"scrollX":0,"scrollY":1591.199951171875,"documentHeight":7959,"viewportHeight":960}}
[2026-09-24T22:16:09.742Z] {"timestamp":1790288169937,"kind":"scroll","url":"http://127.0.0.1:3000/","viewport":{"width":1536,"height":960},"payload":{"scrollX":0,"scrollY":997.5999755859375,"documentHeight":7959,"viewportHeight":960}}
[2026-09-24T22:16:11.727Z] {"timestamp":1790288170537,"kind":"scroll","url":"http://127.0.0.1:3000/","viewport":{"width":1536,"height":960},"payload":{"scrollX":0,"scrollY":957.5999755859375,"documentHeight":7959,"viewportHeight":960}}
[2026-09-24T22:16:11.727Z] {"timestamp":1790288171052,"kind":"scroll","url":"http://127.0.0.1:3000/","viewport":{"width":1536,"height":960},"payload":{"scrollX":0,"scrollY":355.20001220703125,"documentHeight":7959,"viewportHeight":960}}
[2026-09-24T22:16:11.727Z] {"timestamp":1790288171570,"kind":"scroll","url":"http://127.0.0.1:3000/","viewport":{"width":1536,"height":960},"payload":{"scrollX":0,"scrollY":285.6000061035156,"documentHeight":7959,"viewportHeight":960}}
[2026-09-24T22:16:11.727Z] {"timestamp":1790288172120,"kind":"scroll","url":"http://127.0.0.1:3000/","viewport":{"width":1536,"height":960},"payload":{"scrollX":0,"scrollY":280.79998779296875,"documentHeight":7959,"viewportHeight":960}}
[2026-09-24T22:16:13.751Z] {"timestamp":1790288172720,"kind":"scroll","url":"http://127.0.0.1:3000/","viewport":{"width":1536,"height":960},"payload":{"scrollX":0,"scrollY":321.6000061035156,"documentHeight":7959,"viewportHeight":960}}
[2026-09-24T22:16:13.751Z] {"timestamp":1790288173235,"kind":"scroll","url":"http://127.0.0.1:3000/","viewport":{"width":1536,"height":960},"payload":{"scrollX":0,"scrollY":565.5999755859375,"documentHeight":7959,"viewportHeight":960}}
[2026-09-24T22:16:20.724Z] {"timestamp":1790288180145,"kind":"scroll","url":"http://127.0.0.1:3000/","viewport":{"width":1536,"height":960},"payload":{"scrollX":0,"scrollY":559.2000122070312,"documentHeight":7603,"viewportHeight":960}}
[2026-09-24T22:16:27.254Z] {"timestamp":1790288186053,"kind":"scroll","url":"http://127.0.0.1:3000/","viewport":{"width":1536,"height":960},"payload":{"scrollX":0,"scrollY":560.7999877929688,"documentHeight":7959,"viewportHeight":960}}
[2026-09-24T22:16:27.254Z] {"timestamp":1790288186869,"kind":"scroll","url":"http://127.0.0.1:3000/","viewport":{"width":1536,"height":960},"payload":{"scrollX":0,"scrollY":641.5999755859375,"documentHeight":7959,"viewportHeight":960}}
[2026-09-24T22:16:28.752Z] {"timestamp":1790288187386,"kind":"scroll","url":"http://127.0.0.1:3000/","viewport":{"width":1536,"height":960},"payload":{"scrollX":0,"scrollY":1042.4000244140625,"documentHeight":7959,"viewportHeight":960}}
[2026-09-24T22:16:28.752Z] {"timestamp":1790288187886,"kind":"scroll","url":"http://127.0.0.1:3000/","viewport":{"width":1536,"height":960},"payload":{"scrollX":0,"scrollY":1156,"documentHeight":7959,"viewportHeight":960}}
[2026-09-24T22:16:28.752Z] {"timestamp":1790288188407,"kind":"scroll","url":"http://127.0.0.1:3000/","viewport":{"width":1536,"height":960},"payload":{"scrollX":0,"scrollY":1164.800048828125,"documentHeight":7959,"viewportHeight":960}}
[2026-09-24T22:16:30.777Z] {"timestamp":1790288189270,"kind":"scroll","url":"http://127.0.0.1:3000/","viewport":{"width":1536,"height":960},"payload":{"scrollX":0,"scrollY":1716.800048828125,"documentHeight":7959,"viewportHeight":960}}
[2026-09-24T22:16:30.777Z] {"timestamp":1790288189768,"kind":"scroll","url":"http://127.0.0.1:3000/","viewport":{"width":1536,"height":960},"payload":{"scrollX":0,"scrollY":1628,"documentHeight":7959,"viewportHeight":960}}
[2026-09-24T22:16:30.777Z] {"timestamp":1790288190771,"kind":"scroll","url":"http://127.0.0.1:3000/","viewport":{"width":1536,"height":960},"payload":{"scrollX":0,"scrollY":1602.4000244140625,"documentHeight":7959,"viewportHeight":960}}
[2026-09-24T22:16:32.756Z] {"timestamp":1790288191503,"kind":"scroll","url":"http://127.0.0.1:3000/","viewport":{"width":1536,"height":960},"payload":{"scrollX":0,"scrollY":1641.5999755859375,"documentHeight":7959,"viewportHeight":960}}
[2026-09-24T22:16:32.756Z] {"timestamp":1790288192587,"kind":"scroll","url":"http://127.0.0.1:3000/","viewport":{"width":1536,"height":960},"payload":{"scrollX":0,"scrollY":1676.800048828125,"documentHeight":7959,"viewportHeight":960}}
[2026-09-24T22:16:34.768Z] {"timestamp":1790288193187,"kind":"scroll","url":"http://127.0.0.1:3000/","viewport":{"width":1536,"height":960},"payload":{"scrollX":0,"scrollY":1636.800048828125,"documentHeight":7959,"viewportHeight":960}}
[2026-09-24T22:16:34.768Z] {"timestamp":1790288194005,"kind":"scroll","url":"http://127.0.0.1:3000/","viewport":{"width":1536,"height":960},"payload":{"scrollX":0,"scrollY":1600.800048828125,"documentHeight":7959,"viewportHeight":960}}
[2026-09-24T22:16:34.768Z] {"timestamp":1790288194603,"kind":"scroll","url":"http://127.0.0.1:3000/","viewport":{"width":1536,"height":960},"payload":{"scrollX":0,"scrollY":1640.800048828125,"documentHeight":7959,"viewportHeight":960}}
[2026-09-24T22:16:36.726Z] {"timestamp":1790288195220,"kind":"scroll","url":"http://127.0.0.1:3000/","viewport":{"width":1536,"height":960},"payload":{"scrollX":0,"scrollY":1717.5999755859375,"documentHeight":7959,"viewportHeight":960}}
[2026-09-24T22:16:36.726Z] {"timestamp":1790288195803,"kind":"scroll","url":"http://127.0.0.1:3000/","viewport":{"width":1536,"height":960},"payload":{"scrollX":0,"scrollY":1680.800048828125,"documentHeight":7959,"viewportHeight":960}}
[2026-09-24T22:16:36.726Z] {"timestamp":1790288196434,"kind":"scroll","url":"http://127.0.0.1:3000/","viewport":{"width":1536,"height":960},"payload":{"scrollX":0,"scrollY":1716.800048828125,"documentHeight":7959,"viewportHeight":960}}
[2026-09-24T22:16:36.726Z] {"timestamp":1790288197036,"kind":"scroll","url":"http://127.0.0.1:3000/","viewport":{"width":1536,"height":960},"payload":{"scrollX":0,"scrollY":1677.5999755859375,"documentHeight":7959,"viewportHeight":960}}
[2026-09-24T22:16:38.765Z] {"timestamp":1790288197686,"kind":"scroll","url":"http://127.0.0.1:3000/","viewport":{"width":1536,"height":960},"payload":{"scrollX":0,"scrollY":1481.5999755859375,"documentHeight":7959,"viewportHeight":960}}
[2026-09-24T22:16:38.765Z] {"timestamp":1790288198220,"kind":"scroll","url":"http://127.0.0.1:3000/","viewport":{"width":1536,"height":960},"payload":{"scrollX":0,"scrollY":1562.4000244140625,"documentHeight":7959,"viewportHeight":960}}
[2026-09-24T22:16:40.750Z] {"timestamp":1790288199188,"kind":"scroll","url":"http://127.0.0.1:3000/","viewport":{"width":1536,"height":960},"payload":{"scrollX":0,"scrollY":1640.800048828125,"documentHeight":7959,"viewportHeight":960}}
[2026-09-24T22:16:40.750Z] {"timestamp":1790288199702,"kind":"scroll","url":"http://127.0.0.1:3000/","viewport":{"width":1536,"height":960},"payload":{"scrollX":0,"scrollY":2248.800048828125,"documentHeight":7959,"viewportHeight":960}}
[2026-09-24T22:16:40.750Z] {"timestamp":1790288200670,"kind":"scroll","url":"http://127.0.0.1:3000/","viewport":{"width":1536,"height":960},"payload":{"scrollX":0,"scrollY":2282.39990234375,"documentHeight":7959,"viewportHeight":960}}
[2026-09-24T22:16:42.770Z] {"timestamp":1790288201269,"kind":"scroll","url":"http://127.0.0.1:3000/","viewport":{"width":1536,"height":960},"payload":{"scrollX":0,"scrollY":2321.60009765625,"documentHeight":7959,"viewportHeight":960}}
[2026-09-24T22:16:42.770Z] {"timestamp":1790288201803,"kind":"scroll","url":"http://127.0.0.1:3000/","viewport":{"width":1536,"height":960},"payload":{"scrollX":0,"scrollY":2480.800048828125,"documentHeight":7959,"viewportHeight":960}}
[2026-09-24T22:16:42.770Z] {"timestamp":1790288202403,"kind":"scroll","url":"http://127.0.0.1:3000/","viewport":{"width":1536,"height":960},"payload":{"scrollX":0,"scrollY":2560,"documentHeight":7959,"viewportHeight":960}}
[2026-09-24T22:16:42.770Z] {"timestamp":1790288202936,"kind":"scroll","url":"http://127.0.0.1:3000/","viewport":{"width":1536,"height":960},"payload":{"scrollX":0,"scrollY":2640,"documentHeight":7959,"viewportHeight":960}}
[2026-09-24T22:16:44.757Z] {"timestamp":1790288203470,"kind":"scroll","url":"http://127.0.0.1:3000/","viewport":{"width":1536,"height":960},"payload":{"scrollX":0,"scrollY":2721.60009765625,"documentHeight":7959,"viewportHeight":960}}
[2026-09-24T22:16:44.757Z] {"timestamp":1790288203970,"kind":"scroll","url":"http://127.0.0.1:3000/","viewport":{"width":1536,"height":960},"payload":{"scrollX":0,"scrollY":2801.60009765625,"documentHeight":7959,"viewportHeight":960}}
[2026-09-24T22:16:44.757Z] {"timestamp":1790288204536,"kind":"scroll","url":"http://127.0.0.1:3000/","viewport":{"width":1536,"height":960},"payload":{"scrollX":0,"scrollY":2880.800048828125,"documentHeight":7959,"viewportHeight":960}}
[2026-09-24T22:16:44.757Z] {"timestamp":1790288205153,"kind":"scroll","url":"http://127.0.0.1:3000/","viewport":{"width":1536,"height":960},"payload":{"scrollX":0,"scrollY":2961.60009765625,"documentHeight":7959,"viewportHeight":960}}
[2026-09-24T22:16:46.709Z] {"timestamp":1790288206587,"kind":"scroll","url":"http://127.0.0.1:3000/","viewport":{"width":1536,"height":960},"payload":{"scrollX":0,"scrollY":3036.800048828125,"documentHeight":7959,"viewportHeight":960}}
[2026-09-24T22:17:35.117Z] {"timestamp":1790288254186,"kind":"scroll","url":"http://127.0.0.1:3000/","viewport":{"width":1536,"height":826},"payload":{"scrollX":0,"scrollY":2979.199951171875,"documentHeight":7825,"viewportHeight":826}}
[2026-09-24T22:17:35.117Z] {"timestamp":1790288254686,"kind":"scroll","url":"http://127.0.0.1:3000/","viewport":{"width":1536,"height":826},"payload":{"scrollX":0,"scrollY":2138.39990234375,"documentHeight":7825,"viewportHeight":826}}
[2026-09-24T22:17:36.781Z] {"timestamp":1790288255204,"kind":"scroll","url":"http://127.0.0.1:3000/","viewport":{"width":1536,"height":826},"payload":{"scrollX":0,"scrollY":1636,"documentHeight":7825,"viewportHeight":826}}
[2026-09-24T22:17:36.781Z] {"timestamp":1790288255718,"kind":"scroll","url":"http://127.0.0.1:3000/","viewport":{"width":1536,"height":826},"payload":{"scrollX":0,"scrollY":704,"documentHeight":7825,"viewportHeight":826}}
[2026-09-24T22:17:36.781Z] {"timestamp":1790288256239,"kind":"scroll","url":"http://127.0.0.1:3000/","viewport":{"width":1536,"height":826},"payload":{"scrollX":0,"scrollY":212,"documentHeight":7825,"viewportHeight":826}}
[2026-09-24T22:17:38.774Z] {"timestamp":1790288258186,"kind":"scroll","url":"http://127.0.0.1:3000/","viewport":{"width":1536,"height":826},"payload":{"scrollX":0,"scrollY":8,"documentHeight":7825,"viewportHeight":826}}
[2026-09-24T22:17:38.774Z] {"timestamp":1790288258702,"kind":"scroll","url":"http://127.0.0.1:3000/","viewport":{"width":1536,"height":826},"payload":{"scrollX":0,"scrollY":212.8000030517578,"documentHeight":7825,"viewportHeight":826}}
[2026-09-24T22:17:40.719Z] {"timestamp":1790288259202,"kind":"scroll","url":"http://127.0.0.1:3000/","viewport":{"width":1536,"height":826},"payload":{"scrollX":0,"scrollY":1115.199951171875,"documentHeight":7825,"viewportHeight":826}}
[2026-09-24T22:17:40.719Z] {"timestamp":1790288259752,"kind":"scroll","url":"http://127.0.0.1:3000/","viewport":{"width":1536,"height":826},"payload":{"scrollX":0,"scrollY":1296,"documentHeight":7825,"viewportHeight":826}}
[2026-09-24T22:17:40.719Z] {"timestamp":1790288260252,"kind":"scroll","url":"http://127.0.0.1:3000/","viewport":{"width":1536,"height":826},"payload":{"scrollX":0,"scrollY":1611.199951171875,"documentHeight":7825,"viewportHeight":826}}
[2026-09-24T22:17:40.719Z] {"timestamp":1790288260752,"kind":"scroll","url":"http://127.0.0.1:3000/","viewport":{"width":1536,"height":826},"payload":{"scrollX":0,"scrollY":2636,"documentHeight":7825,"viewportHeight":826}}
[2026-09-24T22:17:42.766Z] {"timestamp":1790288261271,"kind":"scroll","url":"http://127.0.0.1:3000/","viewport":{"width":1536,"height":826},"payload":{"scrollX":0,"scrollY":2790.39990234375,"documentHeight":7825,"viewportHeight":826}}
[2026-09-24T22:17:42.766Z] {"timestamp":1790288262075,"kind":"click","url":"http://127.0.0.1:3000/","viewport":{"width":1536,"height":826},"payload":{"target":{"tag":"img","id":null,"name":null,"type":null,"role":null,"ariaLabel":null,"testId":null,"dataLoc":"client/src/pages/Home.tsx:323","href":null,"text":"","selectorHint":"[data-loc=\"client/src/pages/Home.tsx:323\"]"},"x":487,"y":350}}
[2026-09-24T22:17:44.717Z] {"timestamp":1790288263189,"kind":"scroll","url":"http://127.0.0.1:3000/","viewport":{"width":1536,"height":826},"payload":{"scrollX":0,"scrollY":2796.800048828125,"documentHeight":7825,"viewportHeight":826}}
[2026-09-24T22:17:44.717Z] {"timestamp":1790288263838,"kind":"scroll","url":"http://127.0.0.1:3000/","viewport":{"width":1536,"height":826},"payload":{"scrollX":0,"scrollY":2639.199951171875,"documentHeight":7825,"viewportHeight":826}}
[2026-09-24T22:17:44.717Z] {"timestamp":1790288264352,"kind":"scroll","url":"http://127.0.0.1:3000/","viewport":{"width":1536,"height":826},"payload":{"scrollX":0,"scrollY":2587.199951171875,"documentHeight":7825,"viewportHeight":826}}
[2026-09-24T22:17:46.775Z] {"timestamp":1790288266919,"kind":"scroll","url":"http://127.0.0.1:3000/","viewport":{"width":1536,"height":826},"payload":{"scrollX":0,"scrollY":2578.39990234375,"documentHeight":7825,"viewportHeight":826}}
[2026-09-24T22:17:48.753Z] {"timestamp":1790288267452,"kind":"scroll","url":"http://127.0.0.1:3000/","viewport":{"width":1536,"height":826},"payload":{"scrollX":0,"scrollY":2794.39990234375,"documentHeight":7825,"viewportHeight":826}}
[2026-09-24T22:17:48.753Z] {"timestamp":1790288267955,"kind":"scroll","url":"http://127.0.0.1:3000/","viewport":{"width":1536,"height":826},"payload":{"scrollX":0,"scrollY":3095.199951171875,"documentHeight":7825,"viewportHeight":826}}
[2026-09-24T22:17:50.710Z] {"timestamp":1790288270352,"kind":"scroll","url":"http://127.0.0.1:3000/","viewport":{"width":1536,"height":826},"payload":{"scrollX":0,"scrollY":3210.39990234375,"documentHeight":7825,"viewportHeight":826}}
[2026-09-24T22:17:50.710Z] {"timestamp":1790288270886,"kind":"scroll","url":"http://127.0.0.1:3000/","viewport":{"width":1536,"height":826},"payload":{"scrollX":0,"scrollY":3398.39990234375,"documentHeight":7825,"viewportHeight":826}}
[2026-09-24T22:17:52.757Z] {"timestamp":1790288271452,"kind":"scroll","url":"http://127.0.0.1:3000/","viewport":{"width":1536,"height":826},"payload":{"scrollX":0,"scrollY":3780.800048828125,"documentHeight":7825,"viewportHeight":826}}
[2026-09-24T22:17:52.757Z] {"timestamp":1790288272018,"kind":"scroll","url":"http://127.0.0.1:3000/","viewport":{"width":1536,"height":826},"payload":{"scrollX":0,"scrollY":4224.7998046875,"documentHeight":7825,"viewportHeight":826}}
[2026-09-24T22:17:52.757Z] {"timestamp":1790288272535,"kind":"scroll","url":"http://127.0.0.1:3000/","viewport":{"width":1536,"height":826},"payload":{"scrollX":0,"scrollY":4252.7998046875,"documentHeight":7825,"viewportHeight":826}}
[2026-09-24T22:17:54.774Z] {"timestamp":1790288273520,"kind":"scroll","url":"http://127.0.0.1:3000/","viewport":{"width":1536,"height":826},"payload":{"scrollX":0,"scrollY":4314.39990234375,"documentHeight":7825,"viewportHeight":826}}
[2026-09-24T22:17:54.774Z] {"timestamp":1790288274037,"kind":"scroll","url":"http://127.0.0.1:3000/","viewport":{"width":1536,"height":826},"payload":{"scrollX":0,"scrollY":4292,"documentHeight":7825,"viewportHeight":826}}
[2026-09-24T22:17:54.774Z] {"timestamp":1790288274568,"kind":"scroll","url":"http://127.0.0.1:3000/","viewport":{"width":1536,"height":826},"payload":{"scrollX":0,"scrollY":4287.2001953125,"documentHeight":7825,"viewportHeight":826}}
[2026-09-24T22:17:54.774Z] {"timestamp":1790288275070,"kind":"scroll","url":"http://127.0.0.1:3000/","viewport":{"width":1536,"height":826},"payload":{"scrollX":0,"scrollY":4450.39990234375,"documentHeight":7825,"viewportHeight":826}}
[2026-09-24T22:17:56.757Z] {"timestamp":1790288275585,"kind":"scroll","url":"http://127.0.0.1:3000/","viewport":{"width":1536,"height":826},"payload":{"scrollX":0,"scrollY":4760.7998046875,"documentHeight":7825,"viewportHeight":826}}
[2026-09-24T22:17:56.757Z] {"timestamp":1790288276085,"kind":"scroll","url":"http://127.0.0.1:3000/","viewport":{"width":1536,"height":826},"payload":{"scrollX":0,"scrollY":5124,"documentHeight":7825,"viewportHeight":826}}
[2026-09-24T22:17:56.757Z] {"timestamp":1790288276892,"kind":"scroll","url":"http://127.0.0.1:3000/","viewport":{"width":1536,"height":826},"payload":{"scrollX":0,"scrollY":5180.7998046875,"documentHeight":7825,"viewportHeight":826}}
[2026-09-24T22:17:58.797Z] {"timestamp":1790288277401,"kind":"scroll","url":"http://127.0.0.1:3000/","viewport":{"width":1536,"height":826},"payload":{"scrollX":0,"scrollY":5255.2001953125,"documentHeight":7825,"viewportHeight":826}}
[2026-09-24T22:17:58.797Z] {"timestamp":1790288277902,"kind":"scroll","url":"http://127.0.0.1:3000/","viewport":{"width":1536,"height":826},"payload":{"scrollX":0,"scrollY":5383.2001953125,"documentHeight":7825,"viewportHeight":826}}
[2026-09-24T22:17:58.797Z] {"timestamp":1790288278401,"kind":"scroll","url":"http://127.0.0.1:3000/","viewport":{"width":1536,"height":826},"payload":{"scrollX":0,"scrollY":5754.39990234375,"documentHeight":7825,"viewportHeight":826}}
[2026-09-24T22:17:58.797Z] {"timestamp":1790288278904,"kind":"scroll","url":"http://127.0.0.1:3000/","viewport":{"width":1536,"height":826},"payload":{"scrollX":0,"scrollY":5982.39990234375,"documentHeight":7825,"viewportHeight":826}}
[2026-09-24T22:18:00.748Z] {"timestamp":1790288279419,"kind":"scroll","url":"http://127.0.0.1:3000/","viewport":{"width":1536,"height":826},"payload":{"scrollX":0,"scrollY":6892,"documentHeight":7825,"viewportHeight":826}}
[2026-09-24T22:18:00.748Z] {"timestamp":1790288280402,"kind":"scroll","url":"http://127.0.0.1:3000/","viewport":{"width":1536,"height":826},"payload":{"scrollX":0,"scrollY":6911.2001953125,"documentHeight":7825,"viewportHeight":826}}
[2026-09-24T22:18:00.748Z] {"timestamp":1790288280918,"kind":"scroll","url":"http://127.0.0.1:3000/","viewport":{"width":1536,"height":826},"payload":{"scrollX":0,"scrollY":5350.39990234375,"documentHeight":7825,"viewportHeight":826}}
[2026-09-24T22:18:02.766Z] {"timestamp":1790288281419,"kind":"scroll","url":"http://127.0.0.1:3000/","viewport":{"width":1536,"height":826},"payload":{"scrollX":0,"scrollY":1398.4000244140625,"documentHeight":7825,"viewportHeight":826}}
[2026-09-25T11:22:42.273Z] {"timestamp":1790335360888,"kind":"scroll","url":"http://localhost:3000/","viewport":{"width":1280,"height":585},"payload":{"scrollX":0,"scrollY":1.3333333730697632,"documentHeight":7521,"viewportHeight":585}}
[2026-09-25T11:22:42.273Z] {"timestamp":1790335361389,"kind":"scroll","url":"http://localhost:3000/","viewport":{"width":1280,"height":585},"payload":{"scrollX":0,"scrollY":126,"documentHeight":7521,"viewportHeight":585}}
[2026-09-25T11:22:44.057Z] {"timestamp":1790335362147,"kind":"scroll","url":"http://localhost:3000/","viewport":{"width":1280,"height":585},"payload":{"scrollX":0,"scrollY":501.3333435058594,"documentHeight":7521,"viewportHeight":585}}
[2026-09-25T11:22:54.615Z] {"timestamp":1790335373126,"kind":"scroll","url":"http://localhost:3000/","viewport":{"width":1280,"height":585},"payload":{"scrollX":0,"scrollY":701.3333129882812,"documentHeight":7521,"viewportHeight":585}}
[2026-09-25T11:22:54.615Z] {"timestamp":1790335373730,"kind":"scroll","url":"http://localhost:3000/","viewport":{"width":1280,"height":585},"payload":{"scrollX":0,"scrollY":1101.3333740234375,"documentHeight":7521,"viewportHeight":585}}
[2026-09-25T11:22:56.057Z] {"timestamp":1790335374238,"kind":"scroll","url":"http://localhost:3000/","viewport":{"width":1280,"height":585},"payload":{"scrollX":0,"scrollY":1206.6666259765625,"documentHeight":7521,"viewportHeight":585}}
[2026-09-25T11:22:56.057Z] {"timestamp":1790335374747,"kind":"scroll","url":"http://localhost:3000/","viewport":{"width":1280,"height":585},"payload":{"scrollX":0,"scrollY":1400,"documentHeight":7521,"viewportHeight":585}}
[2026-09-25T11:23:00.053Z] {"timestamp":1790335378938,"kind":"scroll","url":"http://localhost:3000/","viewport":{"width":1280,"height":585},"payload":{"scrollX":0,"scrollY":1401.3333740234375,"documentHeight":7521,"viewportHeight":585}}
[2026-09-25T11:23:00.053Z] {"timestamp":1790335379807,"kind":"scroll","url":"http://localhost:3000/","viewport":{"width":1280,"height":585},"payload":{"scrollX":0,"scrollY":1801.3333740234375,"documentHeight":7521,"viewportHeight":585}}
[2026-09-25T11:23:02.050Z] {"timestamp":1790335381275,"kind":"scroll","url":"http://localhost:3000/","viewport":{"width":1280,"height":585},"payload":{"scrollX":0,"scrollY":2001.3333740234375,"documentHeight":7521,"viewportHeight":585}}
[2026-09-25T11:23:02.050Z] {"timestamp":1790335381777,"kind":"scroll","url":"http://localhost:3000/","viewport":{"width":1280,"height":585},"payload":{"scrollX":0,"scrollY":2106,"documentHeight":7521,"viewportHeight":585}}
[2026-09-25T11:23:04.051Z] {"timestamp":1790335382405,"kind":"scroll","url":"http://localhost:3000/","viewport":{"width":1280,"height":585},"payload":{"scrollX":0,"scrollY":2301.333251953125,"documentHeight":7521,"viewportHeight":585}}
[2026-09-25T11:23:04.051Z] {"timestamp":1790335383720,"kind":"scroll","url":"http://localhost:3000/","viewport":{"width":1280,"height":585},"payload":{"scrollX":0,"scrollY":2401.333251953125,"documentHeight":7521,"viewportHeight":585}}
[2026-09-25T11:23:06.068Z] {"timestamp":1790335384403,"kind":"scroll","url":"http://localhost:3000/","viewport":{"width":1280,"height":585},"payload":{"scrollX":0,"scrollY":2598.666748046875,"documentHeight":7521,"viewportHeight":585}}
[2026-09-25T11:23:06.068Z] {"timestamp":1790335385909,"kind":"scroll","url":"http://localhost:3000/","viewport":{"width":1280,"height":585},"payload":{"scrollX":0,"scrollY":2301.333251953125,"documentHeight":7521,"viewportHeight":585}}
[2026-09-25T11:23:10.060Z] {"timestamp":1790335388038,"kind":"click","url":"http://localhost:3000/","viewport":{"width":1280,"height":585},"payload":{"target":{"tag":"img","id":null,"name":null,"type":null,"role":null,"ariaLabel":null,"testId":null,"dataLoc":"client/src/pages/Home.tsx:323","href":null,"text":"","selectorHint":"[data-loc=\"client/src/pages/Home.tsx:323\"]"},"x":562,"y":307}}
[2026-09-25T11:23:10.060Z] {"timestamp":1790335389820,"kind":"scroll","url":"http://localhost:3000/","viewport":{"width":1280,"height":585},"payload":{"scrollX":0,"scrollY":2398.666748046875,"documentHeight":7521,"viewportHeight":585}}
[2026-09-25T11:23:12.059Z] {"timestamp":1790335390327,"kind":"scroll","url":"http://localhost:3000/","viewport":{"width":1280,"height":585},"payload":{"scrollX":0,"scrollY":2294,"documentHeight":7521,"viewportHeight":585}}
[2026-09-25T11:23:14.417Z] {"timestamp":1790335392649,"kind":"scroll","url":"http://localhost:3000/","viewport":{"width":1422,"height":650},"payload":{"scrollX":0,"scrollY":2200.000244140625,"documentHeight":7590,"viewportHeight":650}}
[2026-09-25T11:23:14.417Z] {"timestamp":1790335393171,"kind":"scroll","url":"http://localhost:3000/","viewport":{"width":1600,"height":732},"payload":{"scrollX":0,"scrollY":2209.16650390625,"documentHeight":7704,"viewportHeight":732}}
[2026-09-25T11:23:14.417Z] {"timestamp":1790335393677,"kind":"scroll","url":"http://localhost:3000/","viewport":{"width":1600,"height":732},"payload":{"scrollX":0,"scrollY":2225,"documentHeight":7727,"viewportHeight":732}}
[2026-09-25T11:23:16.048Z] {"timestamp":1790335394198,"kind":"scroll","url":"http://localhost:3000/","viewport":{"width":1600,"height":732},"payload":{"scrollX":0,"scrollY":2156.66650390625,"documentHeight":7728,"viewportHeight":732}}
[2026-09-25T11:23:16.048Z] {"timestamp":1790335395758,"kind":"scroll","url":"http://localhost:3000/","viewport":{"width":1600,"height":732},"payload":{"scrollX":0,"scrollY":1974.1666259765625,"documentHeight":7728,"viewportHeight":732}}
[2026-09-25T11:23:18.050Z] {"timestamp":1790335396774,"kind":"scroll","url":"http://localhost:3000/","viewport":{"width":1600,"height":732},"payload":{"scrollX":0,"scrollY":1099.1666259765625,"documentHeight":7728,"viewportHeight":732}}
[2026-09-25T11:23:20.047Z] {"timestamp":1790335399155,"kind":"scroll","url":"http://localhost:3000/","viewport":{"width":1600,"height":732},"payload":{"scrollX":0,"scrollY":375,"documentHeight":7728,"viewportHeight":732}}
[2026-09-25T11:23:20.047Z] {"timestamp":1790335399967,"kind":"scroll","url":"http://localhost:3000/","viewport":{"width":1600,"height":732},"payload":{"scrollX":0,"scrollY":373.33331298828125,"documentHeight":7728,"viewportHeight":732}}
[2026-09-25T11:23:22.056Z] {"timestamp":1790335400867,"kind":"scroll","url":"http://localhost:3000/","viewport":{"width":1600,"height":732},"payload":{"scrollX":0,"scrollY":2.5,"documentHeight":7728,"viewportHeight":732}}
[2026-09-25T11:23:22.056Z] {"timestamp":1790335401375,"kind":"scroll","url":"http://localhost:3000/","viewport":{"width":1600,"height":732},"payload":{"scrollX":0,"scrollY":989.9999389648438,"documentHeight":7728,"viewportHeight":732}}
[2026-09-25T11:23:22.056Z] {"timestamp":1790335401954,"kind":"scroll","url":"http://localhost:3000/","viewport":{"width":1600,"height":732},"payload":{"scrollX":0,"scrollY":1376.6666259765625,"documentHeight":7728,"viewportHeight":732}}
[2026-09-25T11:23:24.062Z] {"timestamp":1790335402453,"kind":"scroll","url":"http://localhost:3000/","viewport":{"width":1600,"height":732},"payload":{"scrollX":0,"scrollY":2092.5,"documentHeight":7728,"viewportHeight":732}}
[2026-09-25T11:23:24.062Z] {"timestamp":1790335403057,"kind":"scroll","url":"http://localhost:3000/","viewport":{"width":1600,"height":732},"payload":{"scrollX":0,"scrollY":2501.66650390625,"documentHeight":7728,"viewportHeight":732}}
[2026-09-25T11:23:24.062Z] {"timestamp":1790335403804,"kind":"scroll","url":"http://localhost:3000/","viewport":{"width":1600,"height":732},"payload":{"scrollX":0,"scrollY":2748.333251953125,"documentHeight":7728,"viewportHeight":732}}
[2026-09-25T11:23:26.051Z] {"timestamp":1790335404307,"kind":"click","url":"http://localhost:3000/","viewport":{"width":1600,"height":732},"payload":{"target":{"tag":"div","id":null,"name":null,"type":null,"role":null,"ariaLabel":null,"testId":null,"dataLoc":"client/src/pages/Home.tsx:359","href":null,"text":"Saídas E-mail + BI","selectorHint":"[data-loc=\"client/src/pages/Home.tsx:359\"]"},"x":925,"y":368}}
[2026-09-25T11:23:26.051Z] {"timestamp":1790335405569,"kind":"scroll","url":"http://localhost:3000/","viewport":{"width":1600,"height":732},"payload":{"scrollX":0,"scrollY":2501.66650390625,"documentHeight":7728,"viewportHeight":732}}
[2026-09-25T11:23:28.051Z] {"timestamp":1790335406654,"kind":"scroll","url":"http://localhost:3000/","viewport":{"width":1600,"height":732},"payload":{"scrollX":0,"scrollY":2751.66650390625,"documentHeight":7728,"viewportHeight":732}}
[2026-09-25T11:23:30.060Z] {"timestamp":1790335408071,"kind":"scroll","url":"http://localhost:3000/","viewport":{"width":1600,"height":732},"payload":{"scrollX":0,"scrollY":2873.333251953125,"documentHeight":7728,"viewportHeight":732}}
[2026-09-25T11:23:30.060Z] {"timestamp":1790335408638,"kind":"scroll","url":"http://localhost:3000/","viewport":{"width":1600,"height":732},"payload":{"scrollX":0,"scrollY":2125,"documentHeight":7728,"viewportHeight":732}}
[2026-09-25T11:23:32.056Z] {"timestamp":1790335410137,"kind":"scroll","url":"http://localhost:3000/","viewport":{"width":1600,"height":732},"payload":{"scrollX":0,"scrollY":2126.66650390625,"documentHeight":7728,"viewportHeight":732}}
[2026-09-25T11:23:32.056Z] {"timestamp":1790335411236,"kind":"scroll","url":"http://localhost:3000/","viewport":{"width":1600,"height":732},"payload":{"scrollX":0,"scrollY":2498.333251953125,"documentHeight":7728,"viewportHeight":732}}
[2026-09-25T11:23:34.053Z] {"timestamp":1790335412806,"kind":"scroll","url":"http://localhost:3000/","viewport":{"width":1600,"height":732},"payload":{"scrollX":0,"scrollY":2251.66650390625,"documentHeight":7728,"viewportHeight":732}}
[2026-09-25T11:23:34.053Z] {"timestamp":1790335413323,"kind":"scroll","url":"http://localhost:3000/","viewport":{"width":1600,"height":732},"payload":{"scrollX":0,"scrollY":2633.333251953125,"documentHeight":7728,"viewportHeight":732}}
[2026-09-25T11:23:40.054Z] {"timestamp":1790335418456,"kind":"scroll","url":"http://localhost:3000/","viewport":{"width":1600,"height":732},"payload":{"scrollX":0,"scrollY":3001.66650390625,"documentHeight":7728,"viewportHeight":732}}
[2026-09-25T11:23:40.054Z] {"timestamp":1790335418974,"kind":"scroll","url":"http://localhost:3000/","viewport":{"width":1600,"height":732},"payload":{"scrollX":0,"scrollY":3340.833251953125,"documentHeight":7728,"viewportHeight":732}}
[2026-09-25T11:23:40.054Z] {"timestamp":1790335419489,"kind":"scroll","url":"http://localhost:3000/","viewport":{"width":1600,"height":732},"payload":{"scrollX":0,"scrollY":3594.16650390625,"documentHeight":7728,"viewportHeight":732}}
[2026-09-25T11:23:42.050Z] {"timestamp":1790335420006,"kind":"scroll","url":"http://localhost:3000/","viewport":{"width":1600,"height":732},"payload":{"scrollX":0,"scrollY":3751.66650390625,"documentHeight":7728,"viewportHeight":732}}
[2026-09-25T11:23:42.050Z] {"timestamp":1790335421571,"kind":"scroll","url":"http://localhost:3000/","viewport":{"width":1600,"height":732},"payload":{"scrollX":0,"scrollY":4001.66650390625,"documentHeight":7728,"viewportHeight":732}}
[2026-09-25T11:23:44.061Z] {"timestamp":1790335423640,"kind":"scroll","url":"http://localhost:3000/","viewport":{"width":1600,"height":732},"payload":{"scrollX":0,"scrollY":4248.3330078125,"documentHeight":7728,"viewportHeight":732}}
[2026-09-25T11:23:46.057Z] {"timestamp":1790335424249,"kind":"scroll","url":"http://localhost:3000/","viewport":{"width":1600,"height":732},"payload":{"scrollX":0,"scrollY":3998.333251953125,"documentHeight":7728,"viewportHeight":732}}
[2026-09-25T11:23:46.057Z] {"timestamp":1790335424973,"kind":"scroll","url":"http://localhost:3000/","viewport":{"width":1600,"height":732},"payload":{"scrollX":0,"scrollY":3751.66650390625,"documentHeight":7728,"viewportHeight":732}}
[2026-09-25T11:23:48.053Z] {"timestamp":1790335427101,"kind":"click","url":"http://localhost:3000/","viewport":{"width":1600,"height":732},"payload":{"target":{"tag":"img","id":null,"name":null,"type":null,"role":null,"ariaLabel":null,"testId":null,"dataLoc":"client/src/pages/Home.tsx:474","href":null,"text":"","selectorHint":"[data-loc=\"client/src/pages/Home.tsx:474\"]"},"x":556,"y":408}}
[2026-09-25T11:23:50.050Z] {"timestamp":1790335429365,"kind":"click","url":"http://localhost:3000/","viewport":{"width":1600,"height":732},"payload":{"target":{"tag":"div","id":null,"name":null,"type":null,"role":null,"ariaLabel":null,"testId":null,"dataLoc":"client/src/pages/Home.tsx:510","href":null,"text":"Entregues 860 mil+ caixas","selectorHint":"[data-loc=\"client/src/pages/Home.tsx:510\"]"},"x":562,"y":405}}
[2026-09-25T11:23:52.193Z] {"timestamp":1790335430372,"kind":"click","url":"http://localhost:3000/","viewport":{"width":1600,"height":732},"payload":{"target":{"tag":"img","id":null,"name":null,"type":null,"role":null,"ariaLabel":null,"testId":null,"dataLoc":"client/src/pages/Home.tsx:474","href":null,"text":"","selectorHint":"[data-loc=\"client/src/pages/Home.tsx:474\"]"},"x":562,"y":405}}
[2026-09-25T11:23:54.069Z] {"timestamp":1790335433908,"kind":"scroll","url":"http://localhost:3000/","viewport":{"width":1600,"height":732},"payload":{"scrollX":0,"scrollY":3873.333251953125,"documentHeight":7728,"viewportHeight":732}}
[2026-09-25T11:23:56.062Z] {"timestamp":1790335434408,"kind":"scroll","url":"http://localhost:3000/","viewport":{"width":1600,"height":732},"payload":{"scrollX":0,"scrollY":3482.499755859375,"documentHeight":7728,"viewportHeight":732}}
[2026-09-25T11:23:56.062Z] {"timestamp":1790335435393,"kind":"scroll","url":"http://localhost:3000/","viewport":{"width":1600,"height":732},"payload":{"scrollX":0,"scrollY":2751.66650390625,"documentHeight":7728,"viewportHeight":732}}
[2026-09-25T11:23:56.062Z] {"timestamp":1790335435972,"kind":"scroll","url":"http://localhost:3000/","viewport":{"width":1600,"height":732},"payload":{"scrollX":0,"scrollY":3123.333251953125,"documentHeight":7728,"viewportHeight":732}}
[2026-09-25T11:23:58.049Z] {"timestamp":1790335437076,"kind":"scroll","url":"http://localhost:3000/","viewport":{"width":1600,"height":732},"payload":{"scrollX":0,"scrollY":2873.333251953125,"documentHeight":7728,"viewportHeight":732}}
[2026-09-25T11:23:58.049Z] {"timestamp":1790335437587,"kind":"scroll","url":"http://localhost:3000/","viewport":{"width":1600,"height":732},"payload":{"scrollX":0,"scrollY":2189.16650390625,"documentHeight":7728,"viewportHeight":732}}
[2026-09-25T11:24:00.049Z] {"timestamp":1790335438607,"kind":"scroll","url":"http://localhost:3000/","viewport":{"width":1600,"height":732},"payload":{"scrollX":0,"scrollY":2001.6666259765625,"documentHeight":7728,"viewportHeight":732}}
[2026-09-25T11:24:00.049Z] {"timestamp":1790335439324,"kind":"scroll","url":"http://localhost:3000/","viewport":{"width":1600,"height":732},"payload":{"scrollX":0,"scrollY":2498.333251953125,"documentHeight":7728,"viewportHeight":732}}
[2026-09-25T11:24:02.058Z] {"timestamp":1790335440041,"kind":"scroll","url":"http://localhost:3000/","viewport":{"width":1600,"height":732},"payload":{"scrollX":0,"scrollY":2251.66650390625,"documentHeight":7728,"viewportHeight":732}}
[2026-09-25T11:24:04.048Z] {"timestamp":1790335442044,"kind":"click","url":"http://localhost:3000/","viewport":{"width":1600,"height":732},"payload":{"target":{"tag":"img","id":null,"name":null,"type":null,"role":null,"ariaLabel":null,"testId":null,"dataLoc":"client/src/pages/Home.tsx:323","href":null,"text":"","selectorHint":"[data-loc=\"client/src/pages/Home.tsx:323\"]"},"x":706,"y":242}}
[2026-09-25T11:24:04.048Z] {"timestamp":1790335443129,"kind":"scroll","url":"http://localhost:3000/","viewport":{"width":1600,"height":732},"payload":{"scrollX":0,"scrollY":2748.333251953125,"documentHeight":7728,"viewportHeight":732}}
[2026-09-25T11:24:06.048Z] {"timestamp":1790335444477,"kind":"scroll","url":"http://localhost:3000/","viewport":{"width":1600,"height":732},"payload":{"scrollX":0,"scrollY":2376.66650390625,"documentHeight":7728,"viewportHeight":732}}
[2026-09-25T11:24:08.059Z] {"timestamp":1790335446660,"kind":"scroll","url":"http://localhost:3000/","viewport":{"width":1600,"height":732},"payload":{"scrollX":0,"scrollY":2748.333251953125,"documentHeight":7728,"viewportHeight":732}}
[2026-09-25T11:24:08.059Z] {"timestamp":1790335447272,"kind":"scroll","url":"http://localhost:3000/","viewport":{"width":1600,"height":732},"payload":{"scrollX":0,"scrollY":2373.333251953125,"documentHeight":7728,"viewportHeight":732}}
[2026-09-25T11:24:08.059Z] {"timestamp":1790335447891,"kind":"scroll","url":"http://localhost:3000/","viewport":{"width":1600,"height":732},"payload":{"scrollX":0,"scrollY":2123.333251953125,"documentHeight":7728,"viewportHeight":732}}
[2026-09-25T11:24:10.070Z] {"timestamp":1790335448495,"kind":"scroll","url":"http://localhost:3000/","viewport":{"width":1600,"height":732},"payload":{"scrollX":0,"scrollY":1998.333251953125,"documentHeight":7728,"viewportHeight":732}}
[2026-09-25T11:24:10.070Z] {"timestamp":1790335449090,"kind":"scroll","url":"http://localhost:3000/","viewport":{"width":1600,"height":732},"payload":{"scrollX":0,"scrollY":1748.333251953125,"documentHeight":7728,"viewportHeight":732}}
[2026-09-25T11:24:12.060Z] {"timestamp":1790335450924,"kind":"scroll","url":"http://localhost:3000/","viewport":{"width":1600,"height":732},"payload":{"scrollX":0,"scrollY":1501.6666259765625,"documentHeight":7728,"viewportHeight":732}}
[2026-09-25T11:24:12.060Z] {"timestamp":1790335451656,"kind":"scroll","url":"http://localhost:3000/","viewport":{"width":1600,"height":732},"payload":{"scrollX":0,"scrollY":2251.66650390625,"documentHeight":7728,"viewportHeight":732}}
[2026-09-25T11:24:14.047Z] {"timestamp":1790335452315,"kind":"scroll","url":"http://localhost:3000/","viewport":{"width":1600,"height":732},"payload":{"scrollX":0,"scrollY":3001.66650390625,"documentHeight":7728,"viewportHeight":732}}
[2026-09-25T11:24:14.047Z] {"timestamp":1790335452823,"kind":"scroll","url":"http://localhost:3000/","viewport":{"width":1600,"height":732},"payload":{"scrollX":0,"scrollY":3624.999755859375,"documentHeight":7728,"viewportHeight":732}}
[2026-09-25T11:24:14.047Z] {"timestamp":1790335453326,"kind":"scroll","url":"http://localhost:3000/","viewport":{"width":1600,"height":732},"payload":{"scrollX":0,"scrollY":4008.333251953125,"documentHeight":7728,"viewportHeight":732}}
[2026-09-25T11:24:14.047Z] {"timestamp":1790335453829,"kind":"scroll","url":"http://localhost:3000/","viewport":{"width":1600,"height":732},"payload":{"scrollX":0,"scrollY":4376.66650390625,"documentHeight":7728,"viewportHeight":732}}
[2026-09-25T11:24:16.068Z] {"timestamp":1790335454341,"kind":"scroll","url":"http://localhost:3000/","viewport":{"width":1600,"height":732},"payload":{"scrollX":0,"scrollY":4733.3330078125,"documentHeight":7728,"viewportHeight":732}}
[2026-09-25T11:24:16.068Z] {"timestamp":1790335454841,"kind":"scroll","url":"http://localhost:3000/","viewport":{"width":1600,"height":732},"payload":{"scrollX":0,"scrollY":5370,"documentHeight":7728,"viewportHeight":732}}
[2026-09-25T11:24:16.068Z] {"timestamp":1790335455357,"kind":"scroll","url":"http://localhost:3000/","viewport":{"width":1600,"height":732},"payload":{"scrollX":0,"scrollY":5283.3330078125,"documentHeight":7728,"viewportHeight":732}}
[2026-09-25T11:24:16.068Z] {"timestamp":1790335455910,"kind":"scroll","url":"http://localhost:3000/","viewport":{"width":1600,"height":732},"payload":{"scrollX":0,"scrollY":5126.66650390625,"documentHeight":7728,"viewportHeight":732}}
[2026-09-25T11:24:18.051Z] {"timestamp":1790335456433,"kind":"scroll","url":"http://localhost:3000/","viewport":{"width":1600,"height":732},"payload":{"scrollX":0,"scrollY":5875,"documentHeight":7728,"viewportHeight":732}}
[2026-09-25T11:24:18.051Z] {"timestamp":1790335457257,"kind":"scroll","url":"http://localhost:3000/","viewport":{"width":1600,"height":732},"payload":{"scrollX":0,"scrollY":6251.66650390625,"documentHeight":7728,"viewportHeight":732}}
[2026-09-25T11:24:18.051Z] {"timestamp":1790335457763,"kind":"scroll","url":"http://localhost:3000/","viewport":{"width":1600,"height":732},"payload":{"scrollX":0,"scrollY":6996.66650390625,"documentHeight":7728,"viewportHeight":732}}
[2026-09-25T11:24:54.258Z] {"timestamp":1790335492308,"kind":"scroll","url":"http://localhost:3000/","viewport":{"width":1600,"height":732},"payload":{"scrollX":0,"scrollY":6994.99951171875,"documentHeight":7728,"viewportHeight":732}}
[2026-09-25T11:24:54.258Z] {"timestamp":1790335492808,"kind":"scroll","url":"http://localhost:3000/","viewport":{"width":1600,"height":732},"payload":{"scrollX":0,"scrollY":6739.16650390625,"documentHeight":7728,"viewportHeight":732}}
[2026-09-25T11:24:54.258Z] {"timestamp":1790335493474,"kind":"scroll","url":"http://localhost:3000/","viewport":{"width":1600,"height":732},"payload":{"scrollX":0,"scrollY":6244.99951171875,"documentHeight":7728,"viewportHeight":732}}
[2026-09-25T11:24:54.258Z] {"timestamp":1790335493984,"kind":"scroll","url":"http://localhost:3000/","viewport":{"width":1600,"height":732},"payload":{"scrollX":0,"scrollY":5653.3330078125,"documentHeight":7728,"viewportHeight":732}}
[2026-09-25T11:24:56.047Z] {"timestamp":1790335494491,"kind":"scroll","url":"http://localhost:3000/","viewport":{"width":1600,"height":732},"payload":{"scrollX":0,"scrollY":5312.5,"documentHeight":7728,"viewportHeight":732}}
[2026-09-25T11:24:56.047Z] {"timestamp":1790335494992,"kind":"scroll","url":"http://localhost:3000/","viewport":{"width":1600,"height":732},"payload":{"scrollX":0,"scrollY":4895,"documentHeight":7728,"viewportHeight":732}}
[2026-09-25T11:24:56.047Z] {"timestamp":1790335495602,"kind":"scroll","url":"http://localhost:3000/","viewport":{"width":1600,"height":732},"payload":{"scrollX":0,"scrollY":4369.16650390625,"documentHeight":7728,"viewportHeight":732}}
[2026-09-25T11:24:58.046Z] {"timestamp":1790335496276,"kind":"scroll","url":"http://localhost:3000/","viewport":{"width":1600,"height":732},"payload":{"scrollX":0,"scrollY":4123.3330078125,"documentHeight":7728,"viewportHeight":732}}
[2026-09-25T11:24:58.046Z] {"timestamp":1790335496779,"kind":"scroll","url":"http://localhost:3000/","viewport":{"width":1600,"height":732},"payload":{"scrollX":0,"scrollY":4368.3330078125,"documentHeight":7728,"viewportHeight":732}}
[2026-09-25T11:24:58.046Z] {"timestamp":1790335497293,"kind":"scroll","url":"http://localhost:3000/","viewport":{"width":1600,"height":732},"payload":{"scrollX":0,"scrollY":4350.8330078125,"documentHeight":7728,"viewportHeight":732}}
[2026-09-25T11:24:58.046Z] {"timestamp":1790335497795,"kind":"scroll","url":"http://localhost:3000/","viewport":{"width":1600,"height":732},"payload":{"scrollX":0,"scrollY":3629.16650390625,"documentHeight":7728,"viewportHeight":732}}
[2026-09-25T11:25:00.049Z] {"timestamp":1790335498308,"kind":"scroll","url":"http://localhost:3000/","viewport":{"width":1600,"height":732},"payload":{"scrollX":0,"scrollY":3418.333251953125,"documentHeight":7728,"viewportHeight":732}}
[2026-09-25T11:25:00.049Z] {"timestamp":1790335499117,"kind":"click","url":"http://localhost:3000/","viewport":{"width":1600,"height":732},"payload":{"target":{"tag":"article","id":null,"name":null,"type":null,"role":null,"ariaLabel":null,"testId":null,"dataLoc":"client/src/pages/Home.tsx:485","href":null,"text":"PLANEJAMENTO & CONTROLE NXS / 02 Torre de Amostra Grátis Visibilidade completa, …","selectorHint":"[data-loc=\"client/src/pages/Home.tsx:485\"]"},"x":695,"y":339}}
[2026-09-25T11:25:04.076Z] {"timestamp":1790335502349,"kind":"click","url":"http://localhost:3000/","viewport":{"width":1600,"height":732},"payload":{"target":{"tag":"img","id":null,"name":null,"type":null,"role":null,"ariaLabel":null,"testId":null,"dataLoc":"client/src/pages/Home.tsx:474","href":null,"text":"","selectorHint":"[data-loc=\"client/src/pages/Home.tsx:474\"]"},"x":698,"y":339}}
[2026-09-25T11:25:04.076Z] {"timestamp":1790335503070,"kind":"scroll","url":"http://localhost:3000/","viewport":{"width":1600,"height":732},"payload":{"scrollX":0,"scrollY":3869.999755859375,"documentHeight":7728,"viewportHeight":732}}
[2026-09-25T11:25:04.076Z] {"timestamp":1790335503575,"kind":"scroll","url":"http://localhost:3000/","viewport":{"width":1600,"height":732},"payload":{"scrollX":0,"scrollY":3163.333251953125,"documentHeight":7728,"viewportHeight":732}}
[2026-09-25T11:25:10.056Z] {"timestamp":1790335508329,"kind":"scroll","url":"http://localhost:3000/","viewport":{"width":1600,"height":732},"payload":{"scrollX":0,"scrollY":2870,"documentHeight":7728,"viewportHeight":732}}
[2026-09-25T11:25:10.056Z] {"timestamp":1790335508829,"kind":"scroll","url":"http://localhost:3000/","viewport":{"width":1600,"height":732},"payload":{"scrollX":0,"scrollY":2403.333251953125,"documentHeight":7728,"viewportHeight":732}}
[2026-09-25T11:25:10.056Z] {"timestamp":1790335509762,"kind":"scroll","url":"http://localhost:3000/","viewport":{"width":1600,"height":732},"payload":{"scrollX":0,"scrollY":2248.333251953125,"documentHeight":7728,"viewportHeight":732}}
[2026-09-25T11:25:12.061Z] {"timestamp":1790335510576,"kind":"scroll","url":"http://localhost:3000/","viewport":{"width":1600,"height":732},"payload":{"scrollX":0,"scrollY":2745,"documentHeight":7728,"viewportHeight":732}}
[2026-09-25T11:25:16.059Z] {"timestamp":1790335515443,"kind":"scroll","url":"http://localhost:3000/","viewport":{"width":1600,"height":732},"payload":{"scrollX":0,"scrollY":2495,"documentHeight":7728,"viewportHeight":732}}
[2026-09-25T11:25:16.059Z] {"timestamp":1790335515958,"kind":"scroll","url":"http://localhost:3000/","viewport":{"width":1600,"height":732},"payload":{"scrollX":0,"scrollY":2113.333251953125,"documentHeight":7728,"viewportHeight":732}}
[2026-09-25T11:25:18.065Z] {"timestamp":1790335516459,"kind":"scroll","url":"http://localhost:3000/","viewport":{"width":1600,"height":732},"payload":{"scrollX":0,"scrollY":1654.9998779296875,"documentHeight":7728,"viewportHeight":732}}
[2026-09-25T11:25:18.065Z] {"timestamp":1790335517134,"kind":"scroll","url":"http://localhost:3000/","viewport":{"width":1600,"height":732},"payload":{"scrollX":0,"scrollY":1120,"documentHeight":7728,"viewportHeight":732}}
[2026-09-25T11:25:18.065Z] {"timestamp":1790335517821,"kind":"scroll","url":"http://localhost:3000/","viewport":{"width":1600,"height":732},"payload":{"scrollX":0,"scrollY":244.99998474121094,"documentHeight":7728,"viewportHeight":732}}
[2026-09-25T11:25:20.049Z] {"timestamp":1790335518956,"kind":"scroll","url":"http://localhost:3000/","viewport":{"width":1600,"height":732},"payload":{"scrollX":0,"scrollY":1.6666666269302368,"documentHeight":7728,"viewportHeight":732}}
[2026-09-25T11:25:20.049Z] {"timestamp":1790335519456,"kind":"scroll","url":"http://localhost:3000/","viewport":{"width":1600,"height":732},"payload":{"scrollX":0,"scrollY":999.9999389648438,"documentHeight":7728,"viewportHeight":732}}
[2026-09-25T11:25:22.057Z] {"timestamp":1790335520076,"kind":"scroll","url":"http://localhost:3000/","viewport":{"width":1600,"height":732},"payload":{"scrollX":0,"scrollY":1376.6666259765625,"documentHeight":7728,"viewportHeight":732}}
[2026-09-25T11:25:22.057Z] {"timestamp":1790335520585,"kind":"scroll","url":"http://localhost:3000/","viewport":{"width":1600,"height":732},"payload":{"scrollX":0,"scrollY":1840.833251953125,"documentHeight":7728,"viewportHeight":732}}
[2026-09-25T11:25:26.061Z] {"timestamp":1790335525584,"kind":"scroll","url":"http://localhost:3000/","viewport":{"width":1600,"height":732},"payload":{"scrollX":0,"scrollY":2251.66650390625,"documentHeight":7728,"viewportHeight":732}}
[2026-09-25T11:25:28.047Z] {"timestamp":1790335526200,"kind":"scroll","url":"http://localhost:3000/","viewport":{"width":1600,"height":732},"payload":{"scrollX":0,"scrollY":2877.5,"documentHeight":7728,"viewportHeight":732}}
[2026-09-25T11:25:28.047Z] {"timestamp":1790335526725,"kind":"scroll","url":"http://localhost:3000/","viewport":{"width":1600,"height":732},"payload":{"scrollX":0,"scrollY":3251.66650390625,"documentHeight":7728,"viewportHeight":732}}
[2026-09-25T11:25:28.047Z] {"timestamp":1790335527558,"kind":"scroll","url":"http://localhost:3000/","viewport":{"width":1600,"height":732},"payload":{"scrollX":0,"scrollY":3626.66650390625,"documentHeight":7728,"viewportHeight":732}}
[2026-09-25T11:25:30.049Z] {"timestamp":1790335528758,"kind":"scroll","url":"http://localhost:3000/","viewport":{"width":1600,"height":732},"payload":{"scrollX":0,"scrollY":4248.3330078125,"documentHeight":7728,"viewportHeight":732}}
[2026-09-25T11:25:30.049Z] {"timestamp":1790335529424,"kind":"scroll","url":"http://localhost:3000/","viewport":{"width":1600,"height":732},"payload":{"scrollX":0,"scrollY":3373.333251953125,"documentHeight":7728,"viewportHeight":732}}
[2026-09-25T11:25:32.048Z] {"timestamp":1790335530427,"kind":"scroll","url":"http://localhost:3000/","viewport":{"width":1600,"height":732},"payload":{"scrollX":0,"scrollY":2751.66650390625,"documentHeight":7728,"viewportHeight":732}}
[2026-09-25T11:27:40.246Z] {"timestamp":1790335658163,"kind":"scroll","url":"http://localhost:3000/","viewport":{"width":1600,"height":732},"payload":{"scrollX":0,"scrollY":3248.333251953125,"documentHeight":7728,"viewportHeight":732}}
[2026-09-25T11:28:51.210Z] {"timestamp":1790335729479,"kind":"scroll","url":"http://localhost:3000/","viewport":{"width":1600,"height":732},"payload":{"scrollX":0,"scrollY":2998.333251953125,"documentHeight":7728,"viewportHeight":732}}
[2026-09-25T11:28:51.210Z] {"timestamp":1790335729981,"kind":"scroll","url":"http://localhost:3000/","viewport":{"width":1600,"height":732},"payload":{"scrollX":0,"scrollY":2322.5,"documentHeight":7728,"viewportHeight":732}}
[2026-09-25T11:28:52.057Z] {"timestamp":1790335731079,"kind":"scroll","url":"http://localhost:3000/","viewport":{"width":1600,"height":732},"payload":{"scrollX":0,"scrollY":1876.6666259765625,"documentHeight":7728,"viewportHeight":732}}
[2026-09-25T11:28:52.057Z] {"timestamp":1790335731584,"kind":"scroll","url":"http://localhost:3000/","viewport":{"width":1600,"height":732},"payload":{"scrollX":0,"scrollY":2625,"documentHeight":7728,"viewportHeight":732}}
[2026-09-25T11:28:52.057Z] {"timestamp":1790335731959,"kind":"click","url":"http://localhost:3000/","viewport":{"width":1600,"height":732},"payload":{"target":{"tag":"article","id":null,"name":null,"type":null,"role":null,"ariaLabel":null,"testId":null,"dataLoc":"client/src/pages/Home.tsx:334","href":null,"text":"OPERAÇÃO & VISIBILIDADE NXS / 01 Painel Intercompany Painel 100% automático, atu…","selectorHint":"[data-loc=\"client/src/pages/Home.tsx:334\"]"},"x":515,"y":288}}
[2026-09-25T11:28:54.046Z] {"timestamp":1790335733566,"kind":"click","url":"http://localhost:3000/","viewport":{"width":1600,"height":732},"payload":{"target":{"tag":"img","id":null,"name":null,"type":null,"role":null,"ariaLabel":null,"testId":null,"dataLoc":"client/src/pages/Home.tsx:323","href":null,"text":"","selectorHint":"[data-loc=\"client/src/pages/Home.tsx:323\"]"},"x":525,"y":237}}
[2026-09-25T11:28:58.066Z] {"timestamp":1790335737927,"kind":"scroll","url":"http://localhost:3000/","viewport":{"width":1600,"height":900},"payload":{"scrollX":0,"scrollY":2623.333251953125,"documentHeight":7897,"viewportHeight":900}}
[2026-09-25T11:29:00.043Z] {"timestamp":1790335738596,"kind":"scroll","url":"http://localhost:3000/","viewport":{"width":1600,"height":900},"payload":{"scrollX":0,"scrollY":1623.333251953125,"documentHeight":7897,"viewportHeight":900}}
[2026-09-25T11:29:00.043Z] {"timestamp":1790335739139,"kind":"scroll","url":"http://localhost:3000/","viewport":{"width":1600,"height":900},"payload":{"scrollX":0,"scrollY":1123.333251953125,"documentHeight":7897,"viewportHeight":900}}
[2026-09-25T11:29:02.059Z] {"timestamp":1790335740046,"kind":"scroll","url":"http://localhost:3000/","viewport":{"width":1600,"height":900},"payload":{"scrollX":0,"scrollY":748.3333129882812,"documentHeight":7897,"viewportHeight":900}}
[2026-09-25T11:29:02.059Z] {"timestamp":1790335740680,"kind":"scroll","url":"http://localhost:3000/","viewport":{"width":1600,"height":900},"payload":{"scrollX":0,"scrollY":376.6666564941406,"documentHeight":7897,"viewportHeight":900}}
[2026-09-25T11:29:08.046Z] {"timestamp":1790335747684,"kind":"scroll","url":"http://localhost:3000/","viewport":{"width":1600,"height":900},"payload":{"scrollX":0,"scrollY":876.6666259765625,"documentHeight":7897,"viewportHeight":900}}
[2026-09-25T11:29:12.054Z] {"timestamp":1790335750063,"kind":"scroll","url":"http://localhost:3000/","viewport":{"width":1600,"height":900},"payload":{"scrollX":0,"scrollY":1501.6666259765625,"documentHeight":7897,"viewportHeight":900}}
[2026-09-25T11:29:12.054Z] {"timestamp":1790335750699,"kind":"scroll","url":"http://localhost:3000/","viewport":{"width":1600,"height":900},"payload":{"scrollX":0,"scrollY":1751.6666259765625,"documentHeight":7897,"viewportHeight":900}}
[2026-09-25T11:29:12.054Z] {"timestamp":1790335751846,"kind":"scroll","url":"http://localhost:3000/","viewport":{"width":1600,"height":900},"payload":{"scrollX":0,"scrollY":2001.6666259765625,"documentHeight":7897,"viewportHeight":900}}
[2026-09-25T11:29:14.076Z] {"timestamp":1790335753967,"kind":"scroll","url":"http://localhost:3000/","viewport":{"width":1600,"height":900},"payload":{"scrollX":0,"scrollY":2376.66650390625,"documentHeight":7897,"viewportHeight":900}}
[2026-09-25T11:29:16.060Z] {"timestamp":1790335754932,"kind":"scroll","url":"http://localhost:3000/","viewport":{"width":1600,"height":900},"payload":{"scrollX":0,"scrollY":2748.333251953125,"documentHeight":7897,"viewportHeight":900}}
[2026-09-25T11:29:16.060Z] {"timestamp":1790335755439,"kind":"scroll","url":"http://localhost:3000/","viewport":{"width":1600,"height":900},"payload":{"scrollX":0,"scrollY":2376.66650390625,"documentHeight":7897,"viewportHeight":900}}
[2026-09-25T11:29:16.060Z] {"timestamp":1790335755945,"kind":"scroll","url":"http://localhost:3000/","viewport":{"width":1600,"height":900},"payload":{"scrollX":0,"scrollY":2553.333251953125,"documentHeight":7897,"viewportHeight":900}}
[2026-09-25T11:29:18.043Z] {"timestamp":1790335756814,"kind":"click","url":"http://localhost:3000/","viewport":{"width":1600,"height":900},"payload":{"target":{"tag":"div","id":null,"name":null,"type":null,"role":null,"ariaLabel":null,"testId":null,"dataLoc":"client/src/pages/Home.tsx:352","href":null,"text":"LEITURA PRINCIPAL Antecipar o atraso antes que ele vire problema. IMPACTO OPERAC…","selectorHint":"[data-loc=\"client/src/pages/Home.tsx:352\"]"},"x":553,"y":280}}
[2026-09-25T11:29:18.043Z] {"timestamp":1790335757792,"kind":"click","url":"http://localhost:3000/","viewport":{"width":1600,"height":900},"payload":{"target":{"tag":"img","id":null,"name":null,"type":null,"role":null,"ariaLabel":null,"testId":null,"dataLoc":"client/src/pages/Home.tsx:323","href":null,"text":"","selectorHint":"[data-loc=\"client/src/pages/Home.tsx:323\"]"},"x":553,"y":280}}
[2026-09-25T11:29:56.392Z] {"timestamp":1790335795899,"kind":"scroll","url":"http://localhost:3000/","viewport":{"width":1600,"height":900},"payload":{"scrollX":0,"scrollY":2626.66650390625,"documentHeight":7897,"viewportHeight":900}}
[2026-09-25T11:29:58.049Z] {"timestamp":1790335796481,"kind":"scroll","url":"http://localhost:3000/","viewport":{"width":1600,"height":900},"payload":{"scrollX":0,"scrollY":2876.66650390625,"documentHeight":7897,"viewportHeight":900}}
[2026-09-25T11:29:58.049Z] {"timestamp":1790335797502,"kind":"click","url":"http://localhost:3000/","viewport":{"width":1600,"height":900},"payload":{"target":{"tag":"p","id":null,"name":null,"type":null,"role":null,"ariaLabel":null,"testId":null,"dataLoc":"client/src/pages/Home.tsx:392","href":null,"text":"Mapeamento completo de paletes livres, itens em quarentena, cargas disponíveis e…","selectorHint":"[data-loc=\"client/src/pages/Home.tsx:392\"]"},"x":319,"y":425}}
[2026-09-25T11:30:00.043Z] {"timestamp":1790335798215,"kind":"scroll","url":"http://localhost:3000/","viewport":{"width":1600,"height":900},"payload":{"scrollX":0,"scrollY":3126.66650390625,"documentHeight":7897,"viewportHeight":900}}
[2026-09-25T11:30:00.043Z] {"timestamp":1790335798816,"kind":"scroll","url":"http://localhost:3000/","viewport":{"width":1600,"height":900},"payload":{"scrollX":0,"scrollY":3501.66650390625,"documentHeight":7897,"viewportHeight":900}}
[2026-09-25T11:30:00.043Z] {"timestamp":1790335799330,"kind":"scroll","url":"http://localhost:3000/","viewport":{"width":1600,"height":900},"payload":{"scrollX":0,"scrollY":3876.66650390625,"documentHeight":7897,"viewportHeight":900}}
[2026-09-25T11:30:02.057Z] {"timestamp":1790335800086,"kind":"click","url":"http://localhost:3000/","viewport":{"width":1600,"height":900},"payload":{"target":{"tag":"article","id":null,"name":null,"type":null,"role":null,"ariaLabel":null,"testId":null,"dataLoc":"client/src/pages/Home.tsx:485","href":null,"text":"PLANEJAMENTO & CONTROLE NXS / 02 Torre de Amostra Grátis Visibilidade completa, …","selectorHint":"[data-loc=\"client/src/pages/Home.tsx:485\"]"},"x":842,"y":328}}
[2026-09-25T11:30:02.057Z] {"timestamp":1790335800831,"kind":"scroll","url":"http://localhost:3000/","viewport":{"width":1600,"height":900},"payload":{"scrollX":0,"scrollY":4248.3330078125,"documentHeight":7897,"viewportHeight":900}}
[2026-09-25T11:30:02.057Z] {"timestamp":1790335801636,"kind":"scroll","url":"http://localhost:3000/","viewport":{"width":1600,"height":900},"payload":{"scrollX":0,"scrollY":3876.66650390625,"documentHeight":7897,"viewportHeight":900}}
[2026-09-25T11:30:04.047Z] {"timestamp":1790335802887,"kind":"scroll","url":"http://localhost:3000/","viewport":{"width":1600,"height":900},"payload":{"scrollX":0,"scrollY":4123.3330078125,"documentHeight":7897,"viewportHeight":900}}
[2026-09-25T11:30:34.228Z] {"timestamp":1790335832165,"kind":"scroll","url":"http://localhost:3000/","viewport":{"width":1600,"height":900},"payload":{"scrollX":0,"scrollY":4001.66650390625,"documentHeight":7897,"viewportHeight":900}}
[2026-09-25T11:30:34.228Z] {"timestamp":1790335832713,"kind":"scroll","url":"http://localhost:3000/","viewport":{"width":1600,"height":900},"payload":{"scrollX":0,"scrollY":4251.66650390625,"documentHeight":7897,"viewportHeight":900}}
[2026-09-25T11:30:34.228Z] {"timestamp":1790335833746,"kind":"scroll","url":"http://localhost:3000/","viewport":{"width":1600,"height":900},"payload":{"scrollX":0,"scrollY":4498.3330078125,"documentHeight":7897,"viewportHeight":900}}
[2026-09-25T11:30:36.041Z] {"timestamp":1790335834255,"kind":"scroll","url":"http://localhost:3000/","viewport":{"width":1600,"height":900},"payload":{"scrollX":0,"scrollY":4366.66650390625,"documentHeight":7897,"viewportHeight":900}}
[2026-09-25T11:30:36.041Z] {"timestamp":1790335834815,"kind":"scroll","url":"http://localhost:3000/","viewport":{"width":1600,"height":900},"payload":{"scrollX":0,"scrollY":4126.66650390625,"documentHeight":7897,"viewportHeight":900}}
[2026-09-25T11:30:38.045Z] {"timestamp":1790335836302,"kind":"scroll","url":"http://localhost:3000/","viewport":{"width":1600,"height":900},"payload":{"scrollX":0,"scrollY":4376.66650390625,"documentHeight":7897,"viewportHeight":900}}
[2026-09-25T11:30:38.045Z] {"timestamp":1790335836811,"kind":"scroll","url":"http://localhost:3000/","viewport":{"width":1600,"height":900},"payload":{"scrollX":0,"scrollY":4853.3330078125,"documentHeight":7897,"viewportHeight":900}}
[2026-09-25T11:30:38.045Z] {"timestamp":1790335837918,"kind":"scroll","url":"http://localhost:3000/","viewport":{"width":1600,"height":900},"payload":{"scrollX":0,"scrollY":4876.66650390625,"documentHeight":7897,"viewportHeight":900}}
[2026-09-25T11:30:40.088Z] {"timestamp":1790335839617,"kind":"scroll","url":"http://localhost:3000/","viewport":{"width":1600,"height":900},"payload":{"scrollX":0,"scrollY":4998.3330078125,"documentHeight":7897,"viewportHeight":900}}
[2026-09-25T11:30:42.046Z] {"timestamp":1790335840133,"kind":"scroll","url":"http://localhost:3000/","viewport":{"width":1600,"height":900},"payload":{"scrollX":0,"scrollY":3999.999755859375,"documentHeight":7897,"viewportHeight":900}}
[2026-09-25T11:30:42.046Z] {"timestamp":1790335840650,"kind":"scroll","url":"http://localhost:3000/","viewport":{"width":1600,"height":900},"payload":{"scrollX":0,"scrollY":3000,"documentHeight":7897,"viewportHeight":900}}
[2026-09-25T11:30:42.046Z] {"timestamp":1790335841153,"kind":"scroll","url":"http://localhost:3000/","viewport":{"width":1600,"height":900},"payload":{"scrollX":0,"scrollY":2341.66650390625,"documentHeight":7897,"viewportHeight":900}}
[2026-09-25T11:30:42.046Z] {"timestamp":1790335841661,"kind":"scroll","url":"http://localhost:3000/","viewport":{"width":1600,"height":900},"payload":{"scrollX":0,"scrollY":1594.1666259765625,"documentHeight":7897,"viewportHeight":900}}
[2026-09-25T11:30:44.051Z] {"timestamp":1790335842294,"kind":"scroll","url":"http://localhost:3000/","viewport":{"width":1600,"height":900},"payload":{"scrollX":0,"scrollY":748.3333129882812,"documentHeight":7897,"viewportHeight":900}}
[2026-09-25T11:30:44.051Z] {"timestamp":1790335842819,"kind":"scroll","url":"http://localhost:3000/","viewport":{"width":1600,"height":900},"payload":{"scrollX":0,"scrollY":228.3333282470703,"documentHeight":7897,"viewportHeight":900}}
[2026-09-25T11:30:46.055Z] {"timestamp":1790335844032,"kind":"scroll","url":"http://localhost:3000/","viewport":{"width":1600,"height":900},"payload":{"scrollX":0,"scrollY":1.6666666269302368,"documentHeight":7897,"viewportHeight":900}}
[2026-09-25T11:30:46.055Z] {"timestamp":1790335844536,"kind":"scroll","url":"http://localhost:3000/","viewport":{"width":1600,"height":900},"payload":{"scrollX":0,"scrollY":269.1666564941406,"documentHeight":7897,"viewportHeight":900}}
[2026-09-25T11:30:46.055Z] {"timestamp":1790335845072,"kind":"scroll","url":"http://localhost:3000/","viewport":{"width":1600,"height":900},"payload":{"scrollX":0,"scrollY":609.1666259765625,"documentHeight":7897,"viewportHeight":900}}
[2026-09-25T11:30:46.055Z] {"timestamp":1790335845583,"kind":"scroll","url":"http://localhost:3000/","viewport":{"width":1600,"height":900},"payload":{"scrollX":0,"scrollY":839.1666259765625,"documentHeight":7897,"viewportHeight":900}}
[2026-09-25T11:30:48.044Z] {"timestamp":1790335846892,"kind":"keydown","url":"http://localhost:3000/","viewport":{"width":1600,"height":900},"payload":{"key":"[REDACTED]","target":{"tag":"body","id":null,"name":null,"type":null,"role":null,"ariaLabel":null,"testId":null,"dataLoc":null,"href":null,"text":"PROJECT NEXUS / HYPERA LOGÍSTICA / INTELLIGENCE / PROJECT NEXUS / HYPERA LOGÍSTI…","selectorHint":"body"}}}
[2026-09-25T11:31:28.226Z] {"timestamp":1790335886717,"kind":"scroll","url":"http://localhost:3000/","viewport":{"width":1600,"height":732},"payload":{"scrollX":0,"scrollY":1001.6666259765625,"documentHeight":7728,"viewportHeight":732}}
[2026-09-25T11:31:28.226Z] {"timestamp":1790335887244,"kind":"scroll","url":"http://localhost:3000/","viewport":{"width":1600,"height":732},"payload":{"scrollX":0,"scrollY":1999.9998779296875,"documentHeight":7728,"viewportHeight":732}}
[2026-09-25T11:31:28.226Z] {"timestamp":1790335887809,"kind":"scroll","url":"http://localhost:3000/","viewport":{"width":1600,"height":732},"payload":{"scrollX":0,"scrollY":2251.66650390625,"documentHeight":7728,"viewportHeight":732}}
[2026-09-25T11:31:30.053Z] {"timestamp":1790335888309,"kind":"scroll","url":"http://localhost:3000/","viewport":{"width":1600,"height":732},"payload":{"scrollX":0,"scrollY":3000,"documentHeight":7728,"viewportHeight":732}}
[2026-09-25T11:31:35.769Z] {"timestamp":1790335894247,"kind":"scroll","url":"http://localhost:3000/","viewport":{"width":1600,"height":732},"payload":{"scrollX":0,"scrollY":3079.999755859375,"documentHeight":7372,"viewportHeight":732}}
[2026-09-25T11:31:39.750Z] {"timestamp":1790335897881,"kind":"scroll","url":"http://localhost:3000/","viewport":{"width":1600,"height":732},"payload":{"scrollX":0,"scrollY":2998.333251953125,"documentHeight":7728,"viewportHeight":732}}
[2026-09-25T11:31:39.750Z] {"timestamp":1790335898387,"kind":"scroll","url":"http://localhost:3000/","viewport":{"width":1600,"height":732},"payload":{"scrollX":0,"scrollY":1874.9998779296875,"documentHeight":7728,"viewportHeight":732}}
[2026-09-25T11:31:39.750Z] {"timestamp":1790335898893,"kind":"scroll","url":"http://localhost:3000/","viewport":{"width":1600,"height":732},"payload":{"scrollX":0,"scrollY":1292.5,"documentHeight":7728,"viewportHeight":732}}
[2026-09-25T11:31:39.750Z] {"timestamp":1790335899407,"kind":"scroll","url":"http://localhost:3000/","viewport":{"width":1600,"height":732},"payload":{"scrollX":0,"scrollY":667.5,"documentHeight":7728,"viewportHeight":732}}
[2026-09-25T11:31:50.869Z] {"timestamp":1790335909083,"kind":"scroll","url":"http://localhost:3000/","viewport":{"width":1600,"height":732},"payload":{"scrollX":0,"scrollY":1.6666666269302368,"documentHeight":7728,"viewportHeight":732}}
[2026-09-25T11:31:50.869Z] {"timestamp":1790335909601,"kind":"scroll","url":"http://localhost:3000/","viewport":{"width":1600,"height":732},"payload":{"scrollX":0,"scrollY":367.5,"documentHeight":7728,"viewportHeight":732}}
[2026-09-25T11:31:50.869Z] {"timestamp":1790335910120,"kind":"scroll","url":"http://localhost:3000/","viewport":{"width":1600,"height":732},"payload":{"scrollX":0,"scrollY":531.6666259765625,"documentHeight":7728,"viewportHeight":732}}
[2026-09-25T11:31:50.869Z] {"timestamp":1790335910634,"kind":"scroll","url":"http://localhost:3000/","viewport":{"width":1600,"height":732},"payload":{"scrollX":0,"scrollY":758.3333129882812,"documentHeight":7728,"viewportHeight":732}}
[2026-09-25T11:31:52.872Z] {"timestamp":1790335911137,"kind":"scroll","url":"http://localhost:3000/","viewport":{"width":1600,"height":732},"payload":{"scrollX":0,"scrollY":1260.833251953125,"documentHeight":7728,"viewportHeight":732}}
[2026-09-25T11:31:52.872Z] {"timestamp":1790335911649,"kind":"scroll","url":"http://localhost:3000/","viewport":{"width":1600,"height":732},"payload":{"scrollX":0,"scrollY":1492.5,"documentHeight":7728,"viewportHeight":732}}
[2026-09-25T11:31:52.872Z] {"timestamp":1790335912150,"kind":"scroll","url":"http://localhost:3000/","viewport":{"width":1600,"height":732},"payload":{"scrollX":0,"scrollY":1662.4998779296875,"documentHeight":7728,"viewportHeight":732}}
[2026-09-25T11:31:52.872Z] {"timestamp":1790335912655,"kind":"scroll","url":"http://localhost:3000/","viewport":{"width":1600,"height":732},"payload":{"scrollX":0,"scrollY":2089.16650390625,"documentHeight":7728,"viewportHeight":732}}
[2026-09-25T11:31:54.868Z] {"timestamp":1790335913233,"kind":"scroll","url":"http://localhost:3000/","viewport":{"width":1600,"height":732},"payload":{"scrollX":0,"scrollY":2251.66650390625,"documentHeight":7728,"viewportHeight":732}}
[2026-09-25T11:31:54.868Z] {"timestamp":1790335913916,"kind":"scroll","url":"http://localhost:3000/","viewport":{"width":1600,"height":732},"payload":{"scrollX":0,"scrollY":2626.66650390625,"documentHeight":7728,"viewportHeight":732}}
[2026-09-25T11:31:54.868Z] {"timestamp":1790335914465,"kind":"scroll","url":"http://localhost:3000/","viewport":{"width":1600,"height":732},"payload":{"scrollX":0,"scrollY":2751.66650390625,"documentHeight":7728,"viewportHeight":732}}
[2026-09-25T11:31:56.868Z] {"timestamp":1790335915706,"kind":"scroll","url":"http://localhost:3000/","viewport":{"width":1600,"height":732},"payload":{"scrollX":0,"scrollY":2998.333251953125,"documentHeight":7728,"viewportHeight":732}}
[2026-09-25T11:31:56.868Z] {"timestamp":1790335916466,"kind":"scroll","url":"http://localhost:3000/","viewport":{"width":1600,"height":732},"payload":{"scrollX":0,"scrollY":2748.333251953125,"documentHeight":7728,"viewportHeight":732}}
[2026-09-25T11:31:58.876Z] {"timestamp":1790335916992,"kind":"scroll","url":"http://localhost:3000/","viewport":{"width":1600,"height":732},"payload":{"scrollX":0,"scrollY":2251.66650390625,"documentHeight":7728,"viewportHeight":732}}
[2026-09-25T11:31:58.876Z] {"timestamp":1790335917498,"kind":"scroll","url":"http://localhost:3000/","viewport":{"width":1600,"height":732},"payload":{"scrollX":0,"scrollY":2901.66650390625,"documentHeight":7728,"viewportHeight":732}}
[2026-09-25T11:31:58.876Z] {"timestamp":1790335918004,"kind":"scroll","url":"http://localhost:3000/","viewport":{"width":1600,"height":732},"payload":{"scrollX":0,"scrollY":3178.333251953125,"documentHeight":7728,"viewportHeight":732}}
[2026-09-25T11:31:58.876Z] {"timestamp":1790335918520,"kind":"scroll","url":"http://localhost:3000/","viewport":{"width":1600,"height":732},"payload":{"scrollX":0,"scrollY":3499.16650390625,"documentHeight":7728,"viewportHeight":732}}
[2026-09-25T11:32:00.877Z] {"timestamp":1790335919299,"kind":"scroll","url":"http://localhost:3000/","viewport":{"width":1600,"height":732},"payload":{"scrollX":0,"scrollY":3751.66650390625,"documentHeight":7728,"viewportHeight":732}}
[2026-09-25T11:32:00.877Z] {"timestamp":1790335919799,"kind":"scroll","url":"http://localhost:3000/","viewport":{"width":1600,"height":732},"payload":{"scrollX":0,"scrollY":3924.16650390625,"documentHeight":7728,"viewportHeight":732}}
[2026-09-25T11:32:00.877Z] {"timestamp":1790335920306,"kind":"scroll","url":"http://localhost:3000/","viewport":{"width":1600,"height":732},"payload":{"scrollX":0,"scrollY":4247.5,"documentHeight":7728,"viewportHeight":732}}
[2026-09-25T11:32:00.877Z] {"timestamp":1790335920816,"kind":"scroll","url":"http://localhost:3000/","viewport":{"width":1600,"height":732},"payload":{"scrollX":0,"scrollY":4432.5,"documentHeight":7728,"viewportHeight":732}}
[2026-09-25T11:32:02.870Z] {"timestamp":1790335921899,"kind":"scroll","url":"http://localhost:3000/","viewport":{"width":1600,"height":732},"payload":{"scrollX":0,"scrollY":4501.66650390625,"documentHeight":7728,"viewportHeight":732}}
[2026-09-25T11:32:04.876Z] {"timestamp":1790335923167,"kind":"scroll","url":"http://localhost:3000/","viewport":{"width":1600,"height":732},"payload":{"scrollX":0,"scrollY":4626.66650390625,"documentHeight":7728,"viewportHeight":732}}
[2026-09-25T11:32:04.876Z] {"timestamp":1790335923685,"kind":"scroll","url":"http://localhost:3000/","viewport":{"width":1600,"height":732},"payload":{"scrollX":0,"scrollY":4933.3330078125,"documentHeight":7728,"viewportHeight":732}}
[2026-09-25T11:32:04.876Z] {"timestamp":1790335924208,"kind":"scroll","url":"http://localhost:3000/","viewport":{"width":1600,"height":732},"payload":{"scrollX":0,"scrollY":5328.3330078125,"documentHeight":7728,"viewportHeight":732}}
[2026-09-25T11:32:14.421Z] {"timestamp":1790335925020,"kind":"scroll","url":"http://localhost:3000/","viewport":{"width":1600,"height":732},"payload":{"scrollX":0,"scrollY":5626.66650390625,"documentHeight":7728,"viewportHeight":732}}
[2026-09-25T11:32:14.421Z] {"timestamp":1790335925534,"kind":"scroll","url":"http://localhost:3000/","viewport":{"width":1600,"height":732},"payload":{"scrollX":0,"scrollY":6126.66650390625,"documentHeight":7728,"viewportHeight":732}}
[2026-09-25T11:32:14.421Z] {"timestamp":1790335926049,"kind":"scroll","url":"http://localhost:3000/","viewport":{"width":1600,"height":732},"payload":{"scrollX":0,"scrollY":6413.3330078125,"documentHeight":7728,"viewportHeight":732}}
[2026-09-25T11:32:14.421Z] {"timestamp":1790335926553,"kind":"scroll","url":"http://localhost:3000/","viewport":{"width":1600,"height":732},"payload":{"scrollX":0,"scrollY":6906.66650390625,"documentHeight":7728,"viewportHeight":732}}
[2026-09-25T11:33:49.096Z] {"timestamp":1790336028367,"kind":"scroll","url":"http://localhost:3000/","viewport":{"width":1600,"height":732},"payload":{"scrollX":0,"scrollY":6994.99951171875,"documentHeight":7728,"viewportHeight":732}}
[2026-09-25T11:33:50.864Z] {"timestamp":1790336028868,"kind":"scroll","url":"http://localhost:3000/","viewport":{"width":1600,"height":732},"payload":{"scrollX":0,"scrollY":6130.8330078125,"documentHeight":7728,"viewportHeight":732}}
[2026-09-25T11:33:50.864Z] {"timestamp":1790336029370,"kind":"scroll","url":"http://localhost:3000/","viewport":{"width":1600,"height":732},"payload":{"scrollX":0,"scrollY":5827.5,"documentHeight":7728,"viewportHeight":732}}
[2026-09-25T11:33:50.864Z] {"timestamp":1790336029884,"kind":"scroll","url":"http://localhost:3000/","viewport":{"width":1600,"height":732},"payload":{"scrollX":0,"scrollY":4996.66650390625,"documentHeight":7728,"viewportHeight":732}}
[2026-09-25T11:33:50.864Z] {"timestamp":1790336030399,"kind":"scroll","url":"http://localhost:3000/","viewport":{"width":1600,"height":732},"payload":{"scrollX":0,"scrollY":4488.3330078125,"documentHeight":7728,"viewportHeight":732}}
[2026-09-25T11:33:52.878Z] {"timestamp":1790336031077,"kind":"scroll","url":"http://localhost:3000/","viewport":{"width":1600,"height":732},"payload":{"scrollX":0,"scrollY":4120,"documentHeight":7728,"viewportHeight":732}}
[2026-09-25T11:33:52.878Z] {"timestamp":1790336031587,"kind":"scroll","url":"http://localhost:3000/","viewport":{"width":1600,"height":732},"payload":{"scrollX":0,"scrollY":3474.999755859375,"documentHeight":7728,"viewportHeight":732}}
[2026-09-25T11:34:47.567Z] {"timestamp":1790336085687,"kind":"scroll","url":"http://localhost:3000/","viewport":{"width":1600,"height":732},"payload":{"scrollX":0,"scrollY":2995,"documentHeight":7728,"viewportHeight":732}}
[2026-09-25T11:34:47.567Z] {"timestamp":1790336086187,"kind":"scroll","url":"http://localhost:3000/","viewport":{"width":1600,"height":732},"payload":{"scrollX":0,"scrollY":2375,"documentHeight":7728,"viewportHeight":732}}
[2026-09-25T11:34:48.880Z] {"timestamp":1790336087021,"kind":"scroll","url":"http://localhost:3000/","viewport":{"width":1600,"height":732},"payload":{"scrollX":0,"scrollY":2373.333251953125,"documentHeight":7728,"viewportHeight":732}}
[2026-09-25T11:34:52.874Z] {"timestamp":1790336091535,"kind":"click","url":"http://localhost:3000/","viewport":{"width":1600,"height":732},"payload":{"target":{"tag":"img","id":null,"name":null,"type":null,"role":null,"ariaLabel":null,"testId":null,"dataLoc":"client/src/pages/Home.tsx:320","href":null,"text":"","selectorHint":"[data-loc=\"client/src/pages/Home.tsx:320\"]"},"x":809,"y":197}}
[2026-09-25T11:38:14.859Z] {"timestamp":1790336293163,"kind":"scroll","url":"http://localhost:3000/","viewport":{"width":1600,"height":732},"payload":{"scrollX":0,"scrollY":2495,"documentHeight":7688,"viewportHeight":732}}
[2026-09-25T11:38:14.859Z] {"timestamp":1790336293793,"kind":"scroll","url":"http://localhost:3000/","viewport":{"width":1600,"height":732},"payload":{"scrollX":0,"scrollY":2245,"documentHeight":7688,"viewportHeight":732}}
[2026-09-25T11:38:14.859Z] {"timestamp":1790336294303,"kind":"scroll","url":"http://localhost:3000/","viewport":{"width":1600,"height":732},"payload":{"scrollX":0,"scrollY":1928.333251953125,"documentHeight":7688,"viewportHeight":732}}
[2026-09-25T11:38:16.864Z] {"timestamp":1790336294953,"kind":"scroll","url":"http://localhost:3000/","viewport":{"width":1600,"height":732},"payload":{"scrollX":0,"scrollY":2370,"documentHeight":7688,"viewportHeight":732}}
[2026-09-25T11:38:20.744Z] {"timestamp":1790336299329,"kind":"scroll","url":"http://localhost:3000/","viewport":{"width":1600,"height":732},"payload":{"scrollX":0,"scrollY":1496.6666259765625,"documentHeight":7332,"viewportHeight":732}}
[2026-09-25T11:38:22.756Z] {"timestamp":1790336301117,"kind":"scroll","url":"http://localhost:3000/","viewport":{"width":1600,"height":732},"payload":{"scrollX":0,"scrollY":1494.1666259765625,"documentHeight":7688,"viewportHeight":732}}
[2026-09-25T11:38:22.756Z] {"timestamp":1790336301639,"kind":"scroll","url":"http://localhost:3000/","viewport":{"width":1600,"height":732},"payload":{"scrollX":0,"scrollY":470.83331298828125,"documentHeight":7688,"viewportHeight":732}}
[2026-09-25T11:38:31.106Z] {"timestamp":1790336309291,"kind":"scroll","url":"http://localhost:3000/","viewport":{"width":1600,"height":900},"payload":{"scrollX":0,"scrollY":1.6666666269302368,"documentHeight":7857,"viewportHeight":900}}
[2026-09-25T11:38:31.106Z] {"timestamp":1790336310439,"kind":"scroll","url":"http://localhost:3000/","viewport":{"width":1600,"height":900},"payload":{"scrollX":0,"scrollY":376.6666564941406,"documentHeight":7857,"viewportHeight":900}}
[2026-09-25T11:38:32.742Z] {"timestamp":1790336310943,"kind":"scroll","url":"http://localhost:3000/","viewport":{"width":1600,"height":900},"payload":{"scrollX":0,"scrollY":601.6666259765625,"documentHeight":7857,"viewportHeight":900}}
[2026-09-25T11:38:36.733Z] {"timestamp":1790336316307,"kind":"scroll","url":"http://localhost:3000/","viewport":{"width":1600,"height":900},"payload":{"scrollX":0,"scrollY":876.6666259765625,"documentHeight":7857,"viewportHeight":900}}
[2026-09-25T11:38:38.743Z] {"timestamp":1790336316882,"kind":"scroll","url":"http://localhost:3000/","viewport":{"width":1600,"height":900},"payload":{"scrollX":0,"scrollY":1251.6666259765625,"documentHeight":7857,"viewportHeight":900}}
[2026-09-25T11:38:38.743Z] {"timestamp":1790336317424,"kind":"scroll","url":"http://localhost:3000/","viewport":{"width":1600,"height":900},"payload":{"scrollX":0,"scrollY":1626.6666259765625,"documentHeight":7857,"viewportHeight":900}}
[2026-09-25T11:38:38.743Z] {"timestamp":1790336318340,"kind":"scroll","url":"http://localhost:3000/","viewport":{"width":1600,"height":900},"payload":{"scrollX":0,"scrollY":1876.6666259765625,"documentHeight":7857,"viewportHeight":900}}
[2026-09-25T11:38:40.749Z] {"timestamp":1790336319675,"kind":"scroll","url":"http://localhost:3000/","viewport":{"width":1600,"height":900},"payload":{"scrollX":0,"scrollY":2126.66650390625,"documentHeight":7857,"viewportHeight":900}}
[2026-09-25T11:38:42.735Z] {"timestamp":1790336320758,"kind":"scroll","url":"http://localhost:3000/","viewport":{"width":1600,"height":900},"payload":{"scrollX":0,"scrollY":2248.333251953125,"documentHeight":7857,"viewportHeight":900}}
[2026-09-25T11:38:46.736Z] {"timestamp":1790336326624,"kind":"scroll","url":"http://localhost:3000/","viewport":{"width":1600,"height":900},"payload":{"scrollX":0,"scrollY":2126.66650390625,"documentHeight":7857,"viewportHeight":900}}
[2026-09-25T11:38:48.735Z] {"timestamp":1790336327208,"kind":"scroll","url":"http://localhost:3000/","viewport":{"width":1600,"height":900},"payload":{"scrollX":0,"scrollY":2501.66650390625,"documentHeight":7857,"viewportHeight":900}}
[2026-09-25T11:38:48.735Z] {"timestamp":1790336327707,"kind":"scroll","url":"http://localhost:3000/","viewport":{"width":1600,"height":900},"payload":{"scrollX":0,"scrollY":2810.833251953125,"documentHeight":7857,"viewportHeight":900}}
[2026-09-25T11:38:48.735Z] {"timestamp":1790336328222,"kind":"click","url":"http://localhost:3000/","viewport":{"width":1600,"height":900},"payload":{"target":{"tag":"img","id":null,"name":null,"type":null,"role":null,"ariaLabel":null,"testId":null,"dataLoc":"client/src/pages/Home.tsx:379","href":null,"text":"","selectorHint":"[data-loc=\"client/src/pages/Home.tsx:379\"]"},"x":803,"y":520}}
[2026-09-25T11:39:06.887Z] {"timestamp":1790336345493,"kind":"scroll","url":"http://localhost:3000/","viewport":{"width":1600,"height":900},"payload":{"scrollX":0,"scrollY":2876.66650390625,"documentHeight":7857,"viewportHeight":900}}
[2026-09-25T11:39:06.887Z] {"timestamp":1790336346006,"kind":"scroll","url":"http://localhost:3000/","viewport":{"width":1600,"height":900},"payload":{"scrollX":0,"scrollY":3344.999755859375,"documentHeight":7857,"viewportHeight":900}}
[2026-09-25T11:39:08.742Z] {"timestamp":1790336346729,"kind":"scroll","url":"http://localhost:3000/","viewport":{"width":1600,"height":900},"payload":{"scrollX":0,"scrollY":3501.66650390625,"documentHeight":7857,"viewportHeight":900}}
[2026-09-25T11:39:08.742Z] {"timestamp":1790336348307,"kind":"scroll","url":"http://localhost:3000/","viewport":{"width":1600,"height":900},"payload":{"scrollX":0,"scrollY":3623.333251953125,"documentHeight":7857,"viewportHeight":900}}
[2026-09-25T11:39:10.746Z] {"timestamp":1790336348823,"kind":"scroll","url":"http://localhost:3000/","viewport":{"width":1600,"height":900},"payload":{"scrollX":0,"scrollY":3009.16650390625,"documentHeight":7857,"viewportHeight":900}}
[2026-09-25T11:39:10.746Z] {"timestamp":1790336349515,"kind":"scroll","url":"http://localhost:3000/","viewport":{"width":1600,"height":900},"payload":{"scrollX":0,"scrollY":3376.66650390625,"documentHeight":7857,"viewportHeight":900}}
[2026-09-25T11:39:10.746Z] {"timestamp":1790336350291,"kind":"scroll","url":"http://localhost:3000/","viewport":{"width":1600,"height":900},"payload":{"scrollX":0,"scrollY":3501.66650390625,"documentHeight":7857,"viewportHeight":900}}
[2026-09-25T11:39:12.750Z] {"timestamp":1790336350791,"kind":"scroll","url":"http://localhost:3000/","viewport":{"width":1600,"height":900},"payload":{"scrollX":0,"scrollY":4117.5,"documentHeight":7857,"viewportHeight":900}}
[2026-09-25T11:39:12.750Z] {"timestamp":1790336351526,"kind":"click","url":"http://localhost:3000/","viewport":{"width":1600,"height":900},"payload":{"target":{"tag":"img","id":null,"name":null,"type":null,"role":null,"ariaLabel":null,"testId":null,"dataLoc":"client/src/pages/Home.tsx:540","href":null,"text":"","selectorHint":"[data-loc=\"client/src/pages/Home.tsx:540\"]"},"x":799,"y":557}}
[2026-09-25T11:39:12.750Z] {"timestamp":1790336352357,"kind":"scroll","url":"http://localhost:3000/","viewport":{"width":1600,"height":900},"payload":{"scrollX":0,"scrollY":4126.66650390625,"documentHeight":7857,"viewportHeight":900}}
[2026-09-25T11:39:14.739Z] {"timestamp":1790336352955,"kind":"scroll","url":"http://localhost:3000/","viewport":{"width":1600,"height":900},"payload":{"scrollX":0,"scrollY":4501.66650390625,"documentHeight":7857,"viewportHeight":900}}
[2026-09-25T11:39:14.739Z] {"timestamp":1790336353664,"kind":"scroll","url":"http://localhost:3000/","viewport":{"width":1600,"height":900},"payload":{"scrollX":0,"scrollY":4876.66650390625,"documentHeight":7857,"viewportHeight":900}}
[2026-09-25T11:39:14.739Z] {"timestamp":1790336354174,"kind":"scroll","url":"http://localhost:3000/","viewport":{"width":1600,"height":900},"payload":{"scrollX":0,"scrollY":4842.5,"documentHeight":7857,"viewportHeight":900}}
[2026-09-25T11:39:16.742Z] {"timestamp":1790336354708,"kind":"scroll","url":"http://localhost:3000/","viewport":{"width":1600,"height":900},"payload":{"scrollX":0,"scrollY":4373.3330078125,"documentHeight":7857,"viewportHeight":900}}
[2026-09-25T11:39:16.742Z] {"timestamp":1790336355282,"kind":"scroll","url":"http://localhost:3000/","viewport":{"width":1600,"height":900},"payload":{"scrollX":0,"scrollY":3748.333251953125,"documentHeight":7857,"viewportHeight":900}}
[2026-09-25T11:39:16.742Z] {"timestamp":1790336355790,"kind":"scroll","url":"http://localhost:3000/","viewport":{"width":1600,"height":900},"payload":{"scrollX":0,"scrollY":3155.833251953125,"documentHeight":7857,"viewportHeight":900}}
[2026-09-25T11:39:16.742Z] {"timestamp":1790336356322,"kind":"scroll","url":"http://localhost:3000/","viewport":{"width":1600,"height":900},"payload":{"scrollX":0,"scrollY":2603.333251953125,"documentHeight":7857,"viewportHeight":900}}
[2026-09-25T11:39:18.756Z] {"timestamp":1790336356849,"kind":"scroll","url":"http://localhost:3000/","viewport":{"width":1600,"height":900},"payload":{"scrollX":0,"scrollY":2122.5,"documentHeight":7857,"viewportHeight":900}}
[2026-09-25T11:39:18.756Z] {"timestamp":1790336357382,"kind":"scroll","url":"http://localhost:3000/","viewport":{"width":1600,"height":900},"payload":{"scrollX":0,"scrollY":1498.333251953125,"documentHeight":7857,"viewportHeight":900}}
[2026-09-25T11:39:18.756Z] {"timestamp":1790336357934,"kind":"scroll","url":"http://localhost:3000/","viewport":{"width":1600,"height":900},"payload":{"scrollX":0,"scrollY":623.3333129882812,"documentHeight":7857,"viewportHeight":900}}
[2026-09-25T11:39:20.736Z] {"timestamp":1790336359240,"kind":"keydown","url":"http://localhost:3000/","viewport":{"width":1600,"height":900},"payload":{"key":"[REDACTED]","target":{"tag":"body","id":null,"name":null,"type":null,"role":null,"ariaLabel":null,"testId":null,"dataLoc":null,"href":null,"text":"PROJECT NEXUS / HYPERA LOGÍSTICA / INTELLIGENCE / PROJECT NEXUS / HYPERA LOGÍSTI…","selectorHint":"body"}}}
[2026-09-25T12:22:37.178Z] {"timestamp":1790338433689,"kind":"scroll","url":"http://localhost:3000/","viewport":{"width":1600,"height":732},"payload":{"scrollX":0,"scrollY":1.6666666269302368,"documentHeight":7688,"viewportHeight":732}}
[2026-09-25T12:26:47.770Z] {"timestamp":1790339206135,"kind":"scroll","url":"http://127.0.0.1:3000/","viewport":{"width":1272,"height":588},"payload":{"scrollX":0,"scrollY":1.3333333730697632,"documentHeight":7163,"viewportHeight":588}}
[2026-09-25T12:26:47.770Z] {"timestamp":1790339206635,"kind":"scroll","url":"http://127.0.0.1:3000/","viewport":{"width":1272,"height":588},"payload":{"scrollX":0,"scrollY":312.6666564941406,"documentHeight":7163,"viewportHeight":588}}
[2026-09-25T12:26:47.770Z] {"timestamp":1790339207686,"kind":"scroll","url":"http://127.0.0.1:3000/","viewport":{"width":1272,"height":588},"payload":{"scrollX":0,"scrollY":501.3333435058594,"documentHeight":7163,"viewportHeight":588}}
[2026-09-25T12:27:05.921Z] {"timestamp":1790339224586,"kind":"scroll","url":"http://127.0.0.1:3000/","viewport":{"width":1272,"height":588},"payload":{"scrollX":0,"scrollY":801.3333129882812,"documentHeight":7163,"viewportHeight":588}}
[2026-09-25T12:27:05.921Z] {"timestamp":1790339225151,"kind":"scroll","url":"http://127.0.0.1:3000/","viewport":{"width":1272,"height":588},"payload":{"scrollX":0,"scrollY":1300,"documentHeight":7163,"viewportHeight":588}}
[2026-09-25T12:27:07.762Z] {"timestamp":1790339226002,"kind":"scroll","url":"http://127.0.0.1:3000/","viewport":{"width":1272,"height":588},"payload":{"scrollX":0,"scrollY":1598.6666259765625,"documentHeight":7163,"viewportHeight":588}}
[2026-09-25T12:27:19.921Z] {"timestamp":1790339237951,"kind":"scroll","url":"http://127.0.0.1:3000/","viewport":{"width":1272,"height":588},"payload":{"scrollX":0,"scrollY":1301.3333740234375,"documentHeight":7163,"viewportHeight":588}}
[2026-09-25T12:27:21.765Z] {"timestamp":1790339239819,"kind":"scroll","url":"http://127.0.0.1:3000/","viewport":{"width":1272,"height":588},"payload":{"scrollX":0,"scrollY":1501.3333740234375,"documentHeight":7163,"viewportHeight":588}}
[2026-09-25T12:27:21.765Z] {"timestamp":1790339240335,"kind":"scroll","url":"http://127.0.0.1:3000/","viewport":{"width":1272,"height":588},"payload":{"scrollX":0,"scrollY":1656.6666259765625,"documentHeight":7163,"viewportHeight":588}}
[2026-09-25T12:27:21.765Z] {"timestamp":1790339241619,"kind":"scroll","url":"http://127.0.0.1:3000/","viewport":{"width":1272,"height":588},"payload":{"scrollX":0,"scrollY":1801.3333740234375,"documentHeight":7163,"viewportHeight":588}}
[2026-09-25T12:27:25.768Z] {"timestamp":1790339244669,"kind":"scroll","url":"http://127.0.0.1:3000/","viewport":{"width":1272,"height":588},"payload":{"scrollX":0,"scrollY":2101.333251953125,"documentHeight":7163,"viewportHeight":588}}
[2026-09-25T12:27:25.768Z] {"timestamp":1790339245170,"kind":"scroll","url":"http://127.0.0.1:3000/","viewport":{"width":1272,"height":588},"payload":{"scrollX":0,"scrollY":2510.666748046875,"documentHeight":7163,"viewportHeight":588}}
[2026-09-25T12:27:27.763Z] {"timestamp":1790339246024,"kind":"click","url":"http://127.0.0.1:3000/","viewport":{"width":1272,"height":588},"payload":{"target":{"tag":"img","id":null,"name":null,"type":null,"role":null,"ariaLabel":null,"testId":null,"dataLoc":"client/src/pages/Home.tsx:377","href":null,"text":"","selectorHint":"[data-loc=\"client/src/pages/Home.tsx:377\"]"},"x":605,"y":283}}
[2026-09-25T12:27:29.759Z] {"timestamp":1790339247738,"kind":"click","url":"http://127.0.0.1:3000/","viewport":{"width":1272,"height":588},"payload":{"target":{"tag":"div","id":null,"name":null,"type":null,"role":null,"ariaLabel":null,"testId":null,"dataLoc":"client/src/pages/Home.tsx:412","href":null,"text":"Status 100% Automático[cite: 1]","selectorHint":"[data-loc=\"client/src/pages/Home.tsx:412\"]"},"x":605,"y":283}}
[2026-09-25T12:27:29.759Z] {"timestamp":1790339248985,"kind":"scroll","url":"http://127.0.0.1:3000/","viewport":{"width":1272,"height":588},"payload":{"scrollX":0,"scrollY":2601.333251953125,"documentHeight":7163,"viewportHeight":588}}
[2026-09-25T12:27:29.759Z] {"timestamp":1790339249512,"kind":"scroll","url":"http://127.0.0.1:3000/","viewport":{"width":1272,"height":588},"payload":{"scrollX":0,"scrollY":2901.333251953125,"documentHeight":7163,"viewportHeight":588}}
[2026-09-25T12:27:31.759Z] {"timestamp":1790339250013,"kind":"scroll","url":"http://127.0.0.1:3000/","viewport":{"width":1272,"height":588},"payload":{"scrollX":0,"scrollY":3201.333251953125,"documentHeight":7163,"viewportHeight":588}}
[2026-09-25T12:27:31.759Z] {"timestamp":1790339250935,"kind":"scroll","url":"http://127.0.0.1:3000/","viewport":{"width":1272,"height":588},"payload":{"scrollX":0,"scrollY":3401.333251953125,"documentHeight":7163,"viewportHeight":588}}
[2026-09-25T12:27:31.759Z] {"timestamp":1790339251451,"kind":"scroll","url":"http://127.0.0.1:3000/","viewport":{"width":1272,"height":588},"payload":{"scrollX":0,"scrollY":3606.666748046875,"documentHeight":7163,"viewportHeight":588}}
[2026-09-25T12:27:33.765Z] {"timestamp":1790339252539,"kind":"click","url":"http://127.0.0.1:3000/","viewport":{"width":1272,"height":588},"payload":{"target":{"tag":"img","id":null,"name":null,"type":null,"role":null,"ariaLabel":null,"testId":null,"dataLoc":"client/src/pages/Home.tsx:533","href":null,"text":"","selectorHint":"[data-loc=\"client/src/pages/Home.tsx:533\"]"},"x":605,"y":282}}
[2026-09-25T12:27:35.766Z] {"timestamp":1790339254123,"kind":"click","url":"http://127.0.0.1:3000/","viewport":{"width":1272,"height":588},"payload":{"target":{"tag":"span","id":null,"name":null,"type":null,"role":null,"ariaLabel":null,"testId":null,"dataLoc":"client/src/pages/Home.tsx:575","href":null,"text":"Visão Cajamar: Ocupação do galpão, shelf life e cobertura de estoque[cite: 1].","selectorHint":"[data-loc=\"client/src/pages/Home.tsx:575\"]"},"x":605,"y":282}}
[2026-09-25T12:27:35.766Z] {"timestamp":1790339254820,"kind":"scroll","url":"http://127.0.0.1:3000/","viewport":{"width":1272,"height":588},"payload":{"scrollX":0,"scrollY":3898.666748046875,"documentHeight":7163,"viewportHeight":588}}
[2026-09-25T12:27:35.766Z] {"timestamp":1790339255335,"kind":"scroll","url":"http://127.0.0.1:3000/","viewport":{"width":1272,"height":588},"payload":{"scrollX":0,"scrollY":3584,"documentHeight":7163,"viewportHeight":588}}
[2026-09-25T12:27:37.784Z] {"timestamp":1790339256211,"kind":"click","url":"http://127.0.0.1:3000/","viewport":{"width":1272,"height":588},"payload":{"target":{"tag":"p","id":null,"name":null,"type":null,"role":null,"ariaLabel":null,"testId":null,"dataLoc":"client/src/pages/Home.tsx:469","href":null,"text":"Separação precisa do status de todos os centros: Livre, Quarentena, Restrito ou …","selectorHint":"[data-loc=\"client/src/pages/Home.tsx:469\"]"},"x":194,"y":212}}
[2026-09-25T12:27:37.784Z] {"timestamp":1790339256785,"kind":"scroll","url":"http://127.0.0.1:3000/","viewport":{"width":1272,"height":588},"payload":{"scrollX":0,"scrollY":3501.333251953125,"documentHeight":7163,"viewportHeight":588}}
[2026-09-25T12:27:37.784Z] {"timestamp":1790339257312,"kind":"scroll","url":"http://127.0.0.1:3000/","viewport":{"width":1272,"height":588},"payload":{"scrollX":0,"scrollY":4101.33349609375,"documentHeight":7163,"viewportHeight":588}}
[2026-09-25T12:27:41.765Z] {"timestamp":1790339259803,"kind":"scroll","url":"http://127.0.0.1:3000/","viewport":{"width":1272,"height":588},"payload":{"scrollX":0,"scrollY":4501.33349609375,"documentHeight":7163,"viewportHeight":588}}
[2026-09-25T12:27:41.765Z] {"timestamp":1790339260318,"kind":"scroll","url":"http://127.0.0.1:3000/","viewport":{"width":1272,"height":588},"payload":{"scrollX":0,"scrollY":5265.33349609375,"documentHeight":7163,"viewportHeight":588}}
[2026-09-25T12:27:43.761Z] {"timestamp":1790339262236,"kind":"scroll","url":"http://127.0.0.1:3000/","viewport":{"width":1272,"height":588},"payload":{"scrollX":0,"scrollY":5298.66650390625,"documentHeight":7163,"viewportHeight":588}}
[2026-09-25T12:27:45.764Z] {"timestamp":1790339265321,"kind":"scroll","url":"http://127.0.0.1:3000/","viewport":{"width":1272,"height":588},"payload":{"scrollX":0,"scrollY":5201.33349609375,"documentHeight":7163,"viewportHeight":588}}
[2026-09-25T12:27:47.762Z] {"timestamp":1790339265831,"kind":"scroll","url":"http://127.0.0.1:3000/","viewport":{"width":1272,"height":588},"payload":{"scrollX":0,"scrollY":5515.33349609375,"documentHeight":7163,"viewportHeight":588}}
[2026-09-25T12:27:47.762Z] {"timestamp":1790339266345,"kind":"scroll","url":"http://127.0.0.1:3000/","viewport":{"width":1272,"height":588},"payload":{"scrollX":0,"scrollY":6055.33349609375,"documentHeight":7163,"viewportHeight":588}}
[2026-09-25T12:27:47.762Z] {"timestamp":1790339266852,"kind":"scroll","url":"http://127.0.0.1:3000/","viewport":{"width":1272,"height":588},"payload":{"scrollX":0,"scrollY":6574,"documentHeight":7163,"viewportHeight":588}}
[2026-09-25T12:27:47.762Z] {"timestamp":1790339267546,"kind":"scroll","url":"http://127.0.0.1:3000/","viewport":{"width":1272,"height":588},"payload":{"scrollX":0,"scrollY":6574,"documentHeight":7163,"viewportHeight":588}}
[2026-09-25T12:27:49.769Z] {"timestamp":1790339268163,"kind":"scroll","url":"http://127.0.0.1:3000/","viewport":{"width":1272,"height":588},"payload":{"scrollX":0,"scrollY":5674,"documentHeight":7163,"viewportHeight":588}}
[2026-09-25T12:27:49.769Z] {"timestamp":1790339268668,"kind":"scroll","url":"http://127.0.0.1:3000/","viewport":{"width":1272,"height":588},"payload":{"scrollX":0,"scrollY":4819.33349609375,"documentHeight":7163,"viewportHeight":588}}
[2026-09-25T12:27:49.769Z] {"timestamp":1790339269180,"kind":"scroll","url":"http://127.0.0.1:3000/","viewport":{"width":1272,"height":588},"payload":{"scrollX":0,"scrollY":4474,"documentHeight":7163,"viewportHeight":588}}
[2026-09-25T12:27:49.769Z] {"timestamp":1790339269687,"kind":"scroll","url":"http://127.0.0.1:3000/","viewport":{"width":1272,"height":588},"payload":{"scrollX":0,"scrollY":3575.333251953125,"documentHeight":7163,"viewportHeight":588}}
[2026-09-25T12:27:51.813Z] {"timestamp":1790339271036,"kind":"scroll","url":"http://127.0.0.1:3000/","viewport":{"width":1272,"height":588},"payload":{"scrollX":0,"scrollY":3174,"documentHeight":7163,"viewportHeight":588}}
[2026-09-25T12:27:51.813Z] {"timestamp":1790339271713,"kind":"scroll","url":"http://127.0.0.1:3000/","viewport":{"width":1272,"height":588},"payload":{"scrollX":0,"scrollY":2774,"documentHeight":7163,"viewportHeight":588}}
[2026-09-25T12:27:53.773Z] {"timestamp":1790339272228,"kind":"scroll","url":"http://127.0.0.1:3000/","viewport":{"width":1272,"height":588},"payload":{"scrollX":0,"scrollY":2080.666748046875,"documentHeight":7163,"viewportHeight":588}}
[2026-09-25T12:27:53.773Z] {"timestamp":1790339273385,"kind":"scroll","url":"http://127.0.0.1:3000/","viewport":{"width":1272,"height":588},"payload":{"scrollX":0,"scrollY":2074,"documentHeight":7163,"viewportHeight":588}}
[2026-09-25T12:27:55.762Z] {"timestamp":1790339275270,"kind":"scroll","url":"http://127.0.0.1:3000/","viewport":{"width":1272,"height":588},"payload":{"scrollX":0,"scrollY":1974,"documentHeight":7163,"viewportHeight":588}}
[2026-09-25T12:27:57.770Z] {"timestamp":1790339275785,"kind":"scroll","url":"http://127.0.0.1:3000/","viewport":{"width":1272,"height":588},"payload":{"scrollX":0,"scrollY":1496.6666259765625,"documentHeight":7163,"viewportHeight":588}}
[2026-09-25T12:27:57.770Z] {"timestamp":1790339277385,"kind":"scroll","url":"http://127.0.0.1:3000/","viewport":{"width":1272,"height":588},"payload":{"scrollX":0,"scrollY":1374,"documentHeight":7163,"viewportHeight":588}}
[2026-09-25T12:27:59.762Z] {"timestamp":1790339277952,"kind":"scroll","url":"http://127.0.0.1:3000/","viewport":{"width":1272,"height":588},"payload":{"scrollX":0,"scrollY":1174,"documentHeight":7163,"viewportHeight":588}}
[2026-09-25T12:27:59.762Z] {"timestamp":1790339278454,"kind":"scroll","url":"http://127.0.0.1:3000/","viewport":{"width":1272,"height":588},"payload":{"scrollX":0,"scrollY":813.3333129882812,"documentHeight":7163,"viewportHeight":588}}
[2026-09-25T12:28:01.797Z] {"timestamp":1790339280636,"kind":"scroll","url":"http://127.0.0.1:3000/","viewport":{"width":1272,"height":588},"payload":{"scrollX":0,"scrollY":774,"documentHeight":7163,"viewportHeight":588}}
[2026-09-25T12:28:01.797Z] {"timestamp":1790339281203,"kind":"scroll","url":"http://127.0.0.1:3000/","viewport":{"width":1272,"height":588},"payload":{"scrollX":0,"scrollY":674,"documentHeight":7163,"viewportHeight":588}}
[2026-09-25T12:28:01.797Z] {"timestamp":1790339281716,"kind":"scroll","url":"http://127.0.0.1:3000/","viewport":{"width":1272,"height":588},"payload":{"scrollX":0,"scrollY":274,"documentHeight":7163,"viewportHeight":588}}
[2026-09-25T12:28:05.763Z] {"timestamp":1790339283981,"kind":"scroll","url":"http://127.0.0.1:3000/","viewport":{"width":1272,"height":588},"payload":{"scrollX":0,"scrollY":1.3333333730697632,"documentHeight":7163,"viewportHeight":588}}
[2026-09-25T12:28:05.763Z] {"timestamp":1790339284492,"kind":"scroll","url":"http://127.0.0.1:3000/","viewport":{"width":1272,"height":588},"payload":{"scrollX":0,"scrollY":542,"documentHeight":7163,"viewportHeight":588}}
[2026-09-25T12:30:10.307Z] {"timestamp":1790339404317,"kind":"scroll","url":"http://localhost:3000/","viewport":{"width":1600,"height":732},"payload":{"scrollX":0,"scrollY":375,"documentHeight":7368,"viewportHeight":732}}
[2026-09-25T12:35:29.588Z] {"timestamp":1790339728457,"kind":"scroll","url":"http://localhost:3000/","viewport":{"width":1600,"height":732},"payload":{"scrollX":0,"scrollY":381.6666564941406,"documentHeight":7724,"viewportHeight":732}}
[2026-09-25T12:35:29.588Z] {"timestamp":1790339728958,"kind":"scroll","url":"http://localhost:3000/","viewport":{"width":1600,"height":732},"payload":{"scrollX":0,"scrollY":1251.6666259765625,"documentHeight":7724,"viewportHeight":732}}
[2026-09-25T12:35:31.424Z] {"timestamp":1790339729557,"kind":"scroll","url":"http://localhost:3000/","viewport":{"width":1600,"height":732},"payload":{"scrollX":0,"scrollY":2001.6666259765625,"documentHeight":7724,"viewportHeight":732}}
[2026-09-25T12:35:31.424Z] {"timestamp":1790339730346,"kind":"scroll","url":"http://localhost:3000/","viewport":{"width":1600,"height":732},"payload":{"scrollX":0,"scrollY":2873.333251953125,"documentHeight":7724,"viewportHeight":732}}
[2026-09-25T12:42:31.400Z] {"timestamp":1790340149504,"kind":"scroll","url":"http://localhost:3000/","viewport":{"width":1600,"height":732},"payload":{"scrollX":0,"scrollY":2238.333251953125,"documentHeight":7836,"viewportHeight":732}}
[2026-09-25T12:42:31.567Z] {"timestamp":1790340149504,"kind":"scroll","url":"http://localhost:3000/","viewport":{"width":1600,"height":732},"payload":{"scrollX":0,"scrollY":2238.333251953125,"documentHeight":7836,"viewportHeight":732}}
[2026-09-25T12:42:34.786Z] {"timestamp":1790340153432,"kind":"scroll","url":"http://localhost:3000/","viewport":{"width":1600,"height":732},"payload":{"scrollX":0,"scrollY":2238.333251953125,"documentHeight":7479,"viewportHeight":732}}
[2026-09-25T12:42:34.786Z] {"timestamp":1790340154032,"kind":"scroll","url":"http://localhost:3000/","viewport":{"width":1600,"height":732},"payload":{"scrollX":0,"scrollY":1732.4998779296875,"documentHeight":7836,"viewportHeight":732}}
[2026-09-25T12:42:34.786Z] {"timestamp":1790340154551,"kind":"scroll","url":"http://localhost:3000/","viewport":{"width":1600,"height":732},"payload":{"scrollX":0,"scrollY":611.6666259765625,"documentHeight":7836,"viewportHeight":732}}
[2026-09-25T12:42:40.742Z] {"timestamp":1790340159837,"kind":"scroll","url":"http://localhost:3000/","viewport":{"width":1600,"height":900},"payload":{"scrollX":0,"scrollY":1.6666666269302368,"documentHeight":8004,"viewportHeight":900}}
[2026-09-25T12:42:40.742Z] {"timestamp":1790340160466,"kind":"scroll","url":"http://localhost:3000/","viewport":{"width":1600,"height":900},"payload":{"scrollX":0,"scrollY":501.6666564941406,"documentHeight":8004,"viewportHeight":900}}
[2026-09-25T12:42:42.736Z] {"timestamp":1790340161004,"kind":"scroll","url":"http://localhost:3000/","viewport":{"width":1600,"height":900},"payload":{"scrollX":0,"scrollY":751.6666259765625,"documentHeight":8004,"viewportHeight":900}}
[2026-09-25T12:42:42.736Z] {"timestamp":1790340161520,"kind":"scroll","url":"http://localhost:3000/","viewport":{"width":1600,"height":900},"payload":{"scrollX":0,"scrollY":1190,"documentHeight":8004,"viewportHeight":900}}
[2026-09-25T12:42:44.741Z] {"timestamp":1790340162921,"kind":"scroll","url":"http://localhost:3000/","viewport":{"width":1600,"height":900},"payload":{"scrollX":0,"scrollY":1626.6666259765625,"documentHeight":8004,"viewportHeight":900}}
[2026-09-25T12:42:44.741Z] {"timestamp":1790340163871,"kind":"scroll","url":"http://localhost:3000/","viewport":{"width":1600,"height":900},"payload":{"scrollX":0,"scrollY":1876.6666259765625,"documentHeight":8004,"viewportHeight":900}}
[2026-09-25T12:42:44.741Z] {"timestamp":1790340164371,"kind":"scroll","url":"http://localhost:3000/","viewport":{"width":1600,"height":900},"payload":{"scrollX":0,"scrollY":2095,"documentHeight":8004,"viewportHeight":900}}
[2026-09-25T12:44:30.938Z] {"timestamp":1790340269224,"kind":"scroll","url":"http://localhost:3000/","viewport":{"width":1600,"height":900},"payload":{"scrollX":0,"scrollY":2251.66650390625,"documentHeight":8004,"viewportHeight":900}}
[2026-09-25T12:44:30.938Z] {"timestamp":1790340270478,"kind":"click","url":"http://localhost:3000/","viewport":{"width":1600,"height":900},"payload":{"target":{"tag":"img","id":null,"name":null,"type":null,"role":null,"ariaLabel":null,"testId":null,"dataLoc":"client/src/pages/Home.tsx:382","href":null,"text":"","selectorHint":"[data-loc=\"client/src/pages/Home.tsx:382\"]"},"x":1156,"y":550}}
[2026-09-25T12:44:32.745Z] {"timestamp":1790340271356,"kind":"scroll","url":"http://localhost:3000/","viewport":{"width":1600,"height":900},"payload":{"scrollX":0,"scrollY":2876.66650390625,"documentHeight":8004,"viewportHeight":900}}
[2026-09-25T12:46:52.894Z] {"timestamp":1790340412342,"kind":"click","url":"http://localhost:3000/","viewport":{"width":1600,"height":900},"payload":{"target":{"tag":"article","id":null,"name":null,"type":null,"role":null,"ariaLabel":null,"testId":null,"dataLoc":"client/src/pages/Home.tsx:393","href":null,"text":"OPERAÇÃO & VISIBILIDADE NXS / 01 Painel Intercompany LEITURA PRINCIPAL Antecipar…","selectorHint":"[data-loc=\"client/src/pages/Home.tsx:393\"]"},"x":1188,"y":463}}
[2026-09-25T12:47:52.889Z] {"timestamp":1790340470838,"kind":"click","url":"http://localhost:3000/","viewport":{"width":1600,"height":900},"payload":{"target":{"tag":"img","id":null,"name":null,"type":null,"role":null,"ariaLabel":null,"testId":null,"dataLoc":"client/src/pages/Home.tsx:382","href":null,"text":"","selectorHint":"[data-loc=\"client/src/pages/Home.tsx:382\"]"},"x":821,"y":400}}
[2026-09-25T12:47:54.737Z] {"timestamp":1790340472877,"kind":"scroll","url":"http://localhost:3000/","viewport":{"width":1600,"height":900},"payload":{"scrollX":0,"scrollY":2998.333251953125,"documentHeight":8004,"viewportHeight":900}}
[2026-09-25T12:47:56.744Z] {"timestamp":1790340474878,"kind":"scroll","url":"http://localhost:3000/","viewport":{"width":1600,"height":900},"payload":{"scrollX":0,"scrollY":2751.66650390625,"documentHeight":8004,"viewportHeight":900}}
[2026-09-25T12:47:56.744Z] {"timestamp":1790340475543,"kind":"scroll","url":"http://localhost:3000/","viewport":{"width":1600,"height":900},"payload":{"scrollX":0,"scrollY":3251.66650390625,"documentHeight":8004,"viewportHeight":900}}
[2026-09-25T12:48:00.729Z] {"timestamp":1790340480377,"kind":"scroll","url":"http://localhost:3000/","viewport":{"width":1600,"height":900},"payload":{"scrollX":0,"scrollY":3626.66650390625,"documentHeight":8004,"viewportHeight":900}}
[2026-09-25T12:50:46.879Z] {"timestamp":1790340646263,"kind":"scroll","url":"http://localhost:3000/","viewport":{"width":1600,"height":900},"payload":{"scrollX":0,"scrollY":3751.66650390625,"documentHeight":8004,"viewportHeight":900}}
[2026-09-25T12:50:48.721Z] {"timestamp":1790340647646,"kind":"scroll","url":"http://localhost:3000/","viewport":{"width":1600,"height":900},"payload":{"scrollX":0,"scrollY":3876.66650390625,"documentHeight":8004,"viewportHeight":900}}
[2026-09-25T12:50:48.721Z] {"timestamp":1790340648597,"kind":"scroll","url":"http://localhost:3000/","viewport":{"width":1600,"height":900},"payload":{"scrollX":0,"scrollY":4500,"documentHeight":8004,"viewportHeight":900}}
[2026-09-25T12:50:50.737Z] {"timestamp":1790340649238,"kind":"click","url":"http://localhost:3000/","viewport":{"width":1600,"height":900},"payload":{"target":{"tag":"img","id":null,"name":null,"type":null,"role":null,"ariaLabel":null,"testId":null,"dataLoc":"client/src/pages/Home.tsx:544","href":null,"text":"","selectorHint":"[data-loc=\"client/src/pages/Home.tsx:544\"]"},"x":1016,"y":503}}
[2026-09-25T12:52:48.880Z] {"timestamp":1790340767238,"kind":"click","url":"http://localhost:3000/","viewport":{"width":1600,"height":900},"payload":{"target":{"tag":"article","id":null,"name":null,"type":null,"role":null,"ariaLabel":null,"testId":null,"dataLoc":"client/src/pages/Home.tsx:555","href":null,"text":"PLANEJAMENTO & CONTROLE NXS / 02 Torre de Amostra Grátis LEITURA PRINCIPAL Visib…","selectorHint":"[data-loc=\"client/src/pages/Home.tsx:555\"]"},"x":1026,"y":420}}
[2026-09-25T12:55:36.887Z] {"timestamp":1790340936133,"kind":"scroll","url":"http://localhost:3000/","viewport":{"width":1600,"height":900},"payload":{"scrollX":0,"scrollY":4501.66650390625,"documentHeight":8004,"viewportHeight":900}}
[2026-09-25T12:55:36.887Z] {"timestamp":1790340936634,"kind":"scroll","url":"http://localhost:3000/","viewport":{"width":1600,"height":900},"payload":{"scrollX":0,"scrollY":4633.3330078125,"documentHeight":8004,"viewportHeight":900}}
[2026-09-25T12:55:38.725Z] {"timestamp":1790340938485,"kind":"scroll","url":"http://localhost:3000/","viewport":{"width":1600,"height":900},"payload":{"scrollX":0,"scrollY":4876.66650390625,"documentHeight":8004,"viewportHeight":900}}
[2026-09-25T12:55:40.717Z] {"timestamp":1790340939268,"kind":"scroll","url":"http://localhost:3000/","viewport":{"width":1600,"height":900},"payload":{"scrollX":0,"scrollY":5001.66650390625,"documentHeight":8004,"viewportHeight":900}}
[2026-09-25T12:56:06.889Z] {"timestamp":1790340965118,"kind":"scroll","url":"http://localhost:3000/","viewport":{"width":1600,"height":900},"payload":{"scrollX":0,"scrollY":5126.66650390625,"documentHeight":8004,"viewportHeight":900}}
[2026-09-25T12:56:06.889Z] {"timestamp":1790340966053,"kind":"scroll","url":"http://localhost:3000/","viewport":{"width":1600,"height":900},"payload":{"scrollX":0,"scrollY":5251.66650390625,"documentHeight":8004,"viewportHeight":900}}
[2026-09-25T12:56:08.896Z] {"timestamp":1790340967135,"kind":"scroll","url":"http://localhost:3000/","viewport":{"width":1600,"height":900},"payload":{"scrollX":0,"scrollY":5626.66650390625,"documentHeight":8004,"viewportHeight":900}}
[2026-09-25T12:56:08.896Z] {"timestamp":1790340967684,"kind":"scroll","url":"http://localhost:3000/","viewport":{"width":1600,"height":900},"payload":{"scrollX":0,"scrollY":5873.3330078125,"documentHeight":8004,"viewportHeight":900}}
[2026-09-25T12:56:28.877Z] {"timestamp":1790340988335,"kind":"scroll","url":"http://localhost:3000/","viewport":{"width":1600,"height":900},"payload":{"scrollX":0,"scrollY":5626.66650390625,"documentHeight":8004,"viewportHeight":900}}
[2026-09-25T12:56:30.718Z] {"timestamp":1790340988851,"kind":"scroll","url":"http://localhost:3000/","viewport":{"width":1600,"height":900},"payload":{"scrollX":0,"scrollY":6000,"documentHeight":8004,"viewportHeight":900}}
[2026-09-25T12:56:30.718Z] {"timestamp":1790340989550,"kind":"scroll","url":"http://localhost:3000/","viewport":{"width":1600,"height":900},"payload":{"scrollX":0,"scrollY":6001.66650390625,"documentHeight":8004,"viewportHeight":900}}
[2026-09-25T12:56:32.715Z] {"timestamp":1790340991969,"kind":"scroll","url":"http://localhost:3000/","viewport":{"width":1600,"height":900},"payload":{"scrollX":0,"scrollY":6376.66650390625,"documentHeight":8004,"viewportHeight":900}}
[2026-09-25T12:56:34.718Z] {"timestamp":1790340992719,"kind":"scroll","url":"http://localhost:3000/","viewport":{"width":1600,"height":900},"payload":{"scrollX":0,"scrollY":6626.66650390625,"documentHeight":8004,"viewportHeight":900}}
[2026-09-25T12:56:34.718Z] {"timestamp":1790340993218,"kind":"scroll","url":"http://localhost:3000/","viewport":{"width":1600,"height":900},"payload":{"scrollX":0,"scrollY":6757.49951171875,"documentHeight":8004,"viewportHeight":900}}
[2026-09-25T12:56:34.718Z] {"timestamp":1790340993951,"kind":"scroll","url":"http://localhost:3000/","viewport":{"width":1600,"height":900},"payload":{"scrollX":0,"scrollY":7001.66650390625,"documentHeight":8004,"viewportHeight":900}}
[2026-09-25T12:57:56.882Z] {"timestamp":1790341076221,"kind":"scroll","url":"http://localhost:3000/","viewport":{"width":1600,"height":900},"payload":{"scrollX":0,"scrollY":7102.49951171875,"documentHeight":8004,"viewportHeight":900}}
[2026-09-25T12:57:58.735Z] {"timestamp":1790341076721,"kind":"scroll","url":"http://localhost:3000/","viewport":{"width":1600,"height":900},"payload":{"scrollX":0,"scrollY":6479.16650390625,"documentHeight":8004,"viewportHeight":900}}
[2026-09-25T12:57:58.735Z] {"timestamp":1790341077670,"kind":"scroll","url":"http://localhost:3000/","viewport":{"width":1600,"height":900},"payload":{"scrollX":0,"scrollY":6227.49951171875,"documentHeight":8004,"viewportHeight":900}}
[2026-09-25T12:57:58.735Z] {"timestamp":1790341078263,"kind":"scroll","url":"http://localhost:3000/","viewport":{"width":1600,"height":900},"payload":{"scrollX":0,"scrollY":5477.5,"documentHeight":8004,"viewportHeight":900}}
[2026-09-25T12:58:00.717Z] {"timestamp":1790341078771,"kind":"scroll","url":"http://localhost:3000/","viewport":{"width":1600,"height":900},"payload":{"scrollX":0,"scrollY":4979.16650390625,"documentHeight":8004,"viewportHeight":900}}
[2026-09-25T12:58:00.717Z] {"timestamp":1790341079286,"kind":"scroll","url":"http://localhost:3000/","viewport":{"width":1600,"height":900},"payload":{"scrollX":0,"scrollY":4291.66650390625,"documentHeight":8004,"viewportHeight":900}}
[2026-09-25T12:58:00.717Z] {"timestamp":1790341080654,"kind":"scroll","url":"http://localhost:3000/","viewport":{"width":1600,"height":900},"payload":{"scrollX":0,"scrollY":3727.499755859375,"documentHeight":8004,"viewportHeight":900}}
[2026-09-25T12:58:02.730Z] {"timestamp":1790341081321,"kind":"scroll","url":"http://localhost:3000/","viewport":{"width":1600,"height":900},"payload":{"scrollX":0,"scrollY":3477.499755859375,"documentHeight":8004,"viewportHeight":900}}
[2026-09-25T12:58:02.730Z] {"timestamp":1790341082037,"kind":"scroll","url":"http://localhost:3000/","viewport":{"width":1600,"height":900},"payload":{"scrollX":0,"scrollY":2727.5,"documentHeight":8004,"viewportHeight":900}}
[2026-09-25T12:58:02.730Z] {"timestamp":1790341082671,"kind":"scroll","url":"http://localhost:3000/","viewport":{"width":1600,"height":900},"payload":{"scrollX":0,"scrollY":2352.5,"documentHeight":8004,"viewportHeight":900}}
[2026-09-25T12:58:04.721Z] {"timestamp":1790341083187,"kind":"scroll","url":"http://localhost:3000/","viewport":{"width":1600,"height":900},"payload":{"scrollX":0,"scrollY":1794.9998779296875,"documentHeight":8004,"viewportHeight":900}}
[2026-09-25T12:58:04.721Z] {"timestamp":1790341083797,"kind":"scroll","url":"http://localhost:3000/","viewport":{"width":1600,"height":900},"payload":{"scrollX":0,"scrollY":1351.6666259765625,"documentHeight":8004,"viewportHeight":900}}
[2026-09-25T12:58:04.721Z] {"timestamp":1790341084303,"kind":"scroll","url":"http://localhost:3000/","viewport":{"width":1600,"height":900},"payload":{"scrollX":0,"scrollY":769.1666259765625,"documentHeight":8004,"viewportHeight":900}}
[2026-09-25T13:02:16.868Z] {"timestamp":1790341336292,"kind":"scroll","url":"http://localhost:3000/","viewport":{"width":1600,"height":900},"payload":{"scrollX":0,"scrollY":730.8333129882812,"documentHeight":8004,"viewportHeight":900}}
[2026-09-25T13:02:18.711Z] {"timestamp":1790341336819,"kind":"scroll","url":"http://localhost:3000/","viewport":{"width":1600,"height":900},"payload":{"scrollX":0,"scrollY":1105.833251953125,"documentHeight":8004,"viewportHeight":900}}
[2026-09-25T13:02:18.711Z] {"timestamp":1790341337541,"kind":"scroll","url":"http://localhost:3000/","viewport":{"width":1600,"height":900},"payload":{"scrollX":0,"scrollY":1480.833251953125,"documentHeight":8004,"viewportHeight":900}}
[2026-09-25T13:02:18.711Z] {"timestamp":1790341338176,"kind":"scroll","url":"http://localhost:3000/","viewport":{"width":1600,"height":900},"payload":{"scrollX":0,"scrollY":1727.4998779296875,"documentHeight":8004,"viewportHeight":900}}
[2026-09-25T13:02:36.881Z] {"timestamp":1790341354936,"kind":"keydown","url":"http://localhost:3000/","viewport":{"width":1600,"height":900},"payload":{"key":"[REDACTED]","target":{"tag":"body","id":null,"name":null,"type":null,"role":null,"ariaLabel":null,"testId":null,"dataLoc":null,"href":null,"text":"PROJECT NEXUS / HYPERA LOGÍSTICA / INTELLIGENCE / PROJECT NEXUS / HYPERA LOGÍSTI…","selectorHint":"body"}}}
[2026-09-25T13:05:36.871Z] {"timestamp":1790341536514,"kind":"scroll","url":"http://localhost:3000/","viewport":{"width":1600,"height":732},"payload":{"scrollX":0,"scrollY":1602.4998779296875,"documentHeight":7836,"viewportHeight":732}}
[2026-09-25T13:05:39.132Z] {"timestamp":1790341537029,"kind":"scroll","url":"http://localhost:3000/","viewport":{"width":1600,"height":732},"payload":{"scrollX":0,"scrollY":998.3333129882812,"documentHeight":7836,"viewportHeight":732}}
[2026-09-25T13:05:39.132Z] {"timestamp":1790341537706,"kind":"scroll","url":"http://localhost:3000/","viewport":{"width":1600,"height":732},"payload":{"scrollX":0,"scrollY":602.5,"documentHeight":7836,"viewportHeight":732}}
[2026-09-25T13:05:39.132Z] {"timestamp":1790341538212,"kind":"scroll","url":"http://localhost:3000/","viewport":{"width":1600,"height":732},"payload":{"scrollX":0,"scrollY":229.99998474121094,"documentHeight":7836,"viewportHeight":732}}
[2026-09-25T13:05:40.705Z] {"timestamp":1790341539631,"kind":"scroll","url":"http://localhost:3000/","viewport":{"width":1600,"height":732},"payload":{"scrollX":0,"scrollY":1.6666666269302368,"documentHeight":7836,"viewportHeight":732}}
[2026-09-25T13:05:40.705Z] {"timestamp":1790341540145,"kind":"scroll","url":"http://localhost:3000/","viewport":{"width":1600,"height":732},"payload":{"scrollX":0,"scrollY":463.33331298828125,"documentHeight":7836,"viewportHeight":732}}
[2026-09-25T13:05:56.889Z] {"timestamp":1790341555480,"kind":"scroll","url":"http://localhost:3000/","viewport":{"width":1600,"height":732},"payload":{"scrollX":0,"scrollY":751.6666259765625,"documentHeight":7836,"viewportHeight":732}}
[2026-09-25T13:05:56.889Z] {"timestamp":1790341555995,"kind":"scroll","url":"http://localhost:3000/","viewport":{"width":1600,"height":732},"payload":{"scrollX":0,"scrollY":1269.1666259765625,"documentHeight":7836,"viewportHeight":732}}
[2026-09-25T13:05:58.707Z] {"timestamp":1790341558600,"kind":"click","url":"http://localhost:3000/","viewport":{"width":1600,"height":732},"payload":{"target":{"tag":"h2","id":null,"name":null,"type":null,"role":null,"ariaLabel":null,"testId":null,"dataLoc":"client/src/pages/Home.tsx:266","href":null,"text":"Ecossistema de automação logística.","selectorHint":"[data-loc=\"client/src/pages/Home.tsx:266\"]"},"x":470,"y":317}}
[2026-09-25T13:06:02.718Z] {"timestamp":1790341562199,"kind":"click","url":"http://localhost:3000/","viewport":{"width":1600,"height":732},"payload":{"target":{"tag":"div","id":null,"name":null,"type":null,"role":null,"ariaLabel":null,"testId":null,"dataLoc":"client/src/pages/Home.tsx:265","href":null,"text":"Ecossistema de automação logística. Nome e conceito criado para agrupar os proje…","selectorHint":"[data-loc=\"client/src/pages/Home.tsx:265\"]"},"x":1089,"y":363}}
[2026-09-25T13:06:04.708Z] {"timestamp":1790341563447,"kind":"click","url":"http://localhost:3000/","viewport":{"width":1600,"height":732},"payload":{"target":{"tag":"div","id":null,"name":null,"type":null,"role":null,"ariaLabel":null,"testId":null,"dataLoc":"client/src/pages/Home.tsx:271","href":null,"text":"Nome e conceito criado para agrupar os projetos desenvolvidos, unificando as sol…","selectorHint":"[data-loc=\"client/src/pages/Home.tsx:271\"]"},"x":1100,"y":387}}
[2026-09-25T13:06:10.707Z] {"timestamp":1790341570600,"kind":"click","url":"http://localhost:3000/","viewport":{"width":1600,"height":732},"payload":{"target":{"tag":"section","id":"nucleo","name":null,"type":null,"role":null,"ariaLabel":null,"testId":null,"dataLoc":"client/src/pages/Home.tsx:263","href":null,"text":"/ O CONCEITO NEXUS Ecossistema de automação logística. Nome e conceito criado pa…","selectorHint":"[data-loc=\"client/src/pages/Home.tsx:263\"]"},"x":1164,"y":338}}
[2026-09-25T13:06:12.719Z] {"timestamp":1790341570936,"kind":"click","url":"http://localhost:3000/","viewport":{"width":1600,"height":732},"payload":{"target":{"tag":"section","id":"nucleo","name":null,"type":null,"role":null,"ariaLabel":null,"testId":null,"dataLoc":"client/src/pages/Home.tsx:263","href":null,"text":"/ O CONCEITO NEXUS Ecossistema de automação logística. Nome e conceito criado pa…","selectorHint":"[data-loc=\"client/src/pages/Home.tsx:263\"]"},"x":1162,"y":444}}
[2026-09-25T13:06:12.719Z] {"timestamp":1790341572295,"kind":"click","url":"http://localhost:3000/","viewport":{"width":1600,"height":732},"payload":{"target":{"tag":"div","id":null,"name":null,"type":null,"role":null,"ariaLabel":null,"testId":null,"dataLoc":"client/src/pages/Home.tsx:271","href":null,"text":"Nome e conceito criado para agrupar os projetos desenvolvidos, unificando as sol…","selectorHint":"[data-loc=\"client/src/pages/Home.tsx:271\"]"},"x":928,"y":287}}
[2026-09-25T13:06:45.333Z] {"timestamp":1790341602752,"kind":"click","url":"http://localhost:3000/","viewport":{"width":1600,"height":732},"payload":{"target":{"tag":"span","id":null,"name":null,"type":null,"role":null,"ariaLabel":null,"testId":null,"dataLoc":"client/src/pages/Home.tsx:267","href":null,"text":"Ecossistema de","selectorHint":"[data-loc=\"client/src/pages/Home.tsx:267\"]"},"x":253,"y":230}}
[2026-09-25T13:09:00.860Z] {"timestamp":1790341739819,"kind":"scroll","url":"http://localhost:3000/","viewport":{"width":1600,"height":732},"payload":{"scrollX":0,"scrollY":1498.333251953125,"documentHeight":7836,"viewportHeight":732}}
[2026-09-25T13:09:00.861Z] {"timestamp":1790341740428,"kind":"scroll","url":"http://localhost:3000/","viewport":{"width":1600,"height":732},"payload":{"scrollX":0,"scrollY":873.3333129882812,"documentHeight":7836,"viewportHeight":732}}
[2026-09-25T13:09:02.701Z] {"timestamp":1790341740934,"kind":"scroll","url":"http://localhost:3000/","viewport":{"width":1600,"height":732},"payload":{"scrollX":0,"scrollY":657.5,"documentHeight":7836,"viewportHeight":732}}
[2026-09-25T13:09:02.701Z] {"timestamp":1790341741516,"kind":"scroll","url":"http://localhost:3000/","viewport":{"width":1600,"height":732},"payload":{"scrollX":0,"scrollY":123.33332824707031,"documentHeight":7836,"viewportHeight":732}}
[2026-09-25T13:09:04.703Z] {"timestamp":1790341744019,"kind":"scroll","url":"http://localhost:3000/","viewport":{"width":1600,"height":732},"payload":{"scrollX":0,"scrollY":1.6666666269302368,"documentHeight":7836,"viewportHeight":732}}
[2026-09-25T13:09:04.703Z] {"timestamp":1790341744534,"kind":"scroll","url":"http://localhost:3000/","viewport":{"width":1600,"height":732},"payload":{"scrollX":0,"scrollY":194.16665649414062,"documentHeight":7836,"viewportHeight":732}}
[2026-09-25T13:09:06.712Z] {"timestamp":1790341745051,"kind":"scroll","url":"http://localhost:3000/","viewport":{"width":1600,"height":732},"payload":{"scrollX":0,"scrollY":251.66665649414062,"documentHeight":7836,"viewportHeight":732}}
[2026-09-25T13:09:06.712Z] {"timestamp":1790341745567,"kind":"scroll","url":"http://localhost:3000/","viewport":{"width":1600,"height":732},"payload":{"scrollX":0,"scrollY":409.1666564941406,"documentHeight":7836,"viewportHeight":732}}
[2026-09-25T13:09:16.863Z] {"timestamp":1790341754785,"kind":"scroll","url":"http://localhost:3000/","viewport":{"width":1600,"height":732},"payload":{"scrollX":0,"scrollY":626.6666259765625,"documentHeight":7836,"viewportHeight":732}}
[2026-09-25T13:09:16.863Z] {"timestamp":1790341755284,"kind":"scroll","url":"http://localhost:3000/","viewport":{"width":1600,"height":732},"payload":{"scrollX":0,"scrollY":999.9999389648438,"documentHeight":7836,"viewportHeight":732}}
[2026-09-25T13:20:38.853Z] {"timestamp":1790342438715,"kind":"scroll","url":"http://localhost:3000/","viewport":{"width":1600,"height":732},"payload":{"scrollX":0,"scrollY":1.6666666269302368,"documentHeight":7836,"viewportHeight":732}}
[2026-09-25T13:20:40.847Z] {"timestamp":1790342439365,"kind":"scroll","url":"http://localhost:3000/","viewport":{"width":1600,"height":732},"payload":{"scrollX":0,"scrollY":376.6666564941406,"documentHeight":7836,"viewportHeight":732}}
[2026-09-25T13:20:40.847Z] {"timestamp":1790342440164,"kind":"scroll","url":"http://localhost:3000/","viewport":{"width":1600,"height":732},"payload":{"scrollX":0,"scrollY":501.6666564941406,"documentHeight":7836,"viewportHeight":732}}
[2026-09-25T13:20:42.850Z] {"timestamp":1790342441182,"kind":"scroll","url":"http://localhost:3000/","viewport":{"width":1600,"height":732},"payload":{"scrollX":0,"scrollY":1001.6666259765625,"documentHeight":7836,"viewportHeight":732}}
[2026-09-25T13:20:42.850Z] {"timestamp":1790342441714,"kind":"scroll","url":"http://localhost:3000/","viewport":{"width":1600,"height":732},"payload":{"scrollX":0,"scrollY":1376.6666259765625,"documentHeight":7836,"viewportHeight":732}}
[2026-09-25T13:21:13.010Z] {"timestamp":1790342471915,"kind":"scroll","url":"http://localhost:3000/","viewport":{"width":1600,"height":732},"payload":{"scrollX":0,"scrollY":1498.333251953125,"documentHeight":7836,"viewportHeight":732}}
[2026-09-25T13:21:13.010Z] {"timestamp":1790342472497,"kind":"scroll","url":"http://localhost:3000/","viewport":{"width":1600,"height":732},"payload":{"scrollX":0,"scrollY":998.3333129882812,"documentHeight":7836,"viewportHeight":732}}
[2026-09-25T13:24:38.999Z] {"timestamp":1790342677612,"kind":"scroll","url":"http://localhost:3000/","viewport":{"width":1600,"height":732},"payload":{"scrollX":0,"scrollY":626.6666259765625,"documentHeight":7836,"viewportHeight":732}}
[2026-09-25T13:24:46.990Z] {"timestamp":1790342685068,"kind":"scroll","url":"http://localhost:3000/","viewport":{"width":1600,"height":732},"payload":{"scrollX":0,"scrollY":1501.6666259765625,"documentHeight":7836,"viewportHeight":732}}
[2026-09-25T13:24:46.990Z] {"timestamp":1790342685669,"kind":"scroll","url":"http://localhost:3000/","viewport":{"width":1600,"height":732},"payload":{"scrollX":0,"scrollY":1751.6666259765625,"documentHeight":7836,"viewportHeight":732}}
[2026-09-25T13:24:46.990Z] {"timestamp":1790342686552,"kind":"scroll","url":"http://localhost:3000/","viewport":{"width":1600,"height":732},"payload":{"scrollX":0,"scrollY":2001.6666259765625,"documentHeight":7836,"viewportHeight":732}}
[2026-09-25T13:24:48.852Z] {"timestamp":1790342687618,"kind":"scroll","url":"http://localhost:3000/","viewport":{"width":1600,"height":732},"payload":{"scrollX":0,"scrollY":2126.66650390625,"documentHeight":7836,"viewportHeight":732}}
[2026-09-25T13:24:48.852Z] {"timestamp":1790342688118,"kind":"scroll","url":"http://localhost:3000/","viewport":{"width":1600,"height":732},"payload":{"scrollX":0,"scrollY":2482.5,"documentHeight":7836,"viewportHeight":732}}
[2026-09-25T13:24:48.852Z] {"timestamp":1790342688736,"kind":"scroll","url":"http://localhost:3000/","viewport":{"width":1600,"height":732},"payload":{"scrollX":0,"scrollY":2373.333251953125,"documentHeight":7836,"viewportHeight":732}}
[2026-09-25T13:24:52.846Z] {"timestamp":1790342692620,"kind":"scroll","url":"http://localhost:3000/","viewport":{"width":1600,"height":732},"payload":{"scrollX":0,"scrollY":2126.66650390625,"documentHeight":7836,"viewportHeight":732}}
[2026-09-25T13:24:54.846Z] {"timestamp":1790342694704,"kind":"scroll","url":"http://localhost:3000/","viewport":{"width":1600,"height":732},"payload":{"scrollX":0,"scrollY":2373.333251953125,"documentHeight":7836,"viewportHeight":732}}
[2026-09-25T13:24:56.852Z] {"timestamp":1790342695854,"kind":"scroll","url":"http://localhost:3000/","viewport":{"width":1600,"height":732},"payload":{"scrollX":0,"scrollY":2126.66650390625,"documentHeight":7836,"viewportHeight":732}}
[2026-09-25T13:24:56.852Z] {"timestamp":1790342696618,"kind":"scroll","url":"http://localhost:3000/","viewport":{"width":1600,"height":732},"payload":{"scrollX":0,"scrollY":2502.5,"documentHeight":7836,"viewportHeight":732}}
[2026-09-25T13:24:58.856Z] {"timestamp":1790342697118,"kind":"scroll","url":"http://localhost:3000/","viewport":{"width":1600,"height":732},"payload":{"scrollX":0,"scrollY":2698.333251953125,"documentHeight":7836,"viewportHeight":732}}
[2026-09-25T13:24:58.857Z] {"timestamp":1790342698101,"kind":"scroll","url":"http://localhost:3000/","viewport":{"width":1600,"height":732},"payload":{"scrollX":0,"scrollY":2751.66650390625,"documentHeight":7836,"viewportHeight":732}}
[2026-09-25T13:25:00.849Z] {"timestamp":1790342698851,"kind":"click","url":"http://localhost:3000/","viewport":{"width":1600,"height":732},"payload":{"target":{"tag":"img","id":null,"name":null,"type":null,"role":null,"ariaLabel":null,"testId":null,"dataLoc":"client/src/pages/Home.tsx:382","href":null,"text":"","selectorHint":"[data-loc=\"client/src/pages/Home.tsx:382\"]"},"x":610,"y":382}}
[2026-09-25T13:26:11.002Z] {"timestamp":1790342770253,"kind":"scroll","url":"http://localhost:3000/","viewport":{"width":1600,"height":732},"payload":{"scrollX":0,"scrollY":2876.66650390625,"documentHeight":7836,"viewportHeight":732}}
[2026-09-25T13:26:12.862Z] {"timestamp":1790342770786,"kind":"scroll","url":"http://localhost:3000/","viewport":{"width":1600,"height":732},"payload":{"scrollX":0,"scrollY":3376.66650390625,"documentHeight":7836,"viewportHeight":732}}
[2026-09-25T13:26:12.862Z] {"timestamp":1790342771586,"kind":"scroll","url":"http://localhost:3000/","viewport":{"width":1600,"height":732},"payload":{"scrollX":0,"scrollY":4126.66650390625,"documentHeight":7836,"viewportHeight":732}}
[2026-09-25T13:26:12.862Z] {"timestamp":1790342772210,"kind":"click","url":"http://localhost:3000/","viewport":{"width":1600,"height":732},"payload":{"target":{"tag":"img","id":null,"name":null,"type":null,"role":null,"ariaLabel":null,"testId":null,"dataLoc":"client/src/pages/Home.tsx:544","href":null,"text":"","selectorHint":"[data-loc=\"client/src/pages/Home.tsx:544\"]"},"x":813,"y":485}}
[2026-09-25T13:26:12.862Z] {"timestamp":1790342772520,"kind":"scroll","url":"http://localhost:3000/","viewport":{"width":1600,"height":732},"payload":{"scrollX":0,"scrollY":4251.66650390625,"documentHeight":7836,"viewportHeight":732}}
[2026-09-25T13:26:14.846Z] {"timestamp":1790342773104,"kind":"scroll","url":"http://localhost:3000/","viewport":{"width":1600,"height":732},"payload":{"scrollX":0,"scrollY":4623.3330078125,"documentHeight":7836,"viewportHeight":732}}
[2026-09-25T13:26:14.846Z] {"timestamp":1790342773603,"kind":"scroll","url":"http://localhost:3000/","viewport":{"width":1600,"height":732},"payload":{"scrollX":0,"scrollY":4322.5,"documentHeight":7836,"viewportHeight":732}}
[2026-09-25T13:26:14.846Z] {"timestamp":1790342774338,"kind":"scroll","url":"http://localhost:3000/","viewport":{"width":1600,"height":732},"payload":{"scrollX":0,"scrollY":4251.66650390625,"documentHeight":7836,"viewportHeight":732}}
[2026-09-25T13:26:16.851Z] {"timestamp":1790342775439,"kind":"scroll","url":"http://localhost:3000/","viewport":{"width":1600,"height":732},"payload":{"scrollX":0,"scrollY":4498.3330078125,"documentHeight":7836,"viewportHeight":732}}
[2026-09-25T13:26:16.851Z] {"timestamp":1790342776187,"kind":"scroll","url":"http://localhost:3000/","viewport":{"width":1600,"height":732},"payload":{"scrollX":0,"scrollY":4251.66650390625,"documentHeight":7836,"viewportHeight":732}}
[2026-09-25T13:26:18.846Z] {"timestamp":1790342778249,"kind":"scroll","url":"http://localhost:3000/","viewport":{"width":1600,"height":732},"payload":{"scrollX":0,"scrollY":4370,"documentHeight":7836,"viewportHeight":732}}
[2026-09-25T13:28:58.851Z] {"timestamp":1790342937756,"kind":"scroll","url":"http://localhost:3000/","viewport":{"width":1600,"height":732},"payload":{"scrollX":0,"scrollY":4320.8330078125,"documentHeight":7962,"viewportHeight":732}}
[2026-09-25T13:28:58.851Z] {"timestamp":1790342938272,"kind":"scroll","url":"http://localhost:3000/","viewport":{"width":1600,"height":732},"payload":{"scrollX":0,"scrollY":3820.833251953125,"documentHeight":7962,"viewportHeight":732}}
[2026-09-25T13:29:00.857Z] {"timestamp":1790342938940,"kind":"scroll","url":"http://localhost:3000/","viewport":{"width":1600,"height":732},"payload":{"scrollX":0,"scrollY":3570.833251953125,"documentHeight":7962,"viewportHeight":732}}
[2026-09-25T13:29:00.857Z] {"timestamp":1790342939500,"kind":"scroll","url":"http://localhost:3000/","viewport":{"width":1600,"height":732},"payload":{"scrollX":0,"scrollY":2820.833251953125,"documentHeight":7962,"viewportHeight":732}}
[2026-09-25T13:29:02.858Z] {"timestamp":1790342940890,"kind":"scroll","url":"http://localhost:3000/","viewport":{"width":1600,"height":732},"payload":{"scrollX":0,"scrollY":2320.833251953125,"documentHeight":7962,"viewportHeight":732}}
[2026-09-25T13:29:05.155Z] {"timestamp":1790342944141,"kind":"scroll","url":"http://localhost:3000/","viewport":{"width":1600,"height":732},"payload":{"scrollX":0,"scrollY":2199.16650390625,"documentHeight":7962,"viewportHeight":732}}
[2026-09-25T13:29:08.849Z] {"timestamp":1790342947206,"kind":"scroll","url":"http://localhost:3000/","viewport":{"width":1600,"height":732},"payload":{"scrollX":0,"scrollY":2320.833251953125,"documentHeight":7962,"viewportHeight":732}}
[2026-09-25T13:29:08.849Z] {"timestamp":1790342947723,"kind":"scroll","url":"http://localhost:3000/","viewport":{"width":1600,"height":732},"payload":{"scrollX":0,"scrollY":2076.66650390625,"documentHeight":7962,"viewportHeight":732}}
[2026-09-25T13:29:08.849Z] {"timestamp":1790342948239,"kind":"scroll","url":"http://localhost:3000/","viewport":{"width":1600,"height":732},"payload":{"scrollX":0,"scrollY":2521.66650390625,"documentHeight":7962,"viewportHeight":732}}
[2026-09-25T13:29:10.851Z] {"timestamp":1790342949290,"kind":"scroll","url":"http://localhost:3000/","viewport":{"width":1600,"height":732},"payload":{"scrollX":0,"scrollY":2949.16650390625,"documentHeight":7962,"viewportHeight":732}}
[2026-09-25T13:29:10.851Z] {"timestamp":1790342949924,"kind":"scroll","url":"http://localhost:3000/","viewport":{"width":1600,"height":732},"payload":{"scrollX":0,"scrollY":3195.833251953125,"documentHeight":7962,"viewportHeight":732}}
[2026-09-25T13:29:10.851Z] {"timestamp":1790342950439,"kind":"scroll","url":"http://localhost:3000/","viewport":{"width":1600,"height":732},"payload":{"scrollX":0,"scrollY":2955.833251953125,"documentHeight":7962,"viewportHeight":732}}
[2026-09-25T13:29:12.857Z] {"timestamp":1790342950890,"kind":"click","url":"http://localhost:3000/","viewport":{"width":1600,"height":732},"payload":{"target":{"tag":"article","id":null,"name":null,"type":null,"role":null,"ariaLabel":null,"testId":null,"dataLoc":"client/src/pages/Home.tsx:394","href":null,"text":"OPERAÇÃO & VISIBILIDADE NXS / 01 Painel Intercompany Ferramenta automática para …","selectorHint":"[data-loc=\"client/src/pages/Home.tsx:394\"]"},"x":1021,"y":557}}
[2026-09-25T13:29:12.857Z] {"timestamp":1790342952059,"kind":"click","url":"http://localhost:3000/","viewport":{"width":1600,"height":732},"payload":{"target":{"tag":"img","id":null,"name":null,"type":null,"role":null,"ariaLabel":null,"testId":null,"dataLoc":"client/src/pages/Home.tsx:383","href":null,"text":"","selectorHint":"[data-loc=\"client/src/pages/Home.tsx:383\"]"},"x":1021,"y":557}}
[2026-09-25T13:29:14.861Z] {"timestamp":1790342952841,"kind":"scroll","url":"http://localhost:3000/","viewport":{"width":1600,"height":732},"payload":{"scrollX":0,"scrollY":2949.16650390625,"documentHeight":7962,"viewportHeight":732}}
[2026-09-25T13:29:14.861Z] {"timestamp":1790342953651,"kind":"scroll","url":"http://localhost:3000/","viewport":{"width":1600,"height":732},"payload":{"scrollX":0,"scrollY":3949.16650390625,"documentHeight":7962,"viewportHeight":732}}
[2026-09-25T13:29:14.861Z] {"timestamp":1790342954211,"kind":"click","url":"http://localhost:3000/","viewport":{"width":1600,"height":732},"payload":{"target":{"tag":"article","id":null,"name":null,"type":null,"role":null,"ariaLabel":null,"testId":null,"dataLoc":"client/src/pages/Home.tsx:560","href":null,"text":"PLANEJAMENTO & CONTROLE NXS / 02 Torre de Amostra Grátis Controle em tempo real …","selectorHint":"[data-loc=\"client/src/pages/Home.tsx:560\"]"},"x":1017,"y":551}}
[2026-09-25T13:29:14.861Z] {"timestamp":1790342954623,"kind":"scroll","url":"http://localhost:3000/","viewport":{"width":1600,"height":732},"payload":{"scrollX":0,"scrollY":4324.16650390625,"documentHeight":7962,"viewportHeight":732}}
[2026-09-25T13:29:16.853Z] {"timestamp":1790342955373,"kind":"scroll","url":"http://localhost:3000/","viewport":{"width":1600,"height":732},"payload":{"scrollX":0,"scrollY":4574.16650390625,"documentHeight":7962,"viewportHeight":732}}
[2026-09-25T13:29:16.853Z] {"timestamp":1790342955873,"kind":"scroll","url":"http://localhost:3000/","viewport":{"width":1600,"height":732},"payload":{"scrollX":0,"scrollY":5180,"documentHeight":7962,"viewportHeight":732}}
[2026-09-25T13:29:16.853Z] {"timestamp":1790342956584,"kind":"scroll","url":"http://localhost:3000/","viewport":{"width":1600,"height":732},"payload":{"scrollX":0,"scrollY":5570.8330078125,"documentHeight":7962,"viewportHeight":732}}
[2026-09-25T13:29:18.860Z] {"timestamp":1790342957183,"kind":"scroll","url":"http://localhost:3000/","viewport":{"width":1600,"height":732},"payload":{"scrollX":0,"scrollY":4945.8330078125,"documentHeight":7962,"viewportHeight":732}}
[2026-09-25T13:29:18.860Z] {"timestamp":1790342957700,"kind":"scroll","url":"http://localhost:3000/","viewport":{"width":1600,"height":732},"payload":{"scrollX":0,"scrollY":4195.8330078125,"documentHeight":7962,"viewportHeight":732}}
[2026-09-25T13:29:18.860Z] {"timestamp":1790342958207,"kind":"scroll","url":"http://localhost:3000/","viewport":{"width":1600,"height":732},"payload":{"scrollX":0,"scrollY":3334.16650390625,"documentHeight":7962,"viewportHeight":732}}
[2026-09-25T13:29:20.858Z] {"timestamp":1790342958833,"kind":"scroll","url":"http://localhost:3000/","viewport":{"width":1600,"height":732},"payload":{"scrollX":0,"scrollY":2945.833251953125,"documentHeight":7962,"viewportHeight":732}}
[2026-09-25T13:29:20.858Z] {"timestamp":1790342959434,"kind":"scroll","url":"http://localhost:3000/","viewport":{"width":1600,"height":732},"payload":{"scrollX":0,"scrollY":2320.833251953125,"documentHeight":7962,"viewportHeight":732}}
[2026-09-25T13:29:20.858Z] {"timestamp":1790342960000,"kind":"scroll","url":"http://localhost:3000/","viewport":{"width":1600,"height":732},"payload":{"scrollX":0,"scrollY":1820.833251953125,"documentHeight":7962,"viewportHeight":732}}
[2026-09-25T13:29:27.167Z] {"timestamp":1790342965141,"kind":"scroll","url":"http://localhost:3000/","viewport":{"width":1600,"height":732},"payload":{"scrollX":0,"scrollY":1445.833251953125,"documentHeight":7962,"viewportHeight":732}}
[2026-09-25T13:29:27.167Z] {"timestamp":1790342965658,"kind":"scroll","url":"http://localhost:3000/","viewport":{"width":1600,"height":732},"payload":{"scrollX":0,"scrollY":697.5,"documentHeight":7962,"viewportHeight":732}}
[2026-09-25T13:29:27.167Z] {"timestamp":1790342966407,"kind":"scroll","url":"http://localhost:3000/","viewport":{"width":1600,"height":732},"payload":{"scrollX":0,"scrollY":695.8333129882812,"documentHeight":7962,"viewportHeight":732}}
[2026-09-25T13:29:28.225Z] {"timestamp":1790342966952,"kind":"scroll","url":"http://localhost:3000/","viewport":{"width":1600,"height":732},"payload":{"scrollX":0,"scrollY":71.66666412353516,"documentHeight":7962,"viewportHeight":732}}
[2026-09-25T13:29:53.668Z] {"timestamp":1790342992609,"kind":"scroll","url":"http://localhost:3000/","viewport":{"width":1600,"height":732},"payload":{"scrollX":0,"scrollY":1.6666666269302368,"documentHeight":7962,"viewportHeight":732}}
[2026-09-25T13:29:53.668Z] {"timestamp":1790342993124,"kind":"scroll","url":"http://localhost:3000/","viewport":{"width":1600,"height":732},"payload":{"scrollX":0,"scrollY":350,"documentHeight":7962,"viewportHeight":732}}
[2026-09-25T13:29:55.514Z] {"timestamp":1790342993624,"kind":"scroll","url":"http://localhost:3000/","viewport":{"width":1600,"height":732},"payload":{"scrollX":0,"scrollY":688.3333129882812,"documentHeight":7962,"viewportHeight":732}}
[2026-09-25T13:29:55.514Z] {"timestamp":1790342994357,"kind":"scroll","url":"http://localhost:3000/","viewport":{"width":1600,"height":732},"payload":{"scrollX":0,"scrollY":751.6666259765625,"documentHeight":7962,"viewportHeight":732}}
[2026-09-25T13:29:55.514Z] {"timestamp":1790342994867,"kind":"scroll","url":"http://localhost:3000/","viewport":{"width":1600,"height":732},"payload":{"scrollX":0,"scrollY":1001.6666259765625,"documentHeight":7962,"viewportHeight":732}}
[2026-09-25T13:29:55.514Z] {"timestamp":1790342995391,"kind":"scroll","url":"http://localhost:3000/","viewport":{"width":1600,"height":732},"payload":{"scrollX":0,"scrollY":1126.6666259765625,"documentHeight":7962,"viewportHeight":732}}
[2026-09-25T13:29:57.523Z] {"timestamp":1790342995918,"kind":"scroll","url":"http://localhost:3000/","viewport":{"width":1600,"height":732},"payload":{"scrollX":0,"scrollY":1377.5,"documentHeight":7962,"viewportHeight":732}}
[2026-09-25T13:29:57.523Z] {"timestamp":1790342996624,"kind":"scroll","url":"http://localhost:3000/","viewport":{"width":1600,"height":732},"payload":{"scrollX":0,"scrollY":1626.6666259765625,"documentHeight":7962,"viewportHeight":732}}
[2026-09-25T13:29:57.523Z] {"timestamp":1790342997139,"kind":"scroll","url":"http://localhost:3000/","viewport":{"width":1600,"height":732},"payload":{"scrollX":0,"scrollY":1781.6666259765625,"documentHeight":7962,"viewportHeight":732}}
[2026-09-25T13:29:59.515Z] {"timestamp":1790342998174,"kind":"scroll","url":"http://localhost:3000/","viewport":{"width":1600,"height":732},"payload":{"scrollX":0,"scrollY":2001.6666259765625,"documentHeight":7962,"viewportHeight":732}}
[2026-09-25T13:30:01.520Z] {"timestamp":1790343001192,"kind":"scroll","url":"http://localhost:3000/","viewport":{"width":1600,"height":732},"payload":{"scrollX":0,"scrollY":2126.66650390625,"documentHeight":7962,"viewportHeight":732}}
[2026-09-25T13:31:41.673Z] {"timestamp":1790343099443,"kind":"scroll","url":"http://localhost:3000/","viewport":{"width":1600,"height":732},"payload":{"scrollX":0,"scrollY":2251.66650390625,"documentHeight":7962,"viewportHeight":732}}
[2026-09-25T13:31:41.673Z] {"timestamp":1790343099959,"kind":"scroll","url":"http://localhost:3000/","viewport":{"width":1600,"height":732},"payload":{"scrollX":0,"scrollY":2424.16650390625,"documentHeight":7962,"viewportHeight":732}}
[2026-09-25T13:31:43.528Z] {"timestamp":1790343102377,"kind":"scroll","url":"http://localhost:3000/","viewport":{"width":1600,"height":732},"payload":{"scrollX":0,"scrollY":2501.66650390625,"documentHeight":7962,"viewportHeight":732}}
[2026-09-25T13:31:45.516Z] {"timestamp":1790343103491,"kind":"click","url":"http://localhost:3000/","viewport":{"width":1600,"height":732},"payload":{"target":{"tag":"img","id":null,"name":null,"type":null,"role":null,"ariaLabel":null,"testId":null,"dataLoc":"client/src/pages/Home.tsx:383","href":null,"text":"","selectorHint":"[data-loc=\"client/src/pages/Home.tsx:383\"]"},"x":680,"y":467}}
[2026-09-25T13:31:45.516Z] {"timestamp":1790343104540,"kind":"scroll","url":"http://localhost:3000/","viewport":{"width":1600,"height":732},"payload":{"scrollX":0,"scrollY":3001.66650390625,"documentHeight":7962,"viewportHeight":732}}
[2026-09-25T13:31:47.518Z] {"timestamp":1790343105642,"kind":"scroll","url":"http://localhost:3000/","viewport":{"width":1600,"height":732},"payload":{"scrollX":0,"scrollY":3626.66650390625,"documentHeight":7962,"viewportHeight":732}}
[2026-09-25T13:31:47.518Z] {"timestamp":1790343106150,"kind":"scroll","url":"http://localhost:3000/","viewport":{"width":1600,"height":732},"payload":{"scrollX":0,"scrollY":4064.16650390625,"documentHeight":7962,"viewportHeight":732}}
[2026-09-25T13:31:47.518Z] {"timestamp":1790343106655,"kind":"scroll","url":"http://localhost:3000/","viewport":{"width":1600,"height":732},"payload":{"scrollX":0,"scrollY":4497.5,"documentHeight":7962,"viewportHeight":732}}
[2026-09-25T13:31:49.516Z] {"timestamp":1790343107546,"kind":"click","url":"http://localhost:3000/","viewport":{"width":1600,"height":732},"payload":{"target":{"tag":"img","id":null,"name":null,"type":null,"role":null,"ariaLabel":null,"testId":null,"dataLoc":"client/src/pages/Home.tsx:549","href":null,"text":"","selectorHint":"[data-loc=\"client/src/pages/Home.tsx:549\"]"},"x":765,"y":382}}
[2026-09-25T13:31:49.516Z] {"timestamp":1790343108620,"kind":"scroll","url":"http://localhost:3000/","viewport":{"width":1600,"height":732},"payload":{"scrollX":0,"scrollY":4498.3330078125,"documentHeight":7962,"viewportHeight":732}}
[2026-09-25T13:31:49.516Z] {"timestamp":1790343109126,"kind":"scroll","url":"http://localhost:3000/","viewport":{"width":1600,"height":732},"payload":{"scrollX":0,"scrollY":3855.833251953125,"documentHeight":7962,"viewportHeight":732}}
[2026-09-25T13:31:51.520Z] {"timestamp":1790343109736,"kind":"scroll","url":"http://localhost:3000/","viewport":{"width":1600,"height":732},"payload":{"scrollX":0,"scrollY":3498.333251953125,"documentHeight":7962,"viewportHeight":732}}
[2026-09-25T13:31:51.520Z] {"timestamp":1790343110427,"kind":"click","url":"http://localhost:3000/","viewport":{"width":1600,"height":732},"payload":{"target":{"tag":"article","id":null,"name":null,"type":null,"role":null,"ariaLabel":null,"testId":null,"dataLoc":"client/src/pages/Home.tsx:394","href":null,"text":"OPERAÇÃO & VISIBILIDADE NXS / 01 Painel Intercompany Ferramenta automática para …","selectorHint":"[data-loc=\"client/src/pages/Home.tsx:394\"]"},"x":785,"y":245}}
[2026-09-25T13:31:54.642Z] {"timestamp":1790343113267,"kind":"scroll","url":"http://localhost:3000/","viewport":{"width":1600,"height":732},"payload":{"scrollX":0,"scrollY":3329.999755859375,"documentHeight":7607,"viewportHeight":732}}
[2026-09-25T13:31:56.643Z] {"timestamp":1790343114923,"kind":"scroll","url":"http://localhost:3000/","viewport":{"width":1600,"height":732},"payload":{"scrollX":0,"scrollY":3244.999755859375,"documentHeight":7962,"viewportHeight":732}}
[2026-09-25T13:31:56.643Z] {"timestamp":1790343116360,"kind":"scroll","url":"http://localhost:3000/","viewport":{"width":1600,"height":732},"payload":{"scrollX":0,"scrollY":1.6666666269302368,"documentHeight":7962,"viewportHeight":732}}
[2026-09-25T13:31:58.630Z] {"timestamp":1790343116892,"kind":"scroll","url":"http://localhost:3000/","viewport":{"width":1600,"height":732},"payload":{"scrollX":0,"scrollY":876.6666259765625,"documentHeight":7962,"viewportHeight":732}}
[2026-09-25T13:31:58.630Z] {"timestamp":1790343117469,"kind":"scroll","url":"http://localhost:3000/","viewport":{"width":1600,"height":732},"payload":{"scrollX":0,"scrollY":1627.4998779296875,"documentHeight":7962,"viewportHeight":732}}
[2026-09-25T13:31:58.630Z] {"timestamp":1790343117976,"kind":"scroll","url":"http://localhost:3000/","viewport":{"width":1600,"height":732},"payload":{"scrollX":0,"scrollY":2118.333251953125,"documentHeight":7962,"viewportHeight":732}}
[2026-09-25T13:31:58.630Z] {"timestamp":1790343118476,"kind":"scroll","url":"http://localhost:3000/","viewport":{"width":1600,"height":732},"payload":{"scrollX":0,"scrollY":2383.333251953125,"documentHeight":7962,"viewportHeight":732}}
[2026-09-25T13:32:00.636Z] {"timestamp":1790343118986,"kind":"scroll","url":"http://localhost:3000/","viewport":{"width":1600,"height":732},"payload":{"scrollX":0,"scrollY":2750,"documentHeight":7962,"viewportHeight":732}}
[2026-09-25T13:32:58.784Z] {"timestamp":1790343177659,"kind":"click","url":"http://localhost:3000/","viewport":{"width":1600,"height":732},"payload":{"target":{"tag":"img","id":null,"name":null,"type":null,"role":null,"ariaLabel":null,"testId":null,"dataLoc":"client/src/pages/Home.tsx:383","href":null,"text":"","selectorHint":"[data-loc=\"client/src/pages/Home.tsx:383\"]"},"x":676,"y":446}}
[2026-09-25T13:33:02.633Z] {"timestamp":1790343180643,"kind":"scroll","url":"http://localhost:3000/","viewport":{"width":1600,"height":732},"payload":{"scrollX":0,"scrollY":2998.333251953125,"documentHeight":7962,"viewportHeight":732}}
[2026-09-25T13:33:02.633Z] {"timestamp":1790343181154,"kind":"scroll","url":"http://localhost:3000/","viewport":{"width":1600,"height":732},"payload":{"scrollX":0,"scrollY":2976.66650390625,"documentHeight":7962,"viewportHeight":732}}
[2026-09-25T13:35:32.642Z] {"timestamp":1790343332030,"kind":"scroll","url":"http://localhost:3000/","viewport":{"width":1600,"height":732},"payload":{"scrollX":0,"scrollY":2998.333251953125,"documentHeight":7957,"viewportHeight":732}}
[2026-09-25T13:35:32.642Z] {"timestamp":1790343332535,"kind":"scroll","url":"http://localhost:3000/","viewport":{"width":1600,"height":732},"payload":{"scrollX":0,"scrollY":2252.5,"documentHeight":7957,"viewportHeight":732}}
[2026-09-25T13:35:34.637Z] {"timestamp":1790343333444,"kind":"scroll","url":"http://localhost:3000/","viewport":{"width":1600,"height":732},"payload":{"scrollX":0,"scrollY":1876.6666259765625,"documentHeight":7957,"viewportHeight":732}}
[2026-09-25T13:35:34.637Z] {"timestamp":1790343333946,"kind":"scroll","url":"http://localhost:3000/","viewport":{"width":1600,"height":732},"payload":{"scrollX":0,"scrollY":2500,"documentHeight":7957,"viewportHeight":732}}
[2026-09-25T13:35:34.637Z] {"timestamp":1790343334462,"kind":"scroll","url":"http://localhost:3000/","viewport":{"width":1600,"height":732},"payload":{"scrollX":0,"scrollY":3136.66650390625,"documentHeight":7957,"viewportHeight":732}}
[2026-09-25T13:35:36.639Z] {"timestamp":1790343335312,"kind":"scroll","url":"http://localhost:3000/","viewport":{"width":1600,"height":732},"payload":{"scrollX":0,"scrollY":3626.66650390625,"documentHeight":7957,"viewportHeight":732}}
[2026-09-25T13:35:36.639Z] {"timestamp":1790343335813,"kind":"scroll","url":"http://localhost:3000/","viewport":{"width":1600,"height":732},"payload":{"scrollX":0,"scrollY":4085.833251953125,"documentHeight":7957,"viewportHeight":732}}
[2026-09-25T13:35:36.639Z] {"timestamp":1790343336314,"kind":"scroll","url":"http://localhost:3000/","viewport":{"width":1600,"height":732},"payload":{"scrollX":0,"scrollY":4076.66650390625,"documentHeight":7957,"viewportHeight":732}}
[2026-09-25T13:35:38.228Z] {"timestamp":1790343336829,"kind":"scroll","url":"http://localhost:3000/","viewport":{"width":1600,"height":732},"payload":{"scrollX":0,"scrollY":3759.999755859375,"documentHeight":7957,"viewportHeight":732}}
[2026-09-25T13:35:42.830Z] {"timestamp":1790343341288,"kind":"scroll","url":"http://localhost:3000/","viewport":{"width":1600,"height":732},"payload":{"scrollX":0,"scrollY":3249.999755859375,"documentHeight":7601,"viewportHeight":732}}
[2026-09-25T13:35:46.821Z] {"timestamp":1790343345996,"kind":"scroll","url":"http://localhost:3000/","viewport":{"width":1600,"height":732},"payload":{"scrollX":0,"scrollY":3248.333251953125,"documentHeight":7957,"viewportHeight":732}}
[2026-09-25T13:35:46.821Z] {"timestamp":1790343346514,"kind":"scroll","url":"http://localhost:3000/","viewport":{"width":1600,"height":732},"payload":{"scrollX":0,"scrollY":2787.5,"documentHeight":7957,"viewportHeight":732}}
[2026-09-25T13:35:48.832Z] {"timestamp":1790343347018,"kind":"scroll","url":"http://localhost:3000/","viewport":{"width":1600,"height":732},"payload":{"scrollX":0,"scrollY":2500,"documentHeight":7957,"viewportHeight":732}}
[2026-09-25T13:35:48.832Z] {"timestamp":1790343347632,"kind":"scroll","url":"http://localhost:3000/","viewport":{"width":1600,"height":732},"payload":{"scrollX":0,"scrollY":2498.333251953125,"documentHeight":7957,"viewportHeight":732}}
[2026-09-25T13:35:48.832Z] {"timestamp":1790343348146,"kind":"scroll","url":"http://localhost:3000/","viewport":{"width":1600,"height":732},"payload":{"scrollX":0,"scrollY":1775.833251953125,"documentHeight":7957,"viewportHeight":732}}
[2026-09-25T13:38:47.486Z] {"timestamp":1790343525033,"kind":"scroll","url":"http://localhost:3000/","viewport":{"width":1600,"height":732},"payload":{"scrollX":0,"scrollY":1507.5,"documentHeight":7957,"viewportHeight":732}}
[2026-09-25T13:38:47.486Z] {"timestamp":1790343525900,"kind":"scroll","url":"http://localhost:3000/","viewport":{"width":1600,"height":732},"payload":{"scrollX":0,"scrollY":2376.66650390625,"documentHeight":7957,"viewportHeight":732}}
[2026-09-25T13:38:47.486Z] {"timestamp":1790343526320,"kind":"click","url":"http://localhost:3000/","viewport":{"width":1600,"height":732},"payload":{"target":{"tag":"img","id":null,"name":null,"type":null,"role":null,"ariaLabel":null,"testId":null,"dataLoc":"client/src/pages/Home.tsx:326","href":null,"text":"","selectorHint":"[data-loc=\"client/src/pages/Home.tsx:326\"]"},"x":620,"y":273}}
[2026-09-25T13:38:48.880Z] {"timestamp":1790343527199,"kind":"scroll","url":"http://localhost:3000/","viewport":{"width":1600,"height":732},"payload":{"scrollX":0,"scrollY":2626.66650390625,"documentHeight":7957,"viewportHeight":732}}
[2026-09-25T13:38:48.880Z] {"timestamp":1790343528402,"kind":"scroll","url":"http://localhost:3000/","viewport":{"width":1600,"height":732},"payload":{"scrollX":0,"scrollY":3126.66650390625,"documentHeight":7957,"viewportHeight":732}}
[2026-09-25T13:38:50.829Z] {"timestamp":1790343529010,"kind":"scroll","url":"http://localhost:3000/","viewport":{"width":1600,"height":732},"payload":{"scrollX":0,"scrollY":3751.66650390625,"documentHeight":7957,"viewportHeight":732}}
[2026-09-25T13:38:50.829Z] {"timestamp":1790343529527,"kind":"scroll","url":"http://localhost:3000/","viewport":{"width":1600,"height":732},"payload":{"scrollX":0,"scrollY":4127.5,"documentHeight":7957,"viewportHeight":732}}
[2026-09-25T13:38:50.829Z] {"timestamp":1790343530349,"kind":"scroll","url":"http://localhost:3000/","viewport":{"width":1600,"height":732},"payload":{"scrollX":0,"scrollY":4501.66650390625,"documentHeight":7957,"viewportHeight":732}}
[2026-09-25T13:38:52.824Z] {"timestamp":1790343531218,"kind":"scroll","url":"http://localhost:3000/","viewport":{"width":1600,"height":732},"payload":{"scrollX":0,"scrollY":4751.66650390625,"documentHeight":7957,"viewportHeight":732}}
[2026-09-25T13:38:52.824Z] {"timestamp":1790343531868,"kind":"scroll","url":"http://localhost:3000/","viewport":{"width":1600,"height":732},"payload":{"scrollX":0,"scrollY":5126.66650390625,"documentHeight":7957,"viewportHeight":732}}
[2026-09-25T13:38:52.824Z] {"timestamp":1790343532483,"kind":"scroll","url":"http://localhost:3000/","viewport":{"width":1600,"height":732},"payload":{"scrollX":0,"scrollY":5501.66650390625,"documentHeight":7957,"viewportHeight":732}}
[2026-09-25T13:39:50.835Z] {"timestamp":1790343590092,"kind":"scroll","url":"http://localhost:3000/","viewport":{"width":1600,"height":732},"payload":{"scrollX":0,"scrollY":5740.8330078125,"documentHeight":7948,"viewportHeight":732}}
[2026-09-25T13:39:55.440Z] {"timestamp":1790343594582,"kind":"scroll","url":"http://localhost:3000/","viewport":{"width":1600,"height":732},"payload":{"scrollX":0,"scrollY":5740.8330078125,"documentHeight":7592,"viewportHeight":732}}
[2026-09-25T13:39:57.415Z] {"timestamp":1790343595647,"kind":"scroll","url":"http://localhost:3000/","viewport":{"width":1600,"height":732},"payload":{"scrollX":0,"scrollY":5785.8330078125,"documentHeight":7948,"viewportHeight":732}}
[2026-09-25T13:39:57.415Z] {"timestamp":1790343596746,"kind":"scroll","url":"http://localhost:3000/","viewport":{"width":1600,"height":732},"payload":{"scrollX":0,"scrollY":6269.99951171875,"documentHeight":7948,"viewportHeight":732}}
[2026-09-25T13:39:59.418Z] {"timestamp":1790343598418,"kind":"scroll","url":"http://localhost:3000/","viewport":{"width":1600,"height":732},"payload":{"scrollX":0,"scrollY":1.6666666269302368,"documentHeight":7948,"viewportHeight":732}}
[2026-09-25T13:39:59.418Z] {"timestamp":1790343598934,"kind":"scroll","url":"http://localhost:3000/","viewport":{"width":1600,"height":732},"payload":{"scrollX":0,"scrollY":618.3333129882812,"documentHeight":7948,"viewportHeight":732}}
[2026-09-25T13:40:01.413Z] {"timestamp":1790343599434,"kind":"scroll","url":"http://localhost:3000/","viewport":{"width":1600,"height":732},"payload":{"scrollX":0,"scrollY":867.4999389648438,"documentHeight":7948,"viewportHeight":732}}
[2026-09-25T13:40:01.413Z] {"timestamp":1790343600269,"kind":"scroll","url":"http://localhost:3000/","viewport":{"width":1600,"height":732},"payload":{"scrollX":0,"scrollY":876.6666259765625,"documentHeight":7948,"viewportHeight":732}}
[2026-09-25T13:40:01.413Z] {"timestamp":1790343600768,"kind":"scroll","url":"http://localhost:3000/","viewport":{"width":1600,"height":732},"payload":{"scrollX":0,"scrollY":1326.6666259765625,"documentHeight":7948,"viewportHeight":732}}
[2026-09-25T13:40:01.413Z] {"timestamp":1790343601281,"kind":"scroll","url":"http://localhost:3000/","viewport":{"width":1600,"height":732},"payload":{"scrollX":0,"scrollY":1465,"documentHeight":7948,"viewportHeight":732}}
[2026-09-25T13:40:03.397Z] {"timestamp":1790343602684,"kind":"scroll","url":"http://localhost:3000/","viewport":{"width":1600,"height":732},"payload":{"scrollX":0,"scrollY":1751.6666259765625,"documentHeight":7948,"viewportHeight":732}}
[2026-09-25T13:40:03.397Z] {"timestamp":1790343603184,"kind":"scroll","url":"http://localhost:3000/","viewport":{"width":1600,"height":732},"payload":{"scrollX":0,"scrollY":1908.333251953125,"documentHeight":7948,"viewportHeight":732}}
[2026-09-25T13:40:05.396Z] {"timestamp":1790343604202,"kind":"scroll","url":"http://localhost:3000/","viewport":{"width":1600,"height":732},"payload":{"scrollX":0,"scrollY":2126.66650390625,"documentHeight":7948,"viewportHeight":732}}
[2026-09-25T13:40:05.396Z] {"timestamp":1790343604768,"kind":"scroll","url":"http://localhost:3000/","viewport":{"width":1600,"height":732},"payload":{"scrollX":0,"scrollY":2251.66650390625,"documentHeight":7948,"viewportHeight":732}}
[2026-09-25T13:40:07.398Z] {"timestamp":1790343606084,"kind":"scroll","url":"http://localhost:3000/","viewport":{"width":1600,"height":732},"payload":{"scrollX":0,"scrollY":2376.66650390625,"documentHeight":7948,"viewportHeight":732}}
[2026-09-25T13:40:09.397Z] {"timestamp":1790343607567,"kind":"scroll","url":"http://localhost:3000/","viewport":{"width":1600,"height":732},"payload":{"scrollX":0,"scrollY":2501.66650390625,"documentHeight":7948,"viewportHeight":732}}
[2026-09-25T13:40:09.397Z] {"timestamp":1790343608332,"kind":"click","url":"http://localhost:3000/","viewport":{"width":1600,"height":732},"payload":{"target":{"tag":"article","id":null,"name":null,"type":null,"role":null,"ariaLabel":null,"testId":null,"dataLoc":"client/src/pages/Home.tsx:377","href":null,"text":"VER PAINEL OPERAÇÃO & VISIBILIDADE NXS / 01 Painel Intercompany Ferramenta autom…","selectorHint":"[data-loc=\"client/src/pages/Home.tsx:377\"]"},"x":1210,"y":509}}
[2026-09-25T13:40:11.399Z] {"timestamp":1790343609442,"kind":"click","url":"http://localhost:3000/","viewport":{"width":1600,"height":732},"payload":{"target":{"tag":"img","id":null,"name":null,"type":null,"role":null,"ariaLabel":null,"testId":null,"dataLoc":"client/src/pages/Home.tsx:434","href":null,"text":"","selectorHint":"[data-loc=\"client/src/pages/Home.tsx:434\"]"},"x":1210,"y":509}}
[2026-09-25T13:40:11.399Z] {"timestamp":1790343610335,"kind":"scroll","url":"http://localhost:3000/","viewport":{"width":1600,"height":732},"payload":{"scrollX":0,"scrollY":2626.66650390625,"documentHeight":7948,"viewportHeight":732}}
[2026-09-25T13:40:11.399Z] {"timestamp":1790343611284,"kind":"scroll","url":"http://localhost:3000/","viewport":{"width":1600,"height":732},"payload":{"scrollX":0,"scrollY":2998.333251953125,"documentHeight":7948,"viewportHeight":732}}
[2026-09-25T13:40:13.403Z] {"timestamp":1790343611819,"kind":"click","url":"http://localhost:3000/","viewport":{"width":1600,"height":732},"payload":{"target":{"tag":"article","id":null,"name":null,"type":null,"role":null,"ariaLabel":null,"testId":null,"dataLoc":"client/src/pages/Home.tsx:377","href":null,"text":"VER PAINEL OPERAÇÃO & VISIBILIDADE NXS / 01 Painel Intercompany Ferramenta autom…","selectorHint":"[data-loc=\"client/src/pages/Home.tsx:377\"]"},"x":1211,"y":507}}
[2026-09-25T13:40:13.403Z] {"timestamp":1790343612469,"kind":"scroll","url":"http://localhost:3000/","viewport":{"width":1600,"height":732},"payload":{"scrollX":0,"scrollY":2751.66650390625,"documentHeight":7948,"viewportHeight":732}}
[2026-09-25T13:40:15.403Z] {"timestamp":1790343613412,"kind":"click","url":"http://localhost:3000/","viewport":{"width":1600,"height":732},"payload":{"target":{"tag":"img","id":null,"name":null,"type":null,"role":null,"ariaLabel":null,"testId":null,"dataLoc":"client/src/pages/Home.tsx:434","href":null,"text":"","selectorHint":"[data-loc=\"client/src/pages/Home.tsx:434\"]"},"x":1212,"y":507}}
[2026-09-25T13:40:15.403Z] {"timestamp":1790343613867,"kind":"scroll","url":"http://localhost:3000/","viewport":{"width":1600,"height":732},"payload":{"scrollX":0,"scrollY":3001.66650390625,"documentHeight":7948,"viewportHeight":732}}
[2026-09-25T13:40:15.403Z] {"timestamp":1790343614384,"kind":"scroll","url":"http://localhost:3000/","viewport":{"width":1600,"height":732},"payload":{"scrollX":0,"scrollY":3535.833251953125,"documentHeight":7948,"viewportHeight":732}}
[2026-09-25T13:40:15.403Z] {"timestamp":1790343614884,"kind":"scroll","url":"http://localhost:3000/","viewport":{"width":1600,"height":732},"payload":{"scrollX":0,"scrollY":3874.999755859375,"documentHeight":7948,"viewportHeight":732}}
[2026-09-25T13:40:17.400Z] {"timestamp":1790343615429,"kind":"scroll","url":"http://localhost:3000/","viewport":{"width":1600,"height":732},"payload":{"scrollX":0,"scrollY":4126.66650390625,"documentHeight":7948,"viewportHeight":732}}
[2026-09-25T13:40:17.401Z] {"timestamp":1790343616683,"kind":"click","url":"http://localhost:3000/","viewport":{"width":1600,"height":732},"payload":{"target":{"tag":"article","id":null,"name":null,"type":null,"role":null,"ariaLabel":null,"testId":null,"dataLoc":"client/src/pages/Home.tsx:548","href":null,"text":"VER PAINEL PLANEJAMENTO & CONTROLE NXS / 02 Torre de Amostra Grátis Controle em …","selectorHint":"[data-loc=\"client/src/pages/Home.tsx:548\"]"},"x":1212,"y":507}}
[2026-09-25T13:40:19.407Z] {"timestamp":1790343617755,"kind":"click","url":"http://localhost:3000/","viewport":{"width":1600,"height":732},"payload":{"target":{"tag":"img","id":null,"name":null,"type":null,"role":null,"ariaLabel":null,"testId":null,"dataLoc":"client/src/pages/Home.tsx:605","href":null,"text":"","selectorHint":"[data-loc=\"client/src/pages/Home.tsx:605\"]"},"x":1212,"y":507}}
[2026-09-25T13:40:19.407Z] {"timestamp":1790343618634,"kind":"scroll","url":"http://localhost:3000/","viewport":{"width":1600,"height":732},"payload":{"scrollX":0,"scrollY":4373.3330078125,"documentHeight":7948,"viewportHeight":732}}
[2026-09-25T13:40:19.407Z] {"timestamp":1790343619295,"kind":"scroll","url":"http://localhost:3000/","viewport":{"width":1600,"height":732},"payload":{"scrollX":0,"scrollY":3873.333251953125,"documentHeight":7948,"viewportHeight":732}}
[2026-09-25T13:40:21.414Z] {"timestamp":1790343621301,"kind":"scroll","url":"http://localhost:3000/","viewport":{"width":1600,"height":732},"payload":{"scrollX":0,"scrollY":3748.333251953125,"documentHeight":7948,"viewportHeight":732}}
[2026-09-25T13:40:23.399Z] {"timestamp":1790343621801,"kind":"scroll","url":"http://localhost:3000/","viewport":{"width":1600,"height":732},"payload":{"scrollX":0,"scrollY":3379.16650390625,"documentHeight":7948,"viewportHeight":732}}
[2026-09-25T13:40:23.399Z] {"timestamp":1790343623018,"kind":"scroll","url":"http://localhost:3000/","viewport":{"width":1600,"height":732},"payload":{"scrollX":0,"scrollY":3373.333251953125,"documentHeight":7948,"viewportHeight":732}}
[2026-09-25T13:40:25.398Z] {"timestamp":1790343623669,"kind":"scroll","url":"http://localhost:3000/","viewport":{"width":1600,"height":732},"payload":{"scrollX":0,"scrollY":3123.333251953125,"documentHeight":7948,"viewportHeight":732}}
[2026-09-25T13:40:25.398Z] {"timestamp":1790343624634,"kind":"click","url":"http://localhost:3000/","viewport":{"width":1600,"height":732},"payload":{"target":{"tag":"article","id":null,"name":null,"type":null,"role":null,"ariaLabel":null,"testId":null,"dataLoc":"client/src/pages/Home.tsx:377","href":null,"text":"VER PAINEL OPERAÇÃO & VISIBILIDADE NXS / 01 Painel Intercompany Ferramenta autom…","selectorHint":"[data-loc=\"client/src/pages/Home.tsx:377\"]"},"x":1077,"y":601}}
[2026-09-25T13:40:27.396Z] {"timestamp":1790343625859,"kind":"click","url":"http://localhost:3000/","viewport":{"width":1600,"height":732},"payload":{"target":{"tag":"img","id":null,"name":null,"type":null,"role":null,"ariaLabel":null,"testId":null,"dataLoc":"client/src/pages/Home.tsx:434","href":null,"text":"","selectorHint":"[data-loc=\"client/src/pages/Home.tsx:434\"]"},"x":1081,"y":600}}
[2026-09-25T13:40:27.396Z] {"timestamp":1790343626602,"kind":"scroll","url":"http://localhost:3000/","viewport":{"width":1600,"height":732},"payload":{"scrollX":0,"scrollY":2748.333251953125,"documentHeight":7948,"viewportHeight":732}}
[2026-09-25T13:40:29.398Z] {"timestamp":1790343627418,"kind":"scroll","url":"http://localhost:3000/","viewport":{"width":1600,"height":732},"payload":{"scrollX":0,"scrollY":2498.333251953125,"documentHeight":7948,"viewportHeight":732}}
[2026-09-25T13:41:45.574Z] {"timestamp":1790343704670,"kind":"scroll","url":"http://localhost:3000/","viewport":{"width":1600,"height":732},"payload":{"scrollX":0,"scrollY":2373.333251953125,"documentHeight":7948,"viewportHeight":732}}
[2026-09-25T13:41:45.574Z] {"timestamp":1790343705186,"kind":"scroll","url":"http://localhost:3000/","viewport":{"width":1600,"height":732},"payload":{"scrollX":0,"scrollY":2125,"documentHeight":7948,"viewportHeight":732}}
[2026-09-25T13:41:47.410Z] {"timestamp":1790343705713,"kind":"scroll","url":"http://localhost:3000/","viewport":{"width":1600,"height":732},"payload":{"scrollX":0,"scrollY":1873.333251953125,"documentHeight":7948,"viewportHeight":732}}
[2026-09-25T13:41:47.410Z] {"timestamp":1790343706471,"kind":"scroll","url":"http://localhost:3000/","viewport":{"width":1600,"height":732},"payload":{"scrollX":0,"scrollY":1498.333251953125,"documentHeight":7948,"viewportHeight":732}}
[2026-09-25T13:41:47.410Z] {"timestamp":1790343707070,"kind":"scroll","url":"http://localhost:3000/","viewport":{"width":1600,"height":732},"payload":{"scrollX":0,"scrollY":1123.333251953125,"documentHeight":7948,"viewportHeight":732}}
[2026-09-25T13:41:49.398Z] {"timestamp":1790343707949,"kind":"scroll","url":"http://localhost:3000/","viewport":{"width":1600,"height":732},"payload":{"scrollX":0,"scrollY":623.3333129882812,"documentHeight":7948,"viewportHeight":732}}
[2026-09-25T13:41:49.398Z] {"timestamp":1790343708455,"kind":"scroll","url":"http://localhost:3000/","viewport":{"width":1600,"height":732},"payload":{"scrollX":0,"scrollY":437.4999694824219,"documentHeight":7948,"viewportHeight":732}}
[2026-09-25T13:41:49.398Z] {"timestamp":1790343708965,"kind":"scroll","url":"http://localhost:3000/","viewport":{"width":1600,"height":732},"payload":{"scrollX":0,"scrollY":1396.6666259765625,"documentHeight":7948,"viewportHeight":732}}
[2026-09-25T13:41:51.399Z] {"timestamp":1790343709788,"kind":"scroll","url":"http://localhost:3000/","viewport":{"width":1600,"height":732},"payload":{"scrollX":0,"scrollY":1876.6666259765625,"documentHeight":7948,"viewportHeight":732}}
[2026-09-25T13:41:51.399Z] {"timestamp":1790343710498,"kind":"scroll","url":"http://localhost:3000/","viewport":{"width":1600,"height":732},"payload":{"scrollX":0,"scrollY":2501.66650390625,"documentHeight":7948,"viewportHeight":732}}
[2026-09-25T13:41:51.399Z] {"timestamp":1790343711180,"kind":"scroll","url":"http://localhost:3000/","viewport":{"width":1600,"height":732},"payload":{"scrollX":0,"scrollY":3376.66650390625,"documentHeight":7948,"viewportHeight":732}}
[2026-09-25T13:41:53.400Z] {"timestamp":1790343711897,"kind":"scroll","url":"http://localhost:3000/","viewport":{"width":1600,"height":732},"payload":{"scrollX":0,"scrollY":4376.66650390625,"documentHeight":7948,"viewportHeight":732}}
[2026-09-25T13:41:53.400Z] {"timestamp":1790343712403,"kind":"scroll","url":"http://localhost:3000/","viewport":{"width":1600,"height":732},"payload":{"scrollX":0,"scrollY":4580,"documentHeight":7948,"viewportHeight":732}}
[2026-09-25T13:41:55.398Z] {"timestamp":1790343713320,"kind":"scroll","url":"http://localhost:3000/","viewport":{"width":1600,"height":732},"payload":{"scrollX":0,"scrollY":4998.3330078125,"documentHeight":7948,"viewportHeight":732}}
[2026-09-25T13:41:55.398Z] {"timestamp":1790343713820,"kind":"scroll","url":"http://localhost:3000/","viewport":{"width":1600,"height":732},"payload":{"scrollX":0,"scrollY":4386.66650390625,"documentHeight":7948,"viewportHeight":732}}
[2026-09-25T13:41:55.398Z] {"timestamp":1790343714570,"kind":"scroll","url":"http://localhost:3000/","viewport":{"width":1600,"height":732},"payload":{"scrollX":0,"scrollY":4376.66650390625,"documentHeight":7948,"viewportHeight":732}}
[2026-09-25T13:41:55.398Z] {"timestamp":1790343715187,"kind":"scroll","url":"http://localhost:3000/","viewport":{"width":1600,"height":732},"payload":{"scrollX":0,"scrollY":4623.3330078125,"documentHeight":7948,"viewportHeight":732}}
[2026-09-25T13:41:57.404Z] {"timestamp":1790343715869,"kind":"scroll","url":"http://localhost:3000/","viewport":{"width":1600,"height":732},"payload":{"scrollX":0,"scrollY":4498.3330078125,"documentHeight":7948,"viewportHeight":732}}
[2026-09-25T13:42:01.406Z] {"timestamp":1790343720320,"kind":"scroll","url":"http://localhost:3000/","viewport":{"width":1600,"height":900},"payload":{"scrollX":0,"scrollY":4373.3330078125,"documentHeight":8117,"viewportHeight":900}}
[2026-09-25T13:42:01.406Z] {"timestamp":1790343720870,"kind":"scroll","url":"http://localhost:3000/","viewport":{"width":1600,"height":900},"payload":{"scrollX":0,"scrollY":4001.66650390625,"documentHeight":8117,"viewportHeight":900}}
[2026-09-25T13:42:03.402Z] {"timestamp":1790343721370,"kind":"scroll","url":"http://localhost:3000/","viewport":{"width":1600,"height":900},"payload":{"scrollX":0,"scrollY":4531.66650390625,"documentHeight":8117,"viewportHeight":900}}
[2026-09-25T13:42:03.402Z] {"timestamp":1790343722553,"kind":"scroll","url":"http://localhost:3000/","viewport":{"width":1600,"height":900},"payload":{"scrollX":0,"scrollY":4623.3330078125,"documentHeight":8117,"viewportHeight":900}}
[2026-09-25T13:42:05.417Z] {"timestamp":1790343723507,"kind":"click","url":"http://localhost:3000/","viewport":{"width":1600,"height":900},"payload":{"target":{"tag":"section","id":"amostras","name":null,"type":null,"role":null,"ariaLabel":null,"testId":null,"dataLoc":"client/src/pages/Home.tsx:455","href":null,"text":"/ NXS-02 : RASTREABILIDADE TOTAL Torre de Amostra Grátis. DISTRIBUIÇÃO 860 MIL+ …","selectorHint":"[data-loc=\"client/src/pages/Home.tsx:455\"]"},"x":1450,"y":380}}
[2026-09-25T13:42:05.418Z] {"timestamp":1790343724187,"kind":"scroll","url":"http://localhost:3000/","viewport":{"width":1600,"height":900},"payload":{"scrollX":0,"scrollY":4498.3330078125,"documentHeight":8117,"viewportHeight":900}}
[2026-09-25T13:42:05.418Z] {"timestamp":1790343724719,"kind":"scroll","url":"http://localhost:3000/","viewport":{"width":1600,"height":900},"payload":{"scrollX":0,"scrollY":3748.333251953125,"documentHeight":8117,"viewportHeight":900}}
[2026-09-25T13:42:05.418Z] {"timestamp":1790343725299,"kind":"scroll","url":"http://localhost:3000/","viewport":{"width":1600,"height":900},"payload":{"scrollX":0,"scrollY":3123.333251953125,"documentHeight":8117,"viewportHeight":900}}
[2026-09-25T13:42:07.403Z] {"timestamp":1790343725897,"kind":"scroll","url":"http://localhost:3000/","viewport":{"width":1600,"height":900},"payload":{"scrollX":0,"scrollY":2247.5,"documentHeight":8117,"viewportHeight":900}}
[2026-09-25T13:42:07.403Z] {"timestamp":1790343726431,"kind":"scroll","url":"http://localhost:3000/","viewport":{"width":1600,"height":900},"payload":{"scrollX":0,"scrollY":1373.333251953125,"documentHeight":8117,"viewportHeight":900}}
[2026-09-25T13:42:07.403Z] {"timestamp":1790343727100,"kind":"scroll","url":"http://localhost:3000/","viewport":{"width":1600,"height":900},"payload":{"scrollX":0,"scrollY":373.33331298828125,"documentHeight":8117,"viewportHeight":900}}
[2026-09-25T13:42:09.401Z] {"timestamp":1790343727872,"kind":"scroll","url":"http://localhost:3000/","viewport":{"width":1600,"height":900},"payload":{"scrollX":0,"scrollY":1.6666666269302368,"documentHeight":8117,"viewportHeight":900}}
[2026-09-25T13:42:09.401Z] {"timestamp":1790343729170,"kind":"scroll","url":"http://localhost:3000/","viewport":{"width":1600,"height":900},"payload":{"scrollX":0,"scrollY":998.3333129882812,"documentHeight":8117,"viewportHeight":900}}
[2026-09-25T13:42:11.404Z] {"timestamp":1790343729736,"kind":"scroll","url":"http://localhost:3000/","viewport":{"width":1600,"height":900},"payload":{"scrollX":0,"scrollY":623.3333129882812,"documentHeight":8117,"viewportHeight":900}}
[2026-09-25T13:42:11.404Z] {"timestamp":1790343730238,"kind":"scroll","url":"http://localhost:3000/","viewport":{"width":1600,"height":900},"payload":{"scrollX":0,"scrollY":438.33331298828125,"documentHeight":8117,"viewportHeight":900}}
[2026-09-25T13:42:11.404Z] {"timestamp":1790343730754,"kind":"scroll","url":"http://localhost:3000/","viewport":{"width":1600,"height":900},"payload":{"scrollX":0,"scrollY":199.16665649414062,"documentHeight":8117,"viewportHeight":900}}
[2026-09-25T13:42:13.402Z] {"timestamp":1790343731939,"kind":"scroll","url":"http://localhost:3000/","viewport":{"width":1600,"height":900},"payload":{"scrollX":0,"scrollY":1.6666666269302368,"documentHeight":8117,"viewportHeight":900}}
[2026-09-25T13:42:13.402Z] {"timestamp":1790343732453,"kind":"scroll","url":"http://localhost:3000/","viewport":{"width":1600,"height":900},"payload":{"scrollX":0,"scrollY":829.1666259765625,"documentHeight":8117,"viewportHeight":900}}
[2026-09-25T13:42:15.412Z] {"timestamp":1790343733638,"kind":"scroll","url":"http://localhost:3000/","viewport":{"width":1600,"height":900},"payload":{"scrollX":0,"scrollY":1123.333251953125,"documentHeight":8117,"viewportHeight":900}}
[2026-09-25T13:42:15.412Z] {"timestamp":1790343734153,"kind":"scroll","url":"http://localhost:3000/","viewport":{"width":1600,"height":900},"payload":{"scrollX":0,"scrollY":873.3333129882812,"documentHeight":8117,"viewportHeight":900}}
[2026-09-25T13:42:15.412Z] {"timestamp":1790343735284,"kind":"focusin","url":"http://localhost:3000/","viewport":{"width":1600,"height":900},"payload":{"target":{"tag":"button","id":null,"name":null,"type":null,"role":null,"ariaLabel":null,"testId":null,"dataLoc":"client/src/pages/Home.tsx:220","href":null,"text":"VER O FUTURO","selectorHint":"[data-loc=\"client/src/pages/Home.tsx:220\"]"}}}
[2026-09-25T13:42:17.403Z] {"timestamp":1790343735380,"kind":"click","url":"http://localhost:3000/","viewport":{"width":1600,"height":900},"payload":{"target":{"tag":"button","id":null,"name":null,"type":null,"role":null,"ariaLabel":null,"testId":null,"dataLoc":"client/src/pages/Home.tsx:220","href":null,"text":"VER O FUTURO","selectorHint":"[data-loc=\"client/src/pages/Home.tsx:220\"]"},"x":1263,"y":335}}
[2026-09-25T13:42:17.403Z] {"timestamp":1790343735416,"kind":"scroll","url":"http://localhost:3000/","viewport":{"width":1600,"height":900},"payload":{"scrollX":0,"scrollY":626.6666259765625,"documentHeight":8117,"viewportHeight":900}}
[2026-09-25T13:42:17.403Z] {"timestamp":1790343735917,"kind":"scroll","url":"http://localhost:3000/","viewport":{"width":1600,"height":900},"payload":{"scrollX":0,"scrollY":4610.8330078125,"documentHeight":8117,"viewportHeight":900}}
[2026-09-25T13:42:17.403Z] {"timestamp":1790343736430,"kind":"scroll","url":"http://localhost:3000/","viewport":{"width":1600,"height":900},"payload":{"scrollX":0,"scrollY":5886.66650390625,"documentHeight":8117,"viewportHeight":900}}
[2026-09-25T13:42:19.416Z] {"timestamp":1790343738213,"kind":"focusout","url":"http://localhost:3000/","viewport":{"width":1600,"height":900},"payload":{"target":{"tag":"button","id":null,"name":null,"type":null,"role":null,"ariaLabel":null,"testId":null,"dataLoc":"client/src/pages/Home.tsx:220","href":null,"text":"VER O FUTURO","selectorHint":"[data-loc=\"client/src/pages/Home.tsx:220\"]"},"value":null}}
[2026-09-25T13:42:19.416Z] {"timestamp":1790343738213,"kind":"focusin","url":"http://localhost:3000/","viewport":{"width":1600,"height":900},"payload":{"target":{"tag":"button","id":null,"name":null,"type":null,"role":null,"ariaLabel":null,"testId":null,"dataLoc":"client/src/pages/Home.tsx:650","href":null,"text":"Voltar ao início","selectorHint":"[data-loc=\"client/src/pages/Home.tsx:650\"]"}}}
[2026-09-25T13:42:19.416Z] {"timestamp":1790343738300,"kind":"click","url":"http://localhost:3000/","viewport":{"width":1600,"height":900},"payload":{"target":{"tag":"button","id":null,"name":null,"type":null,"role":null,"ariaLabel":null,"testId":null,"dataLoc":"client/src/pages/Home.tsx:650","href":null,"text":"Voltar ao início","selectorHint":"[data-loc=\"client/src/pages/Home.tsx:650\"]"},"x":220,"y":491}}
[2026-09-25T13:42:19.416Z] {"timestamp":1790343738348,"kind":"scroll","url":"http://localhost:3000/","viewport":{"width":1600,"height":900},"payload":{"scrollX":0,"scrollY":5996.66650390625,"documentHeight":8117,"viewportHeight":900}}
[2026-09-25T13:42:19.416Z] {"timestamp":1790343738858,"kind":"scroll","url":"http://localhost:3000/","viewport":{"width":1600,"height":900},"payload":{"scrollX":0,"scrollY":2160,"documentHeight":8117,"viewportHeight":900}}
[2026-09-25T13:42:21.405Z] {"timestamp":1790343739364,"kind":"scroll","url":"http://localhost:3000/","viewport":{"width":1600,"height":900},"payload":{"scrollX":0,"scrollY":1016.6666259765625,"documentHeight":8117,"viewportHeight":900}}
[2026-09-25T13:42:21.405Z] {"timestamp":1790343739971,"kind":"focusout","url":"http://localhost:3000/","viewport":{"width":1600,"height":900},"payload":{"target":{"tag":"button","id":null,"name":null,"type":null,"role":null,"ariaLabel":null,"testId":null,"dataLoc":"client/src/pages/Home.tsx:650","href":null,"text":"Voltar ao início","selectorHint":"[data-loc=\"client/src/pages/Home.tsx:650\"]"},"value":null}}
[2026-09-25T13:42:21.405Z] {"timestamp":1790343739971,"kind":"focusin","url":"http://localhost:3000/","viewport":{"width":1600,"height":900},"payload":{"target":{"tag":"button","id":null,"name":null,"type":null,"role":null,"ariaLabel":null,"testId":null,"dataLoc":"client/src/pages/Home.tsx:234","href":null,"text":"Conhecer o ecossistema","selectorHint":"[data-loc=\"client/src/pages/Home.tsx:234\"]"}}}
[2026-09-25T13:42:21.405Z] {"timestamp":1790343740043,"kind":"click","url":"http://localhost:3000/","viewport":{"width":1600,"height":900},"payload":{"target":{"tag":"button","id":null,"name":null,"type":null,"role":null,"ariaLabel":null,"testId":null,"dataLoc":"client/src/pages/Home.tsx:234","href":null,"text":"Conhecer o ecossistema","selectorHint":"[data-loc=\"client/src/pages/Home.tsx:234\"]"},"x":335,"y":540}}
[2026-09-25T13:42:21.405Z] {"timestamp":1790343740081,"kind":"scroll","url":"http://localhost:3000/","viewport":{"width":1600,"height":900},"payload":{"scrollX":0,"scrollY":934.9999389648438,"documentHeight":8117,"viewportHeight":900}}
[2026-09-25T13:42:23.411Z] {"timestamp":1790343742038,"kind":"scroll","url":"http://localhost:3000/","viewport":{"width":1600,"height":900},"payload":{"scrollX":0,"scrollY":1645.833251953125,"documentHeight":8117,"viewportHeight":900}}
[2026-09-25T13:42:23.411Z] {"timestamp":1790343742688,"kind":"scroll","url":"http://localhost:3000/","viewport":{"width":1600,"height":900},"payload":{"scrollX":0,"scrollY":2145.833251953125,"documentHeight":8117,"viewportHeight":900}}
[2026-09-25T13:42:23.411Z] {"timestamp":1790343743202,"kind":"scroll","url":"http://localhost:3000/","viewport":{"width":1600,"height":900},"payload":{"scrollX":0,"scrollY":2642.5,"documentHeight":8117,"viewportHeight":900}}
[2026-09-25T13:42:25.405Z] {"timestamp":1790343744070,"kind":"scroll","url":"http://localhost:3000/","viewport":{"width":1600,"height":900},"payload":{"scrollX":0,"scrollY":2895.833251953125,"documentHeight":8117,"viewportHeight":900}}
[2026-09-25T13:42:27.398Z] {"timestamp":1790343745380,"kind":"scroll","url":"http://localhost:3000/","viewport":{"width":1600,"height":900},"payload":{"scrollX":0,"scrollY":3270.833251953125,"documentHeight":8117,"viewportHeight":900}}
[2026-09-25T13:42:27.398Z] {"timestamp":1790343745887,"kind":"scroll","url":"http://localhost:3000/","viewport":{"width":1600,"height":900},"payload":{"scrollX":0,"scrollY":3795.833251953125,"documentHeight":8117,"viewportHeight":900}}
[2026-09-25T13:42:27.398Z] {"timestamp":1790343746396,"kind":"scroll","url":"http://localhost:3000/","viewport":{"width":1600,"height":900},"payload":{"scrollX":0,"scrollY":4323.3330078125,"documentHeight":8117,"viewportHeight":900}}
[2026-09-25T13:42:27.398Z] {"timestamp":1790343746910,"kind":"scroll","url":"http://localhost:3000/","viewport":{"width":1600,"height":900},"payload":{"scrollX":0,"scrollY":4845.8330078125,"documentHeight":8117,"viewportHeight":900}}
[2026-09-25T13:42:29.450Z] {"timestamp":1790343747514,"kind":"scroll","url":"http://localhost:3000/","viewport":{"width":1600,"height":900},"payload":{"scrollX":0,"scrollY":5395.8330078125,"documentHeight":8117,"viewportHeight":900}}
[2026-09-25T13:42:29.450Z] {"timestamp":1790343748030,"kind":"scroll","url":"http://localhost:3000/","viewport":{"width":1600,"height":900},"payload":{"scrollX":0,"scrollY":6216.66650390625,"documentHeight":8117,"viewportHeight":900}}
[2026-09-25T13:42:29.450Z] {"timestamp":1790343748543,"kind":"scroll","url":"http://localhost:3000/","viewport":{"width":1600,"height":900},"payload":{"scrollX":0,"scrollY":6644.16650390625,"documentHeight":8117,"viewportHeight":900}}
[2026-09-25T13:42:29.450Z] {"timestamp":1790343749064,"kind":"scroll","url":"http://localhost:3000/","viewport":{"width":1600,"height":900},"payload":{"scrollX":0,"scrollY":6142.5,"documentHeight":8117,"viewportHeight":900}}
[2026-09-25T13:42:31.401Z] {"timestamp":1790343749567,"kind":"scroll","url":"http://localhost:3000/","viewport":{"width":1600,"height":900},"payload":{"scrollX":0,"scrollY":6065,"documentHeight":8117,"viewportHeight":900}}
[2026-09-25T13:42:31.401Z] {"timestamp":1790343750071,"kind":"scroll","url":"http://localhost:3000/","viewport":{"width":1600,"height":900},"payload":{"scrollX":0,"scrollY":6632.49951171875,"documentHeight":8117,"viewportHeight":900}}
[2026-09-25T13:42:33.401Z] {"timestamp":1790343751805,"kind":"scroll","url":"http://localhost:3000/","viewport":{"width":1600,"height":900},"payload":{"scrollX":0,"scrollY":6645.8330078125,"documentHeight":8117,"viewportHeight":900}}
[2026-09-25T13:42:33.401Z] {"timestamp":1790343752320,"kind":"scroll","url":"http://localhost:3000/","viewport":{"width":1600,"height":900},"payload":{"scrollX":0,"scrollY":7216.66650390625,"documentHeight":8117,"viewportHeight":900}}
[2026-09-25T13:42:35.416Z] {"timestamp":1790343753606,"kind":"keydown","url":"http://localhost:3000/","viewport":{"width":1600,"height":900},"payload":{"key":"[REDACTED]","target":{"tag":"button","id":null,"name":null,"type":null,"role":null,"ariaLabel":null,"testId":null,"dataLoc":"client/src/pages/Home.tsx:234","href":null,"text":"Conhecer o ecossistema","selectorHint":"[data-loc=\"client/src/pages/Home.tsx:234\"]"}}}
[2026-09-25T13:42:37.400Z] {"timestamp":1790343756206,"kind":"scroll","url":"http://localhost:3000/","viewport":{"width":1600,"height":900},"payload":{"scrollX":0,"scrollY":7214.99951171875,"documentHeight":8117,"viewportHeight":900}}
[2026-09-25T13:42:40.282Z] {"timestamp":1790343758580,"kind":"focusout","url":"http://localhost:3000/","viewport":{"width":1600,"height":732},"payload":{"target":{"tag":"button","id":null,"name":null,"type":null,"role":null,"ariaLabel":null,"testId":null,"dataLoc":"client/src/pages/Home.tsx:234","href":null,"text":"Conhecer o ecossistema","selectorHint":"[data-loc=\"client/src/pages/Home.tsx:234\"]"},"value":null}}
[2026-09-25T13:49:07.877Z] {"timestamp":1790344145361,"kind":"focusin","url":"http://localhost:3000/","viewport":{"width":1600,"height":732},"payload":{"target":{"tag":"button","id":null,"name":null,"type":null,"role":null,"ariaLabel":null,"testId":null,"dataLoc":"client/src/pages/Home.tsx:234","href":null,"text":"Conhecer o ecossistema","selectorHint":"[data-loc=\"client/src/pages/Home.tsx:234\"]"}}}
[2026-09-25T13:49:07.877Z] {"timestamp":1790344145895,"kind":"scroll","url":"http://localhost:3000/","viewport":{"width":1600,"height":732},"payload":{"scrollX":0,"scrollY":6968.3330078125,"documentHeight":7948,"viewportHeight":732}}
[2026-09-25T13:49:07.877Z] {"timestamp":1790344146411,"kind":"scroll","url":"http://localhost:3000/","viewport":{"width":1600,"height":732},"payload":{"scrollX":0,"scrollY":7214.99951171875,"documentHeight":7948,"viewportHeight":732}}
[2026-09-25T13:49:07.877Z] {"timestamp":1790344147094,"kind":"scroll","url":"http://localhost:3000/","viewport":{"width":1600,"height":732},"payload":{"scrollX":0,"scrollY":6339.99951171875,"documentHeight":7948,"viewportHeight":732}}
[2026-09-25T13:49:09.420Z] {"timestamp":1790344147610,"kind":"scroll","url":"http://localhost:3000/","viewport":{"width":1600,"height":732},"payload":{"scrollX":0,"scrollY":5820,"documentHeight":7948,"viewportHeight":732}}
[2026-09-25T13:49:09.420Z] {"timestamp":1790344148837,"kind":"focusout","url":"http://localhost:3000/","viewport":{"width":1600,"height":732},"payload":{"target":{"tag":"button","id":null,"name":null,"type":null,"role":null,"ariaLabel":null,"testId":null,"dataLoc":"client/src/pages/Home.tsx:234","href":null,"text":"Conhecer o ecossistema","selectorHint":"[data-loc=\"client/src/pages/Home.tsx:234\"]"},"value":null}}
[2026-09-25T13:49:11.403Z] {"timestamp":1790344150563,"kind":"click","url":"http://localhost:3000/","viewport":{"width":1600,"height":732},"payload":{"target":{"tag":"p","id":null,"name":null,"type":null,"role":null,"ariaLabel":null,"testId":null,"dataLoc":"client/src/pages/Home.tsx:649","href":null,"text":"Com o Painel Intercompany e a Torre de AG 100% concluídos, o foco atual está no …","selectorHint":"[data-loc=\"client/src/pages/Home.tsx:649\"]"},"x":550,"y":547}}
[2026-09-25T13:54:27.412Z] {"timestamp":1790344466266,"kind":"scroll","url":"http://localhost:3000/","viewport":{"width":1600,"height":732},"payload":{"scrollX":0,"scrollY":5718.3330078125,"documentHeight":8143,"viewportHeight":732}}
[2026-09-25T13:54:27.412Z] {"timestamp":1790344466866,"kind":"scroll","url":"http://localhost:3000/","viewport":{"width":1600,"height":732},"payload":{"scrollX":0,"scrollY":6090,"documentHeight":8143,"viewportHeight":732}}
[2026-09-25T13:54:29.407Z] {"timestamp":1790344468116,"kind":"scroll","url":"http://localhost:3000/","viewport":{"width":1600,"height":732},"payload":{"scrollX":0,"scrollY":5843.3330078125,"documentHeight":8143,"viewportHeight":732}}
[2026-09-25T13:54:45.572Z] {"timestamp":1790344483435,"kind":"scroll","url":"http://localhost:3000/","viewport":{"width":1600,"height":732},"payload":{"scrollX":0,"scrollY":5968.3330078125,"documentHeight":8143,"viewportHeight":732}}
[2026-09-25T13:54:45.572Z] {"timestamp":1790344483949,"kind":"scroll","url":"http://localhost:3000/","viewport":{"width":1600,"height":732},"payload":{"scrollX":0,"scrollY":6544.16650390625,"documentHeight":8143,"viewportHeight":732}}
[2026-09-25T13:56:47.561Z] {"timestamp":1790344606770,"kind":"scroll","url":"http://localhost:3000/","viewport":{"width":1600,"height":732},"payload":{"scrollX":0,"scrollY":6839.99951171875,"documentHeight":8143,"viewportHeight":732}}
[2026-09-25T13:56:47.561Z] {"timestamp":1790344607285,"kind":"scroll","url":"http://localhost:3000/","viewport":{"width":1600,"height":732},"payload":{"scrollX":0,"scrollY":6643.3330078125,"documentHeight":8143,"viewportHeight":732}}
[2026-09-25T13:59:18.803Z] {"timestamp":1790344757232,"kind":"scroll","url":"http://localhost:3000/","viewport":{"width":1600,"height":732},"payload":{"scrollX":0,"scrollY":1.6666666269302368,"documentHeight":7787,"viewportHeight":732}}
[2026-09-25T13:59:18.803Z] {"timestamp":1790344757752,"kind":"scroll","url":"http://localhost:3000/","viewport":{"width":1600,"height":732},"payload":{"scrollX":0,"scrollY":4749.16650390625,"documentHeight":7787,"viewportHeight":732}}
[2026-09-25T13:59:18.803Z] {"timestamp":1790344758254,"kind":"scroll","url":"http://localhost:3000/","viewport":{"width":1600,"height":732},"payload":{"scrollX":0,"scrollY":6553.3330078125,"documentHeight":8143,"viewportHeight":732}}
[2026-09-25T13:59:26.397Z] {"timestamp":1790344762882,"kind":"scroll","url":"http://localhost:3000/","viewport":{"width":1600,"height":732},"payload":{"scrollX":0,"scrollY":6322.49951171875,"documentHeight":8143,"viewportHeight":732}}
[2026-09-25T13:59:26.397Z] {"timestamp":1790344763381,"kind":"scroll","url":"http://localhost:3000/","viewport":{"width":1600,"height":732},"payload":{"scrollX":0,"scrollY":6234.16650390625,"documentHeight":8143,"viewportHeight":732}}
[2026-09-25T13:59:26.397Z] {"timestamp":1790344764498,"kind":"scroll","url":"http://localhost:3000/","viewport":{"width":1600,"height":732},"payload":{"scrollX":0,"scrollY":6144.99951171875,"documentHeight":8143,"viewportHeight":732}}
[2026-09-25T13:59:26.398Z] {"timestamp":1790344760666,"kind":"scroll","url":"http://localhost:3000/","viewport":{"width":1600,"height":732},"payload":{"scrollX":0,"scrollY":6836.66650390625,"documentHeight":8143,"viewportHeight":732}}
[2026-09-25T13:59:26.539Z] {"timestamp":1790344761298,"kind":"scroll","url":"http://localhost:3000/","viewport":{"width":1600,"height":732},"payload":{"scrollX":0,"scrollY":1204.1666259765625,"documentHeight":8143,"viewportHeight":732}}
[2026-09-25T13:59:26.540Z] {"timestamp":1790344761831,"kind":"scroll","url":"http://localhost:3000/","viewport":{"width":1600,"height":732},"payload":{"scrollX":0,"scrollY":5176.66650390625,"documentHeight":8143,"viewportHeight":732}}
[2026-09-25T13:59:26.540Z] {"timestamp":1790344762364,"kind":"scroll","url":"http://localhost:3000/","viewport":{"width":1600,"height":732},"payload":{"scrollX":0,"scrollY":5996.66650390625,"documentHeight":8143,"viewportHeight":732}}
[2026-09-25T13:59:26.783Z] {"timestamp":1790344765332,"kind":"scroll","url":"http://localhost:3000/","viewport":{"width":1600,"height":732},"payload":{"scrollX":0,"scrollY":5927.5,"documentHeight":8143,"viewportHeight":732}}
[2026-09-25T13:59:26.783Z] {"timestamp":1790344765831,"kind":"scroll","url":"http://localhost:3000/","viewport":{"width":1600,"height":732},"payload":{"scrollX":0,"scrollY":6500.8330078125,"documentHeight":8143,"viewportHeight":732}}
[2026-09-25T13:59:28.779Z] {"timestamp":1790344766707,"kind":"focusin","url":"http://localhost:3000/","viewport":{"width":1600,"height":732},"payload":{"target":{"tag":"video","id":null,"name":null,"type":null,"role":null,"ariaLabel":null,"testId":null,"dataLoc":"client/src/pages/Home.tsx:668","href":null,"text":"Seu navegador não suporta a reprodução de vídeos.","selectorHint":"[data-loc=\"client/src/pages/Home.tsx:668\"]"}}}
[2026-09-25T13:59:28.779Z] {"timestamp":1790344766803,"kind":"click","url":"http://localhost:3000/","viewport":{"width":1600,"height":732},"payload":{"target":{"tag":"video","id":null,"name":null,"type":null,"role":null,"ariaLabel":null,"testId":null,"dataLoc":"client/src/pages/Home.tsx:668","href":null,"text":"Seu navegador não suporta a reprodução de vídeos.","selectorHint":"[data-loc=\"client/src/pages/Home.tsx:668\"]"},"x":680,"y":417}}
[2026-09-25T13:59:40.937Z] {"timestamp":1790344778995,"kind":"click","url":"http://localhost:3000/","viewport":{"width":1600,"height":732},"payload":{"target":{"tag":"video","id":null,"name":null,"type":null,"role":null,"ariaLabel":null,"testId":null,"dataLoc":"client/src/pages/Home.tsx:668","href":null,"text":"Seu navegador não suporta a reprodução de vídeos.","selectorHint":"[data-loc=\"client/src/pages/Home.tsx:668\"]"},"x":754,"y":302}}
[2026-09-25T13:59:50.938Z] {"timestamp":1790344789972,"kind":"focusout","url":"http://localhost:3000/","viewport":{"width":1600,"height":732},"payload":{"target":{"tag":"video","id":null,"name":null,"type":null,"role":null,"ariaLabel":null,"testId":null,"dataLoc":"client/src/pages/Home.tsx:668","href":null,"text":"Seu navegador não suporta a reprodução de vídeos.","selectorHint":"[data-loc=\"client/src/pages/Home.tsx:668\"]"},"value":null}}
[2026-09-25T13:59:50.938Z] {"timestamp":1790344790075,"kind":"click","url":"http://localhost:3000/","viewport":{"width":1600,"height":732},"payload":{"target":{"tag":"main","id":null,"name":null,"type":null,"role":null,"ariaLabel":null,"testId":null,"dataLoc":"client/src/pages/Home.tsx:189","href":null,"text":"PROJECT NEXUS / HYPERA LOGÍSTICA / INTELLIGENCE / PROJECT NEXUS / HYPERA LOGÍSTI…","selectorHint":"[data-loc=\"client/src/pages/Home.tsx:189\"]"},"x":1432,"y":324}}
[2026-09-25T13:59:56.791Z] {"timestamp":1790344796373,"kind":"scroll","url":"http://localhost:3000/","viewport":{"width":1600,"height":732},"payload":{"scrollX":0,"scrollY":6640.8330078125,"documentHeight":8143,"viewportHeight":732}}
[2026-09-25T13:59:58.781Z] {"timestamp":1790344796888,"kind":"scroll","url":"http://localhost:3000/","viewport":{"width":1600,"height":732},"payload":{"scrollX":0,"scrollY":7363.3330078125,"documentHeight":8143,"viewportHeight":732}}
[2026-09-25T14:00:00.780Z] {"timestamp":1790344800489,"kind":"scroll","url":"http://localhost:3000/","viewport":{"width":1600,"height":732},"payload":{"scrollX":0,"scrollY":7409.99951171875,"documentHeight":8143,"viewportHeight":732}}
[2026-09-25T14:00:02.783Z] {"timestamp":1790344800998,"kind":"scroll","url":"http://localhost:3000/","viewport":{"width":1600,"height":732},"payload":{"scrollX":0,"scrollY":6672.49951171875,"documentHeight":8143,"viewportHeight":732}}
[2026-09-25T14:00:02.783Z] {"timestamp":1790344801581,"kind":"scroll","url":"http://localhost:3000/","viewport":{"width":1600,"height":732},"payload":{"scrollX":0,"scrollY":6409.99951171875,"documentHeight":8143,"viewportHeight":732}}
[2026-09-25T14:00:02.783Z] {"timestamp":1790344802087,"kind":"scroll","url":"http://localhost:3000/","viewport":{"width":1600,"height":732},"payload":{"scrollX":0,"scrollY":6019.16650390625,"documentHeight":8143,"viewportHeight":732}}
[2026-09-25T14:04:00.947Z] {"timestamp":1790345039159,"kind":"scroll","url":"http://localhost:3000/","viewport":{"width":1600,"height":732},"payload":{"scrollX":0,"scrollY":5910,"documentHeight":8126,"viewportHeight":732}}
[2026-09-25T14:04:00.947Z] {"timestamp":1790345039787,"kind":"scroll","url":"http://localhost:3000/","viewport":{"width":1600,"height":732},"payload":{"scrollX":0,"scrollY":5159.16650390625,"documentHeight":8126,"viewportHeight":732}}
[2026-09-25T14:04:04.795Z] {"timestamp":1790345042692,"kind":"scroll","url":"http://localhost:3000/","viewport":{"width":1600,"height":732},"payload":{"scrollX":0,"scrollY":4285,"documentHeight":8126,"viewportHeight":732}}
[2026-09-25T14:04:04.795Z] {"timestamp":1790345043192,"kind":"scroll","url":"http://localhost:3000/","viewport":{"width":1600,"height":732},"payload":{"scrollX":0,"scrollY":3448.333251953125,"documentHeight":8126,"viewportHeight":732}}
[2026-09-25T14:04:04.795Z] {"timestamp":1790345044060,"kind":"scroll","url":"http://localhost:3000/","viewport":{"width":1600,"height":732},"payload":{"scrollX":0,"scrollY":2660,"documentHeight":8126,"viewportHeight":732}}
[2026-09-25T14:04:04.795Z] {"timestamp":1790345044576,"kind":"scroll","url":"http://localhost:3000/","viewport":{"width":1600,"height":732},"payload":{"scrollX":0,"scrollY":1858.333251953125,"documentHeight":8126,"viewportHeight":732}}
[2026-09-25T14:04:06.795Z] {"timestamp":1790345045076,"kind":"scroll","url":"http://localhost:3000/","viewport":{"width":1600,"height":732},"payload":{"scrollX":0,"scrollY":855.8333129882812,"documentHeight":8126,"viewportHeight":732}}
[2026-09-25T14:04:10.791Z] {"timestamp":1790345049527,"kind":"scroll","url":"http://localhost:3000/","viewport":{"width":1600,"height":900},"payload":{"scrollX":0,"scrollY":1.6666666269302368,"documentHeight":8294,"viewportHeight":900}}
[2026-09-25T14:04:10.792Z] {"timestamp":1790345050593,"kind":"scroll","url":"http://localhost:3000/","viewport":{"width":1600,"height":900},"payload":{"scrollX":0,"scrollY":751.6666259765625,"documentHeight":8294,"viewportHeight":900}}
[2026-09-25T14:04:12.790Z] {"timestamp":1790345051093,"kind":"scroll","url":"http://localhost:3000/","viewport":{"width":1600,"height":900},"payload":{"scrollX":0,"scrollY":1286.6666259765625,"documentHeight":8294,"viewportHeight":900}}
[2026-09-25T14:04:12.790Z] {"timestamp":1790345051609,"kind":"scroll","url":"http://localhost:3000/","viewport":{"width":1600,"height":900},"payload":{"scrollX":0,"scrollY":1501.6666259765625,"documentHeight":8294,"viewportHeight":900}}
[2026-09-25T14:04:12.790Z] {"timestamp":1790345052542,"kind":"scroll","url":"http://localhost:3000/","viewport":{"width":1600,"height":900},"payload":{"scrollX":0,"scrollY":1623.333251953125,"documentHeight":8294,"viewportHeight":900}}
[2026-09-25T14:04:14.780Z] {"timestamp":1790345053376,"kind":"scroll","url":"http://localhost:3000/","viewport":{"width":1600,"height":900},"payload":{"scrollX":0,"scrollY":1251.6666259765625,"documentHeight":8294,"viewportHeight":900}}
[2026-09-25T14:04:14.780Z] {"timestamp":1790345054177,"kind":"scroll","url":"http://localhost:3000/","viewport":{"width":1600,"height":900},"payload":{"scrollX":0,"scrollY":1501.6666259765625,"documentHeight":8294,"viewportHeight":900}}
[2026-09-25T14:04:22.947Z] {"timestamp":1790345060793,"kind":"scroll","url":"http://localhost:3000/","viewport":{"width":1600,"height":900},"payload":{"scrollX":0,"scrollY":1623.333251953125,"documentHeight":8294,"viewportHeight":900}}
[2026-09-25T14:04:24.791Z] {"timestamp":1790345063293,"kind":"scroll","url":"http://localhost:3000/","viewport":{"width":1600,"height":900},"payload":{"scrollX":0,"scrollY":1501.6666259765625,"documentHeight":8294,"viewportHeight":900}}
[2026-09-25T14:04:24.791Z] {"timestamp":1790345063805,"kind":"scroll","url":"http://localhost:3000/","viewport":{"width":1600,"height":900},"payload":{"scrollX":0,"scrollY":1869.9998779296875,"documentHeight":8294,"viewportHeight":900}}
[2026-09-25T14:04:24.791Z] {"timestamp":1790345064453,"kind":"scroll","url":"http://localhost:3000/","viewport":{"width":1600,"height":900},"payload":{"scrollX":0,"scrollY":2126.66650390625,"documentHeight":8294,"viewportHeight":900}}
[2026-09-25T14:04:42.949Z] {"timestamp":1790345080777,"kind":"scroll","url":"http://localhost:3000/","viewport":{"width":1600,"height":900},"payload":{"scrollX":0,"scrollY":2376.66650390625,"documentHeight":8294,"viewportHeight":900}}
[2026-09-25T14:04:42.949Z] {"timestamp":1790345081377,"kind":"scroll","url":"http://localhost:3000/","viewport":{"width":1600,"height":900},"payload":{"scrollX":0,"scrollY":2626.66650390625,"documentHeight":8294,"viewportHeight":900}}
[2026-09-25T14:04:42.949Z] {"timestamp":1790345081892,"kind":"scroll","url":"http://localhost:3000/","viewport":{"width":1600,"height":900},"payload":{"scrollX":0,"scrollY":2940.833251953125,"documentHeight":8294,"viewportHeight":900}}
[2026-09-25T14:04:44.791Z] {"timestamp":1790345083075,"kind":"click","url":"http://localhost:3000/","viewport":{"width":1600,"height":900},"payload":{"target":{"tag":"div","id":null,"name":null,"type":null,"role":null,"ariaLabel":null,"testId":null,"dataLoc":"client/src/pages/Home.tsx:406","href":null,"text":"Atualizações 04x / dia Saídas E-mail + BI Histórico Completo","selectorHint":"[data-loc=\"client/src/pages/Home.tsx:406\"]"},"x":618,"y":490}}
[2026-09-25T14:04:50.781Z] {"timestamp":1790345088804,"kind":"click","url":"http://localhost:3000/","viewport":{"width":1600,"height":900},"payload":{"target":{"tag":"img","id":null,"name":null,"type":null,"role":null,"ariaLabel":null,"testId":null,"dataLoc":"client/src/pages/Home.tsx:434","href":null,"text":"","selectorHint":"[data-loc=\"client/src/pages/Home.tsx:434\"]"},"x":620,"y":500}}
[2026-09-25T14:04:50.781Z] {"timestamp":1790345089793,"kind":"scroll","url":"http://localhost:3000/","viewport":{"width":1600,"height":900},"payload":{"scrollX":0,"scrollY":3001.66650390625,"documentHeight":8294,"viewportHeight":900}}
[2026-09-25T14:04:50.781Z] {"timestamp":1790345090326,"kind":"scroll","url":"http://localhost:3000/","viewport":{"width":1600,"height":900},"payload":{"scrollX":0,"scrollY":3376.66650390625,"documentHeight":8294,"viewportHeight":900}}
[2026-09-25T14:04:52.793Z] {"timestamp":1790345090854,"kind":"scroll","url":"http://localhost:3000/","viewport":{"width":1600,"height":900},"payload":{"scrollX":0,"scrollY":3876.66650390625,"documentHeight":8294,"viewportHeight":900}}
[2026-09-25T14:04:54.792Z] {"timestamp":1790345092843,"kind":"scroll","url":"http://localhost:3000/","viewport":{"width":1600,"height":900},"payload":{"scrollX":0,"scrollY":4001.66650390625,"documentHeight":8294,"viewportHeight":900}}
[2026-09-25T14:04:54.792Z] {"timestamp":1790345093660,"kind":"scroll","url":"http://localhost:3000/","viewport":{"width":1600,"height":900},"payload":{"scrollX":0,"scrollY":4376.66650390625,"documentHeight":8294,"viewportHeight":900}}
[2026-09-25T14:04:54.792Z] {"timestamp":1790345094315,"kind":"click","url":"http://localhost:3000/","viewport":{"width":1600,"height":900},"payload":{"target":{"tag":"div","id":null,"name":null,"type":null,"role":null,"ariaLabel":null,"testId":null,"dataLoc":"client/src/pages/Home.tsx:579","href":null,"text":"Entregues 860 mil+ cx","selectorHint":"[data-loc=\"client/src/pages/Home.tsx:579\"]"},"x":458,"y":425}}
[2026-09-25T14:04:56.784Z] {"timestamp":1790345095360,"kind":"scroll","url":"http://localhost:3000/","viewport":{"width":1600,"height":900},"payload":{"scrollX":0,"scrollY":4501.66650390625,"documentHeight":8294,"viewportHeight":900}}
[2026-09-25T14:04:56.784Z] {"timestamp":1790345095876,"kind":"scroll","url":"http://localhost:3000/","viewport":{"width":1600,"height":900},"payload":{"scrollX":0,"scrollY":4511.66650390625,"documentHeight":8294,"viewportHeight":900}}
[2026-09-25T14:04:58.792Z] {"timestamp":1790345097971,"kind":"scroll","url":"http://localhost:3000/","viewport":{"width":1600,"height":900},"payload":{"scrollX":0,"scrollY":4001.66650390625,"documentHeight":8294,"viewportHeight":900}}
[2026-09-25T14:04:58.792Z] {"timestamp":1790345098570,"kind":"scroll","url":"http://localhost:3000/","viewport":{"width":1600,"height":900},"payload":{"scrollX":0,"scrollY":4501.66650390625,"documentHeight":8294,"viewportHeight":900}}
[2026-09-25T14:05:00.782Z] {"timestamp":1790345099076,"kind":"scroll","url":"http://localhost:3000/","viewport":{"width":1600,"height":900},"payload":{"scrollX":0,"scrollY":5373.3330078125,"documentHeight":8294,"viewportHeight":900}}
[2026-09-25T14:05:00.782Z] {"timestamp":1790345099593,"kind":"scroll","url":"http://localhost:3000/","viewport":{"width":1600,"height":900},"payload":{"scrollX":0,"scrollY":5761.66650390625,"documentHeight":8294,"viewportHeight":900}}
[2026-09-25T14:05:00.782Z] {"timestamp":1790345100337,"kind":"scroll","url":"http://localhost:3000/","viewport":{"width":1600,"height":900},"payload":{"scrollX":0,"scrollY":6501.66650390625,"documentHeight":8294,"viewportHeight":900}}
[2026-09-25T14:05:02.780Z] {"timestamp":1790345101244,"kind":"scroll","url":"http://localhost:3000/","viewport":{"width":1600,"height":900},"payload":{"scrollX":0,"scrollY":6998.3330078125,"documentHeight":8294,"viewportHeight":900}}
[2026-09-25T14:05:02.781Z] {"timestamp":1790345102654,"kind":"focusin","url":"http://localhost:3000/","viewport":{"width":1600,"height":900},"payload":{"target":{"tag":"video","id":null,"name":null,"type":null,"role":null,"ariaLabel":null,"testId":null,"dataLoc":"client/src/pages/Home.tsx:750","href":null,"text":"Seu navegador não suporta a reprodução de vídeos.","selectorHint":"[data-loc=\"client/src/pages/Home.tsx:750\"]"}}}
[2026-09-25T14:05:05.003Z] {"timestamp":1790345102779,"kind":"click","url":"http://localhost:3000/","viewport":{"width":1600,"height":900},"payload":{"target":{"tag":"video","id":null,"name":null,"type":null,"role":null,"ariaLabel":null,"testId":null,"dataLoc":"client/src/pages/Home.tsx:750","href":null,"text":"Seu navegador não suporta a reprodução de vídeos.","selectorHint":"[data-loc=\"client/src/pages/Home.tsx:750\"]"},"x":719,"y":463}}
[2026-09-25T14:05:14.943Z] {"timestamp":1790345114496,"kind":"scroll","url":"http://localhost:3000/","viewport":{"width":1600,"height":900},"payload":{"scrollX":0,"scrollY":6751.66650390625,"documentHeight":8294,"viewportHeight":900}}
[2026-09-25T14:05:16.795Z] {"timestamp":1790345115011,"kind":"scroll","url":"http://localhost:3000/","viewport":{"width":1600,"height":900},"payload":{"scrollX":0,"scrollY":7007.49951171875,"documentHeight":8294,"viewportHeight":900}}
[2026-09-25T14:05:16.795Z] {"timestamp":1790345115526,"kind":"scroll","url":"http://localhost:3000/","viewport":{"width":1600,"height":900},"payload":{"scrollX":0,"scrollY":7313.3330078125,"documentHeight":8294,"viewportHeight":900}}
[2026-09-25T14:05:20.791Z] {"timestamp":1790345119234,"kind":"keydown","url":"http://localhost:3000/","viewport":{"width":1600,"height":900},"payload":{"key":"[REDACTED]","target":{"tag":"video","id":null,"name":null,"type":null,"role":null,"ariaLabel":null,"testId":null,"dataLoc":"client/src/pages/Home.tsx:750","href":null,"text":"Seu navegador não suporta a reprodução de vídeos.","selectorHint":"[data-loc=\"client/src/pages/Home.tsx:750\"]"}}}
[2026-09-25T14:05:24.784Z] {"timestamp":1790345123667,"kind":"focusout","url":"http://localhost:3000/","viewport":{"width":1600,"height":732},"payload":{"target":{"tag":"video","id":null,"name":null,"type":null,"role":null,"ariaLabel":null,"testId":null,"dataLoc":"client/src/pages/Home.tsx:750","href":null,"text":"Seu navegador não suporta a reprodução de vídeos.","selectorHint":"[data-loc=\"client/src/pages/Home.tsx:750\"]"},"value":null}}
[2026-09-25T14:05:48.950Z] {"timestamp":1790345147980,"kind":"focusin","url":"http://localhost:3000/","viewport":{"width":1600,"height":732},"payload":{"target":{"tag":"video","id":null,"name":null,"type":null,"role":null,"ariaLabel":null,"testId":null,"dataLoc":"client/src/pages/Home.tsx:750","href":null,"text":"Seu navegador não suporta a reprodução de vídeos.","selectorHint":"[data-loc=\"client/src/pages/Home.tsx:750\"]"}}}
[2026-09-25T14:05:59.459Z] {"timestamp":1790345157358,"kind":"focusout","url":"http://localhost:3000/","viewport":{"width":1600,"height":732},"payload":{"target":{"tag":"video","id":null,"name":null,"type":null,"role":null,"ariaLabel":null,"testId":null,"dataLoc":"client/src/pages/Home.tsx:750","href":null,"text":"Seu navegador não suporta a reprodução de vídeos.","selectorHint":"[data-loc=\"client/src/pages/Home.tsx:750\"]"},"value":null}}
[2026-09-25T14:06:06.934Z] {"timestamp":1790345165555,"kind":"focusin","url":"http://localhost:3000/","viewport":{"width":1600,"height":732},"payload":{"target":{"tag":"video","id":null,"name":null,"type":null,"role":null,"ariaLabel":null,"testId":null,"dataLoc":"client/src/pages/Home.tsx:750","href":null,"text":"Seu navegador não suporta a reprodução de vídeos.","selectorHint":"[data-loc=\"client/src/pages/Home.tsx:750\"]"}}}
[2026-09-25T14:06:06.934Z] {"timestamp":1790345166428,"kind":"scroll","url":"http://localhost:3000/","viewport":{"width":1600,"height":732},"payload":{"scrollX":0,"scrollY":7392.49951171875,"documentHeight":8126,"viewportHeight":732}}
[2026-09-25T14:06:08.782Z] {"timestamp":1790345167112,"kind":"scroll","url":"http://localhost:3000/","viewport":{"width":1600,"height":732},"payload":{"scrollX":0,"scrollY":6892.49951171875,"documentHeight":8126,"viewportHeight":732}}
[2026-09-25T14:06:08.782Z] {"timestamp":1790345167645,"kind":"scroll","url":"http://localhost:3000/","viewport":{"width":1600,"height":732},"payload":{"scrollX":0,"scrollY":6517.49951171875,"documentHeight":8126,"viewportHeight":732}}
[2026-09-25T14:06:08.782Z] {"timestamp":1790345168428,"kind":"scroll","url":"http://localhost:3000/","viewport":{"width":1600,"height":732},"payload":{"scrollX":0,"scrollY":6142.5,"documentHeight":8126,"viewportHeight":732}}
[2026-09-25T14:06:30.966Z] {"timestamp":1790345190111,"kind":"scroll","url":"http://localhost:3000/","viewport":{"width":1600,"height":732},"payload":{"scrollX":0,"scrollY":5892.5,"documentHeight":8126,"viewportHeight":732}}
[2026-09-25T14:06:32.795Z] {"timestamp":1790345190722,"kind":"scroll","url":"http://localhost:3000/","viewport":{"width":1600,"height":732},"payload":{"scrollX":0,"scrollY":5141.66650390625,"documentHeight":8126,"viewportHeight":732}}
[2026-09-25T14:06:32.795Z] {"timestamp":1790345191388,"kind":"scroll","url":"http://localhost:3000/","viewport":{"width":1600,"height":732},"payload":{"scrollX":0,"scrollY":4267.5,"documentHeight":8126,"viewportHeight":732}}
[2026-09-25T14:06:32.795Z] {"timestamp":1790345192055,"kind":"scroll","url":"http://localhost:3000/","viewport":{"width":1600,"height":732},"payload":{"scrollX":0,"scrollY":3392.499755859375,"documentHeight":8126,"viewportHeight":732}}
[2026-09-25T14:06:32.795Z] {"timestamp":1790345192571,"kind":"scroll","url":"http://localhost:3000/","viewport":{"width":1600,"height":732},"payload":{"scrollX":0,"scrollY":2519.16650390625,"documentHeight":8126,"viewportHeight":732}}
[2026-09-25T14:06:34.782Z] {"timestamp":1790345193073,"kind":"scroll","url":"http://localhost:3000/","viewport":{"width":1600,"height":732},"payload":{"scrollX":0,"scrollY":2260.833251953125,"documentHeight":8126,"viewportHeight":732}}
[2026-09-25T14:06:34.782Z] {"timestamp":1790345193723,"kind":"scroll","url":"http://localhost:3000/","viewport":{"width":1600,"height":732},"payload":{"scrollX":0,"scrollY":1392.5,"documentHeight":8126,"viewportHeight":732}}
[2026-09-25T14:06:34.782Z] {"timestamp":1790345194233,"kind":"scroll","url":"http://localhost:3000/","viewport":{"width":1600,"height":732},"payload":{"scrollX":0,"scrollY":519.1666259765625,"documentHeight":8126,"viewportHeight":732}}
[2026-09-25T14:06:36.796Z] {"timestamp":1790345194791,"kind":"scroll","url":"http://localhost:3000/","viewport":{"width":1600,"height":732},"payload":{"scrollX":0,"scrollY":142.5,"documentHeight":8126,"viewportHeight":732}}
[2026-09-25T14:06:36.796Z] {"timestamp":1790345196580,"kind":"scroll","url":"http://localhost:3000/","viewport":{"width":1600,"height":732},"payload":{"scrollX":0,"scrollY":1.6666666269302368,"documentHeight":8126,"viewportHeight":732}}
[2026-09-25T14:06:38.783Z] {"timestamp":1790345197094,"kind":"scroll","url":"http://localhost:3000/","viewport":{"width":1600,"height":732},"payload":{"scrollX":0,"scrollY":543.3333129882812,"documentHeight":8126,"viewportHeight":732}}
[2026-09-25T14:06:38.783Z] {"timestamp":1790345198645,"kind":"scroll","url":"http://localhost:3000/","viewport":{"width":1600,"height":732},"payload":{"scrollX":0,"scrollY":626.6666259765625,"documentHeight":8126,"viewportHeight":732}}
[2026-09-25T14:06:41.248Z] {"timestamp":1790345199545,"kind":"scroll","url":"http://localhost:3000/","viewport":{"width":1600,"height":732},"payload":{"scrollX":0,"scrollY":998.3333129882812,"documentHeight":8126,"viewportHeight":732}}
[2026-09-25T14:06:41.249Z] {"timestamp":1790345200061,"kind":"scroll","url":"http://localhost:3000/","viewport":{"width":1600,"height":732},"payload":{"scrollX":0,"scrollY":748.3333129882812,"documentHeight":8126,"viewportHeight":732}}
[2026-09-25T14:06:53.464Z] {"timestamp":1790345211417,"kind":"focusout","url":"http://localhost:3000/","viewport":{"width":1600,"height":732},"payload":{"target":{"tag":"video","id":null,"name":null,"type":null,"role":null,"ariaLabel":null,"testId":null,"dataLoc":"client/src/pages/Home.tsx:750","href":null,"text":"Seu navegador não suporta a reprodução de vídeos.","selectorHint":"[data-loc=\"client/src/pages/Home.tsx:750\"]"},"value":null}}
[2026-09-25T14:09:56.453Z] {"timestamp":1790345396169,"kind":"focusin","url":"http://localhost:3000/","viewport":{"width":1600,"height":732},"payload":{"target":{"tag":"video","id":null,"name":null,"type":null,"role":null,"ariaLabel":null,"testId":null,"dataLoc":"client/src/pages/Home.tsx:750","href":null,"text":"Seu navegador não suporta a reprodução de vídeos.","selectorHint":"[data-loc=\"client/src/pages/Home.tsx:750\"]"}}}
[2026-09-25T14:09:59.298Z] {"timestamp":1790345397345,"kind":"focusout","url":"http://localhost:3000/","viewport":{"width":1600,"height":732},"payload":{"target":{"tag":"video","id":null,"name":null,"type":null,"role":null,"ariaLabel":null,"testId":null,"dataLoc":"client/src/pages/Home.tsx:750","href":null,"text":"Seu navegador não suporta a reprodução de vídeos.","selectorHint":"[data-loc=\"client/src/pages/Home.tsx:750\"]"},"value":null}}
[2026-09-25T14:16:22.813Z] {"timestamp":1790345781679,"kind":"focusin","url":"http://localhost:3000/","viewport":{"width":1600,"height":732},"payload":{"target":{"tag":"video","id":null,"name":null,"type":null,"role":null,"ariaLabel":null,"testId":null,"dataLoc":"client/src/pages/Home.tsx:738","href":null,"text":"Seu navegador não suporta a reprodução de vídeos.","selectorHint":"[data-loc=\"client/src/pages/Home.tsx:738\"]"}}}
[2026-09-25T14:16:25.897Z] {"timestamp":1790345784545,"kind":"scroll","url":"http://localhost:3000/","viewport":{"width":1600,"height":732},"payload":{"scrollX":0,"scrollY":625,"documentHeight":7770,"viewportHeight":732}}
[2026-09-25T14:16:25.897Z] {"timestamp":1790345785703,"kind":"scroll","url":"http://localhost:3000/","viewport":{"width":1600,"height":732},"payload":{"scrollX":0,"scrollY":590.8333129882812,"documentHeight":8126,"viewportHeight":732}}
[2026-09-25T14:16:34.061Z] {"timestamp":1790345792675,"kind":"scroll","url":"http://localhost:3000/","viewport":{"width":1600,"height":900},"payload":{"scrollX":0,"scrollY":1.6666666269302368,"documentHeight":8294,"viewportHeight":900}}
[2026-09-25T14:16:34.061Z] {"timestamp":1790345793189,"kind":"scroll","url":"http://localhost:3000/","viewport":{"width":1600,"height":900},"payload":{"scrollX":0,"scrollY":501.6666564941406,"documentHeight":8294,"viewportHeight":900}}
[2026-09-25T14:16:34.061Z] {"timestamp":1790345793705,"kind":"scroll","url":"http://localhost:3000/","viewport":{"width":1600,"height":900},"payload":{"scrollX":0,"scrollY":757.5,"documentHeight":8294,"viewportHeight":900}}
[2026-09-25T14:16:52.072Z] {"timestamp":1790345810723,"kind":"scroll","url":"http://localhost:3000/","viewport":{"width":1600,"height":900},"payload":{"scrollX":0,"scrollY":876.6666259765625,"documentHeight":8294,"viewportHeight":900}}
[2026-09-25T14:16:52.073Z] {"timestamp":1790345811233,"kind":"scroll","url":"http://localhost:3000/","viewport":{"width":1600,"height":900},"payload":{"scrollX":0,"scrollY":1251.6666259765625,"documentHeight":8294,"viewportHeight":900}}
[2026-09-25T14:18:02.058Z] {"timestamp":1790345881558,"kind":"scroll","url":"http://localhost:3000/","viewport":{"width":1600,"height":900},"payload":{"scrollX":0,"scrollY":1626.6666259765625,"documentHeight":8294,"viewportHeight":900}}
[2026-09-25T14:18:03.877Z] {"timestamp":1790345882873,"kind":"scroll","url":"http://localhost:3000/","viewport":{"width":1600,"height":900},"payload":{"scrollX":0,"scrollY":2001.6666259765625,"documentHeight":8294,"viewportHeight":900}}
[2026-09-25T14:20:38.278Z] {"timestamp":1790346037577,"kind":"scroll","url":"http://localhost:3000/","viewport":{"width":1600,"height":900},"payload":{"scrollX":0,"scrollY":2251.66650390625,"documentHeight":8294,"viewportHeight":900}}
[2026-09-25T14:20:39.870Z] {"timestamp":1790346038271,"kind":"scroll","url":"http://localhost:3000/","viewport":{"width":1600,"height":900},"payload":{"scrollX":0,"scrollY":2876.66650390625,"documentHeight":8294,"viewportHeight":900}}
[2026-09-25T14:23:18.031Z] {"timestamp":1790346197558,"kind":"click","url":"http://localhost:3000/","viewport":{"width":1600,"height":900},"payload":{"target":{"tag":"article","id":null,"name":null,"type":null,"role":null,"ariaLabel":null,"testId":null,"dataLoc":"client/src/pages/Home.tsx:377","href":null,"text":"OPERAÇÃO & VISIBILIDADE NXS / 01 Painel Intercompany Ferramenta automática para …","selectorHint":"[data-loc=\"client/src/pages/Home.tsx:377\"]"},"x":715,"y":400}}
[2026-09-25T14:24:12.031Z] {"timestamp":1790346251326,"kind":"click","url":"http://localhost:3000/","viewport":{"width":1600,"height":900},"payload":{"target":{"tag":"img","id":null,"name":null,"type":null,"role":null,"ariaLabel":null,"testId":null,"dataLoc":"client/src/pages/Home.tsx:428","href":null,"text":"","selectorHint":"[data-loc=\"client/src/pages/Home.tsx:428\"]"},"x":999,"y":504}}
[2026-09-25T14:24:13.875Z] {"timestamp":1790346252298,"kind":"click","url":"http://localhost:3000/","viewport":{"width":1600,"height":900},"payload":{"target":{"tag":"article","id":null,"name":null,"type":null,"role":null,"ariaLabel":null,"testId":null,"dataLoc":"client/src/pages/Home.tsx:377","href":null,"text":"OPERAÇÃO & VISIBILIDADE NXS / 01 Painel Intercompany Ferramenta automática para …","selectorHint":"[data-loc=\"client/src/pages/Home.tsx:377\"]"},"x":985,"y":506}}
[2026-09-25T14:24:17.876Z] {"timestamp":1790346255893,"kind":"click","url":"http://localhost:3000/","viewport":{"width":1600,"height":900},"payload":{"target":{"tag":"img","id":null,"name":null,"type":null,"role":null,"ariaLabel":null,"testId":null,"dataLoc":"client/src/pages/Home.tsx:428","href":null,"text":"","selectorHint":"[data-loc=\"client/src/pages/Home.tsx:428\"]"},"x":864,"y":475}}
[2026-09-25T14:24:26.031Z] {"timestamp":1790346263786,"kind":"click","url":"http://localhost:3000/","viewport":{"width":1600,"height":900},"payload":{"target":{"tag":"article","id":null,"name":null,"type":null,"role":null,"ariaLabel":null,"testId":null,"dataLoc":"client/src/pages/Home.tsx:377","href":null,"text":"OPERAÇÃO & VISIBILIDADE NXS / 01 Painel Intercompany Ferramenta automática para …","selectorHint":"[data-loc=\"client/src/pages/Home.tsx:377\"]"},"x":874,"y":494}}
[2026-09-25T14:24:38.047Z] {"timestamp":1790346277155,"kind":"click","url":"http://localhost:3000/","viewport":{"width":1600,"height":900},"payload":{"target":{"tag":"img","id":null,"name":null,"type":null,"role":null,"ariaLabel":null,"testId":null,"dataLoc":"client/src/pages/Home.tsx:428","href":null,"text":"","selectorHint":"[data-loc=\"client/src/pages/Home.tsx:428\"]"},"x":888,"y":252}}
[2026-09-25T14:24:41.878Z] {"timestamp":1790346279831,"kind":"scroll","url":"http://localhost:3000/","viewport":{"width":1600,"height":900},"payload":{"scrollX":0,"scrollY":3126.66650390625,"documentHeight":8294,"viewportHeight":900}}
[2026-09-25T14:24:41.878Z] {"timestamp":1790346280431,"kind":"scroll","url":"http://localhost:3000/","viewport":{"width":1600,"height":900},"payload":{"scrollX":0,"scrollY":3251.66650390625,"documentHeight":8294,"viewportHeight":900}}
[2026-09-25T14:24:43.879Z] {"timestamp":1790346281796,"kind":"scroll","url":"http://localhost:3000/","viewport":{"width":1600,"height":900},"payload":{"scrollX":0,"scrollY":3626.66650390625,"documentHeight":8294,"viewportHeight":900}}
[2026-09-25T14:28:46.034Z] {"timestamp":1790346524298,"kind":"click","url":"http://localhost:3000/","viewport":{"width":1600,"height":900},"payload":{"target":{"tag":"div","id":null,"name":null,"type":null,"role":null,"ariaLabel":null,"testId":null,"dataLoc":"client/src/pages/Home.tsx:452","href":null,"text":"/ NXS-02 : RASTREABILIDADE TOTAL Torre de Amostra Grátis. DISTRIBUIÇÃO 860 MIL+ …","selectorHint":"[data-loc=\"client/src/pages/Home.tsx:452\"]"},"x":845,"y":303}}
[2026-09-25T14:28:47.884Z] {"timestamp":1790346527218,"kind":"scroll","url":"http://localhost:3000/","viewport":{"width":1600,"height":900},"payload":{"scrollX":0,"scrollY":3876.66650390625,"documentHeight":8294,"viewportHeight":900}}
[2026-09-25T14:28:47.884Z] {"timestamp":1790346527734,"kind":"scroll","url":"http://localhost:3000/","viewport":{"width":1600,"height":900},"payload":{"scrollX":0,"scrollY":4257.5,"documentHeight":8294,"viewportHeight":900}}
[2026-09-25T14:31:00.039Z] {"timestamp":1790346658802,"kind":"click","url":"http://localhost:3000/","viewport":{"width":1600,"height":900},"payload":{"target":{"tag":"article","id":null,"name":null,"type":null,"role":null,"ariaLabel":null,"testId":null,"dataLoc":"client/src/pages/Home.tsx:542","href":null,"text":"PLANEJAMENTO & CONTROLE NXS / 02 Torre de Amostra Grátis Controle em tempo real …","selectorHint":"[data-loc=\"client/src/pages/Home.tsx:542\"]"},"x":843,"y":459}}
[2026-09-25T14:31:28.036Z] {"timestamp":1790346686654,"kind":"scroll","url":"http://localhost:3000/","viewport":{"width":1600,"height":900},"payload":{"scrollX":0,"scrollY":4623.3330078125,"documentHeight":8294,"viewportHeight":900}}
[2026-09-25T14:31:28.036Z] {"timestamp":1790346687165,"kind":"scroll","url":"http://localhost:3000/","viewport":{"width":1600,"height":900},"payload":{"scrollX":0,"scrollY":3873.333251953125,"documentHeight":8294,"viewportHeight":900}}
[2026-09-25T14:31:28.036Z] {"timestamp":1790346687671,"kind":"scroll","url":"http://localhost:3000/","viewport":{"width":1600,"height":900},"payload":{"scrollX":0,"scrollY":2894.16650390625,"documentHeight":8294,"viewportHeight":900}}
[2026-09-25T14:31:29.889Z] {"timestamp":1790346688275,"kind":"click","url":"http://localhost:3000/","viewport":{"width":1600,"height":900},"payload":{"target":{"tag":"span","id":null,"name":null,"type":null,"role":null,"ariaLabel":null,"testId":null,"dataLoc":"client/src/pages/Home.tsx:397","href":null,"text":"IMPACTO OPERACIONAL","selectorHint":"[data-loc=\"client/src/pages/Home.tsx:397\"]"},"x":879,"y":494}}
[2026-09-25T14:31:29.889Z] {"timestamp":1790346688853,"kind":"scroll","url":"http://localhost:3000/","viewport":{"width":1600,"height":900},"payload":{"scrollX":0,"scrollY":2876.66650390625,"documentHeight":8294,"viewportHeight":900}}
[2026-09-25T14:31:35.881Z] {"timestamp":1790346694937,"kind":"scroll","url":"http://localhost:3000/","viewport":{"width":1600,"height":900},"payload":{"scrollX":0,"scrollY":3126.66650390625,"documentHeight":8294,"viewportHeight":900}}
[2026-09-25T14:31:35.881Z] {"timestamp":1790346695437,"kind":"scroll","url":"http://localhost:3000/","viewport":{"width":1600,"height":900},"payload":{"scrollX":0,"scrollY":3896.66650390625,"documentHeight":8294,"viewportHeight":900}}
[2026-09-25T14:31:37.883Z] {"timestamp":1790346696103,"kind":"scroll","url":"http://localhost:3000/","viewport":{"width":1600,"height":900},"payload":{"scrollX":0,"scrollY":4376.66650390625,"documentHeight":8294,"viewportHeight":900}}
[2026-09-25T14:33:56.046Z] {"timestamp":1790346835705,"kind":"scroll","url":"http://localhost:3000/","viewport":{"width":1600,"height":900},"payload":{"scrollX":0,"scrollY":4626.66650390625,"documentHeight":8294,"viewportHeight":900}}
[2026-09-25T14:33:57.884Z] {"timestamp":1790346836207,"kind":"scroll","url":"http://localhost:3000/","viewport":{"width":1600,"height":900},"payload":{"scrollX":0,"scrollY":4873.3330078125,"documentHeight":8294,"viewportHeight":900}}
[2026-09-25T14:33:57.884Z] {"timestamp":1790346837273,"kind":"scroll","url":"http://localhost:3000/","viewport":{"width":1600,"height":900},"payload":{"scrollX":0,"scrollY":5123.3330078125,"documentHeight":8294,"viewportHeight":900}}
[2026-09-25T14:33:59.890Z] {"timestamp":1790346838189,"kind":"scroll","url":"http://localhost:3000/","viewport":{"width":1600,"height":900},"payload":{"scrollX":0,"scrollY":4751.66650390625,"documentHeight":8294,"viewportHeight":900}}
[2026-09-25T14:33:59.890Z] {"timestamp":1790346838689,"kind":"scroll","url":"http://localhost:3000/","viewport":{"width":1600,"height":900},"payload":{"scrollX":0,"scrollY":4955.8330078125,"documentHeight":8294,"viewportHeight":900}}
[2026-09-25T14:33:59.890Z] {"timestamp":1790346839555,"kind":"scroll","url":"http://localhost:3000/","viewport":{"width":1600,"height":900},"payload":{"scrollX":0,"scrollY":4748.3330078125,"documentHeight":8294,"viewportHeight":900}}
[2026-09-25T14:34:01.888Z] {"timestamp":1790346840506,"kind":"scroll","url":"http://localhost:3000/","viewport":{"width":1600,"height":900},"payload":{"scrollX":0,"scrollY":4501.66650390625,"documentHeight":8294,"viewportHeight":900}}
[2026-09-25T14:34:10.052Z] {"timestamp":1790346849236,"kind":"click","url":"http://localhost:3000/","viewport":{"width":1600,"height":900},"payload":{"target":{"tag":"img","id":null,"name":null,"type":null,"role":null,"ariaLabel":null,"testId":null,"dataLoc":"client/src/pages/Home.tsx:593","href":null,"text":"","selectorHint":"[data-loc=\"client/src/pages/Home.tsx:593\"]"},"x":1133,"y":344}}
[2026-09-25T14:35:20.044Z] {"timestamp":1790346918458,"kind":"click","url":"http://localhost:3000/","viewport":{"width":1600,"height":900},"payload":{"target":{"tag":"div","id":null,"name":null,"type":null,"role":null,"ariaLabel":null,"testId":null,"dataLoc":"client/src/pages/Home.tsx:567","href":null,"text":"Atrasos 832 cargas","selectorHint":"[data-loc=\"client/src/pages/Home.tsx:567\"]"},"x":1309,"y":327}}
[2026-09-25T14:35:28.055Z] {"timestamp":1790346927524,"kind":"scroll","url":"http://localhost:3000/","viewport":{"width":1600,"height":900},"payload":{"scrollX":0,"scrollY":4626.66650390625,"documentHeight":8294,"viewportHeight":900}}
[2026-09-25T14:35:29.891Z] {"timestamp":1790346928259,"kind":"scroll","url":"http://localhost:3000/","viewport":{"width":1600,"height":900},"payload":{"scrollX":0,"scrollY":5001.66650390625,"documentHeight":8294,"viewportHeight":900}}
[2026-09-25T14:35:29.891Z] {"timestamp":1790346928771,"kind":"scroll","url":"http://localhost:3000/","viewport":{"width":1600,"height":900},"payload":{"scrollX":0,"scrollY":5373.3330078125,"documentHeight":8294,"viewportHeight":900}}
[2026-09-25T14:35:29.891Z] {"timestamp":1790346929301,"kind":"scroll","url":"http://localhost:3000/","viewport":{"width":1600,"height":900},"payload":{"scrollX":0,"scrollY":4873.3330078125,"documentHeight":8294,"viewportHeight":900}}
[2026-09-25T14:35:31.892Z] {"timestamp":1790346929807,"kind":"scroll","url":"http://localhost:3000/","viewport":{"width":1600,"height":900},"payload":{"scrollX":0,"scrollY":5060,"documentHeight":8294,"viewportHeight":900}}
[2026-09-25T14:35:31.892Z] {"timestamp":1790346930535,"kind":"scroll","url":"http://localhost:3000/","viewport":{"width":1600,"height":900},"payload":{"scrollX":0,"scrollY":5626.66650390625,"documentHeight":8294,"viewportHeight":900}}
[2026-09-25T14:36:16.054Z] {"timestamp":1790346975485,"kind":"scroll","url":"http://localhost:3000/","viewport":{"width":1600,"height":900},"payload":{"scrollX":0,"scrollY":6001.66650390625,"documentHeight":8294,"viewportHeight":900}}
[2026-09-25T14:36:17.881Z] {"timestamp":1790346976360,"kind":"scroll","url":"http://localhost:3000/","viewport":{"width":1600,"height":900},"payload":{"scrollX":0,"scrollY":6251.66650390625,"documentHeight":8294,"viewportHeight":900}}
[2026-09-25T14:36:23.881Z] {"timestamp":1790346982326,"kind":"scroll","url":"http://localhost:3000/","viewport":{"width":1600,"height":900},"payload":{"scrollX":0,"scrollY":6626.66650390625,"documentHeight":8294,"viewportHeight":900}}
[2026-09-25T14:36:34.038Z] {"timestamp":1790346993180,"kind":"focusin","url":"http://localhost:3000/","viewport":{"width":1600,"height":900},"payload":{"target":{"tag":"video","id":null,"name":null,"type":null,"role":null,"ariaLabel":null,"testId":null,"dataLoc":"client/src/pages/Home.tsx:738","href":null,"text":"Seu navegador não suporta a reprodução de vídeos.","selectorHint":"[data-loc=\"client/src/pages/Home.tsx:738\"]"}}}
[2026-09-25T14:36:34.038Z] {"timestamp":1790346993283,"kind":"click","url":"http://localhost:3000/","viewport":{"width":1600,"height":900},"payload":{"target":{"tag":"video","id":null,"name":null,"type":null,"role":null,"ariaLabel":null,"testId":null,"dataLoc":"client/src/pages/Home.tsx:738","href":null,"text":"Seu navegador não suporta a reprodução de vídeos.","selectorHint":"[data-loc=\"client/src/pages/Home.tsx:738\"]"},"x":850,"y":440}}
[2026-09-25T14:36:48.054Z] {"timestamp":1790347007620,"kind":"keydown","url":"http://localhost:3000/","viewport":{"width":1600,"height":900},"payload":{"key":"[REDACTED]","target":{"tag":"video","id":null,"name":null,"type":null,"role":null,"ariaLabel":null,"testId":null,"dataLoc":"client/src/pages/Home.tsx:738","href":null,"text":"Seu navegador não suporta a reprodução de vídeos.","selectorHint":"[data-loc=\"client/src/pages/Home.tsx:738\"]"}}}
[2026-09-25T14:36:49.893Z] {"timestamp":1790347008427,"kind":"scroll","url":"http://localhost:3000/","viewport":{"width":1600,"height":900},"payload":{"scrollX":0,"scrollY":6751.66650390625,"documentHeight":8294,"viewportHeight":900}}
[2026-09-25T14:39:10.782Z] {"timestamp":1790347148518,"kind":"focusout","url":"http://localhost:3000/","viewport":{"width":1600,"height":900},"payload":{"target":{"tag":"video","id":null,"name":null,"type":null,"role":null,"ariaLabel":null,"testId":null,"dataLoc":"client/src/pages/Home.tsx:738","href":null,"text":"Seu navegador não suporta a reprodução de vídeos.","selectorHint":"[data-loc=\"client/src/pages/Home.tsx:738\"]"},"value":null}}
[2026-09-25T14:41:46.405Z] {"timestamp":1790347306053,"kind":"focusin","url":"http://localhost:3000/","viewport":{"width":1600,"height":900},"payload":{"target":{"tag":"video","id":null,"name":null,"type":null,"role":null,"ariaLabel":null,"testId":null,"dataLoc":"client/src/pages/Home.tsx:738","href":null,"text":"Seu navegador não suporta a reprodução de vídeos.","selectorHint":"[data-loc=\"client/src/pages/Home.tsx:738\"]"}}}
[2026-09-25T14:41:47.931Z] {"timestamp":1790347307463,"kind":"scroll","url":"http://localhost:3000/","viewport":{"width":1600,"height":900},"payload":{"scrollX":0,"scrollY":7373.3330078125,"documentHeight":8294,"viewportHeight":900}}
[2026-09-25T14:41:49.907Z] {"timestamp":1790347307972,"kind":"scroll","url":"http://localhost:3000/","viewport":{"width":1600,"height":900},"payload":{"scrollX":0,"scrollY":6498.3330078125,"documentHeight":8294,"viewportHeight":900}}
[2026-09-25T14:41:49.907Z] {"timestamp":1790347308491,"kind":"scroll","url":"http://localhost:3000/","viewport":{"width":1600,"height":900},"payload":{"scrollX":0,"scrollY":5748.3330078125,"documentHeight":8294,"viewportHeight":900}}
[2026-09-25T14:41:49.907Z] {"timestamp":1790347309029,"kind":"scroll","url":"http://localhost:3000/","viewport":{"width":1600,"height":900},"payload":{"scrollX":0,"scrollY":4623.3330078125,"documentHeight":8294,"viewportHeight":900}}
[2026-09-25T14:41:49.907Z] {"timestamp":1790347309578,"kind":"scroll","url":"http://localhost:3000/","viewport":{"width":1600,"height":900},"payload":{"scrollX":0,"scrollY":3623.333251953125,"documentHeight":8294,"viewportHeight":900}}
[2026-09-25T14:41:51.889Z] {"timestamp":1790347310107,"kind":"scroll","url":"http://localhost:3000/","viewport":{"width":1600,"height":900},"payload":{"scrollX":0,"scrollY":2497.5,"documentHeight":8294,"viewportHeight":900}}
[2026-09-25T14:41:51.889Z] {"timestamp":1790347310656,"kind":"scroll","url":"http://localhost:3000/","viewport":{"width":1600,"height":900},"payload":{"scrollX":0,"scrollY":1248.333251953125,"documentHeight":8294,"viewportHeight":900}}
[2026-09-25T14:42:32.994Z] {"timestamp":1790347350908,"kind":"scroll","url":"http://localhost:3000/","viewport":{"width":1600,"height":900},"payload":{"scrollX":0,"scrollY":2.5,"documentHeight":8294,"viewportHeight":900}}
[2026-09-25T14:42:32.994Z] {"timestamp":1790347351409,"kind":"scroll","url":"http://localhost:3000/","viewport":{"width":1600,"height":900},"payload":{"scrollX":0,"scrollY":51.666664123535156,"documentHeight":8294,"viewportHeight":900}}
[2026-09-25T14:42:32.994Z] {"timestamp":1790347351924,"kind":"scroll","url":"http://localhost:3000/","viewport":{"width":1600,"height":900},"payload":{"scrollX":0,"scrollY":798.3333129882812,"documentHeight":8294,"viewportHeight":900}}
[2026-09-25T14:43:00.999Z] {"timestamp":1790347379791,"kind":"scroll","url":"http://localhost:3000/","viewport":{"width":1600,"height":900},"payload":{"scrollX":0,"scrollY":846.6666259765625,"documentHeight":8294,"viewportHeight":900}}
[2026-09-25T14:43:00.999Z] {"timestamp":1790347380291,"kind":"scroll","url":"http://localhost:3000/","viewport":{"width":1600,"height":900},"payload":{"scrollX":0,"scrollY":797.4999389648438,"documentHeight":8294,"viewportHeight":900}}
[2026-09-25T14:43:02.840Z] {"timestamp":1790347380806,"kind":"scroll","url":"http://localhost:3000/","viewport":{"width":1600,"height":900},"payload":{"scrollX":0,"scrollY":48.33333206176758,"documentHeight":8294,"viewportHeight":900}}
[2026-09-25T14:43:10.997Z] {"timestamp":1790347389208,"kind":"scroll","url":"http://localhost:3000/","viewport":{"width":1600,"height":900},"payload":{"scrollX":0,"scrollY":2.5,"documentHeight":8294,"viewportHeight":900}}
[2026-09-25T14:43:10.997Z] {"timestamp":1790347389709,"kind":"scroll","url":"http://localhost:3000/","viewport":{"width":1600,"height":900},"payload":{"scrollX":0,"scrollY":52.499996185302734,"documentHeight":8294,"viewportHeight":900}}
[2026-09-25T14:43:10.997Z] {"timestamp":1790347390210,"kind":"scroll","url":"http://localhost:3000/","viewport":{"width":1600,"height":900},"payload":{"scrollX":0,"scrollY":764.1666259765625,"documentHeight":8294,"viewportHeight":900}}
[2026-09-25T14:43:35.006Z] {"timestamp":1790347414241,"kind":"scroll","url":"http://localhost:3000/","viewport":{"width":1600,"height":900},"payload":{"scrollX":0,"scrollY":903.3333129882812,"documentHeight":8294,"viewportHeight":900}}
[2026-09-25T14:43:40.831Z] {"timestamp":1790347420608,"kind":"scroll","url":"http://localhost:3000/","viewport":{"width":1600,"height":900},"payload":{"scrollX":0,"scrollY":953.3333129882812,"documentHeight":8294,"viewportHeight":900}}
[2026-09-25T14:43:42.835Z] {"timestamp":1790347421107,"kind":"scroll","url":"http://localhost:3000/","viewport":{"width":1600,"height":900},"payload":{"scrollX":0,"scrollY":1003.3333129882812,"documentHeight":8294,"viewportHeight":900}}
[2026-09-25T14:43:42.835Z] {"timestamp":1790347421658,"kind":"scroll","url":"http://localhost:3000/","viewport":{"width":1600,"height":900},"payload":{"scrollX":0,"scrollY":1154.1666259765625,"documentHeight":8294,"viewportHeight":900}}
[2026-09-25T14:43:42.835Z] {"timestamp":1790347422158,"kind":"scroll","url":"http://localhost:3000/","viewport":{"width":1600,"height":900},"payload":{"scrollX":0,"scrollY":1294.1666259765625,"documentHeight":8294,"viewportHeight":900}}
[2026-09-25T14:43:44.838Z] {"timestamp":1790347422740,"kind":"scroll","url":"http://localhost:3000/","viewport":{"width":1600,"height":900},"payload":{"scrollX":0,"scrollY":1403.333251953125,"documentHeight":8294,"viewportHeight":900}}
[2026-09-25T14:43:44.838Z] {"timestamp":1790347423607,"kind":"scroll","url":"http://localhost:3000/","viewport":{"width":1600,"height":900},"payload":{"scrollX":0,"scrollY":1502.5,"documentHeight":8294,"viewportHeight":900}}
[2026-09-25T14:43:46.837Z] {"timestamp":1790347424758,"kind":"scroll","url":"http://localhost:3000/","viewport":{"width":1600,"height":900},"payload":{"scrollX":0,"scrollY":1553.333251953125,"documentHeight":8294,"viewportHeight":900}}
[2026-09-25T14:44:44.997Z] {"timestamp":1790347483915,"kind":"scroll","url":"http://localhost:3000/","viewport":{"width":1600,"height":900},"payload":{"scrollX":0,"scrollY":1601.6666259765625,"documentHeight":8294,"viewportHeight":900}}
[2026-09-25T14:44:46.832Z] {"timestamp":1790347485265,"kind":"scroll","url":"http://localhost:3000/","viewport":{"width":1600,"height":900},"payload":{"scrollX":0,"scrollY":1851.6666259765625,"documentHeight":8294,"viewportHeight":900}}
[2026-09-25T14:44:48.832Z] {"timestamp":1790347487982,"kind":"scroll","url":"http://localhost:3000/","viewport":{"width":1600,"height":900},"payload":{"scrollX":0,"scrollY":2101.66650390625,"documentHeight":8294,"viewportHeight":900}}
[2026-09-25T14:47:04.996Z] {"timestamp":1790347622769,"kind":"scroll","url":"http://localhost:3000/","viewport":{"width":1600,"height":900},"payload":{"scrollX":0,"scrollY":2226.66650390625,"documentHeight":8294,"viewportHeight":900}}
[2026-09-25T14:47:04.996Z] {"timestamp":1790347623283,"kind":"scroll","url":"http://localhost:3000/","viewport":{"width":1600,"height":900},"payload":{"scrollX":0,"scrollY":2718.333251953125,"documentHeight":8294,"viewportHeight":900}}
[2026-09-25T14:47:04.996Z] {"timestamp":1790347624352,"kind":"scroll","url":"http://localhost:3000/","viewport":{"width":1600,"height":900},"payload":{"scrollX":0,"scrollY":2976.66650390625,"documentHeight":8294,"viewportHeight":900}}
[2026-09-25T14:47:06.841Z] {"timestamp":1790347624986,"kind":"scroll","url":"http://localhost:3000/","viewport":{"width":1600,"height":900},"payload":{"scrollX":0,"scrollY":3223.333251953125,"documentHeight":8294,"viewportHeight":900}}
[2026-09-25T14:49:05.001Z] {"timestamp":1790347743227,"kind":"click","url":"http://localhost:3000/","viewport":{"width":1600,"height":900},"payload":{"target":{"tag":"article","id":null,"name":null,"type":null,"role":null,"ariaLabel":null,"testId":null,"dataLoc":"client/src/pages/Home.tsx:377","href":null,"text":"OPERAÇÃO & VISIBILIDADE NXS / 01 Painel Intercompany Ferramenta automática para …","selectorHint":"[data-loc=\"client/src/pages/Home.tsx:377\"]"},"x":837,"y":500}}
[2026-09-25T14:49:24.997Z] {"timestamp":1790347763788,"kind":"scroll","url":"http://localhost:3000/","viewport":{"width":1600,"height":900},"payload":{"scrollX":0,"scrollY":3101.66650390625,"documentHeight":8294,"viewportHeight":900}}
[2026-09-25T14:49:24.997Z] {"timestamp":1790347764671,"kind":"scroll","url":"http://localhost:3000/","viewport":{"width":1600,"height":900},"payload":{"scrollX":0,"scrollY":3351.66650390625,"documentHeight":8294,"viewportHeight":900}}
[2026-09-25T14:49:28.853Z] {"timestamp":1790347767451,"kind":"click","url":"http://localhost:3000/","viewport":{"width":1600,"height":900},"payload":{"target":{"tag":"img","id":null,"name":null,"type":null,"role":null,"ariaLabel":null,"testId":null,"dataLoc":"client/src/pages/Home.tsx:428","href":null,"text":"","selectorHint":"[data-loc=\"client/src/pages/Home.tsx:428\"]"},"x":813,"y":205}}
[2026-09-25T14:49:28.853Z] {"timestamp":1790347768689,"kind":"scroll","url":"http://localhost:3000/","viewport":{"width":1600,"height":900},"payload":{"scrollX":0,"scrollY":3476.66650390625,"documentHeight":8294,"viewportHeight":900}}
[2026-09-25T14:49:30.837Z] {"timestamp":1790347769339,"kind":"scroll","url":"http://localhost:3000/","viewport":{"width":1600,"height":900},"payload":{"scrollX":0,"scrollY":3601.66650390625,"documentHeight":8294,"viewportHeight":900}}
[2026-09-25T14:49:30.837Z] {"timestamp":1790347770638,"kind":"scroll","url":"http://localhost:3000/","viewport":{"width":1600,"height":900},"payload":{"scrollX":0,"scrollY":3848.333251953125,"documentHeight":8294,"viewportHeight":900}}
[2026-09-25T14:49:32.836Z] {"timestamp":1790347772257,"kind":"scroll","url":"http://localhost:3000/","viewport":{"width":1600,"height":900},"payload":{"scrollX":0,"scrollY":3726.66650390625,"documentHeight":8294,"viewportHeight":900}}
[2026-09-25T14:51:12.991Z] {"timestamp":1790347872407,"kind":"scroll","url":"http://localhost:3000/","viewport":{"width":1600,"height":900},"payload":{"scrollX":0,"scrollY":3851.66650390625,"documentHeight":8294,"viewportHeight":900}}
[2026-09-25T14:51:14.839Z] {"timestamp":1790347872934,"kind":"scroll","url":"http://localhost:3000/","viewport":{"width":1600,"height":900},"payload":{"scrollX":0,"scrollY":4226.66650390625,"documentHeight":8294,"viewportHeight":900}}
[2026-09-25T14:52:44.994Z] {"timestamp":1790347962980,"kind":"click","url":"http://localhost:3000/","viewport":{"width":1600,"height":900},"payload":{"target":{"tag":"article","id":null,"name":null,"type":null,"role":null,"ariaLabel":null,"testId":null,"dataLoc":"client/src/pages/Home.tsx:542","href":null,"text":"PLANEJAMENTO & CONTROLE NXS / 02 Torre de Amostra Grátis Controle em tempo real …","selectorHint":"[data-loc=\"client/src/pages/Home.tsx:542\"]"},"x":813,"y":597}}
[2026-09-25T14:53:00.991Z] {"timestamp":1790347978942,"kind":"scroll","url":"http://localhost:3000/","viewport":{"width":1600,"height":900},"payload":{"scrollX":0,"scrollY":4476.66650390625,"documentHeight":8294,"viewportHeight":900}}
[2026-09-25T14:53:00.991Z] {"timestamp":1790347980159,"kind":"scroll","url":"http://localhost:3000/","viewport":{"width":1600,"height":900},"payload":{"scrollX":0,"scrollY":4851.66650390625,"documentHeight":8294,"viewportHeight":900}}
[2026-09-25T14:53:02.842Z] {"timestamp":1790347981159,"kind":"scroll","url":"http://localhost:3000/","viewport":{"width":1600,"height":900},"payload":{"scrollX":0,"scrollY":4976.66650390625,"documentHeight":8294,"viewportHeight":900}}
[2026-09-25T14:53:02.842Z] {"timestamp":1790347981925,"kind":"scroll","url":"http://localhost:3000/","viewport":{"width":1600,"height":900},"payload":{"scrollX":0,"scrollY":5101.66650390625,"documentHeight":8294,"viewportHeight":900}}
[2026-09-25T14:53:11.001Z] {"timestamp":1790347990132,"kind":"click","url":"http://localhost:3000/","viewport":{"width":1600,"height":900},"payload":{"target":{"tag":"section","id":"fluxo","name":null,"type":null,"role":null,"ariaLabel":null,"testId":null,"dataLoc":"client/src/pages/Home.tsx:611","href":null,"text":"/ IMPACTO CONSOLIDADO Múltiplos projetos, um mesmo efeito. Decisão mais rápida p…","selectorHint":"[data-loc=\"client/src/pages/Home.tsx:611\"]"},"x":318,"y":774}}
[2026-09-25T14:53:20.990Z] {"timestamp":1790347999176,"kind":"scroll","url":"http://localhost:3000/","viewport":{"width":1600,"height":900},"payload":{"scrollX":0,"scrollY":5226.66650390625,"documentHeight":8294,"viewportHeight":900}}
[2026-09-25T14:53:20.990Z] {"timestamp":1790347999860,"kind":"scroll","url":"http://localhost:3000/","viewport":{"width":1600,"height":900},"payload":{"scrollX":0,"scrollY":5476.66650390625,"documentHeight":8294,"viewportHeight":900}}
[2026-09-25T14:53:20.990Z] {"timestamp":1790348000509,"kind":"scroll","url":"http://localhost:3000/","viewport":{"width":1600,"height":900},"payload":{"scrollX":0,"scrollY":5601.66650390625,"documentHeight":8294,"viewportHeight":900}}
[2026-09-25T14:53:24.841Z] {"timestamp":1790348002827,"kind":"scroll","url":"http://localhost:3000/","viewport":{"width":1600,"height":900},"payload":{"scrollX":0,"scrollY":5851.66650390625,"documentHeight":8294,"viewportHeight":900}}
[2026-09-25T14:53:24.841Z] {"timestamp":1790348003710,"kind":"scroll","url":"http://localhost:3000/","viewport":{"width":1600,"height":900},"payload":{"scrollX":0,"scrollY":6098.3330078125,"documentHeight":8294,"viewportHeight":900}}
[2026-09-25T14:53:42.997Z] {"timestamp":1790348021260,"kind":"scroll","url":"http://localhost:3000/","viewport":{"width":1600,"height":900},"payload":{"scrollX":0,"scrollY":5976.66650390625,"documentHeight":8294,"viewportHeight":900}}
[2026-09-25T14:53:42.997Z] {"timestamp":1790348021927,"kind":"scroll","url":"http://localhost:3000/","viewport":{"width":1600,"height":900},"payload":{"scrollX":0,"scrollY":6101.66650390625,"documentHeight":8294,"viewportHeight":900}}
[2026-09-25T14:53:42.997Z] {"timestamp":1790348022470,"kind":"scroll","url":"http://localhost:3000/","viewport":{"width":1600,"height":900},"payload":{"scrollX":0,"scrollY":6476.66650390625,"documentHeight":8294,"viewportHeight":900}}
[2026-09-25T14:53:48.853Z] {"timestamp":1790348028558,"kind":"focusin","url":"http://localhost:3000/","viewport":{"width":1600,"height":900},"payload":{"target":{"tag":"video","id":null,"name":null,"type":null,"role":null,"ariaLabel":null,"testId":null,"dataLoc":"client/src/pages/Home.tsx:738","href":null,"text":"Seu navegador não suporta a reprodução de vídeos.","selectorHint":"[data-loc=\"client/src/pages/Home.tsx:738\"]"}}}
[2026-09-25T14:53:48.853Z] {"timestamp":1790348028685,"kind":"click","url":"http://localhost:3000/","viewport":{"width":1600,"height":900},"payload":{"target":{"tag":"video","id":null,"name":null,"type":null,"role":null,"ariaLabel":null,"testId":null,"dataLoc":"client/src/pages/Home.tsx:738","href":null,"text":"Seu navegador não suporta a reprodução de vídeos.","selectorHint":"[data-loc=\"client/src/pages/Home.tsx:738\"]"},"x":808,"y":577}}
[2026-09-25T14:54:01.000Z] {"timestamp":1790348040344,"kind":"scroll","url":"http://localhost:3000/","viewport":{"width":1600,"height":900},"payload":{"scrollX":0,"scrollY":6601.66650390625,"documentHeight":8294,"viewportHeight":900}}
[2026-09-25T14:54:02.840Z] {"timestamp":1790348040977,"kind":"scroll","url":"http://localhost:3000/","viewport":{"width":1600,"height":900},"payload":{"scrollX":0,"scrollY":6976.66650390625,"documentHeight":8294,"viewportHeight":900}}
[2026-09-25T14:55:15.000Z] {"timestamp":1790348114380,"kind":"scroll","url":"http://localhost:3000/","viewport":{"width":1600,"height":900},"payload":{"scrollX":0,"scrollY":7348.3330078125,"documentHeight":8294,"viewportHeight":900}}
[2026-09-25T14:55:16.843Z] {"timestamp":1790348114922,"kind":"scroll","url":"http://localhost:3000/","viewport":{"width":1600,"height":900},"payload":{"scrollX":0,"scrollY":6598.3330078125,"documentHeight":8294,"viewportHeight":900}}
[2026-09-25T14:55:16.843Z] {"timestamp":1790348115522,"kind":"scroll","url":"http://localhost:3000/","viewport":{"width":1600,"height":900},"payload":{"scrollX":0,"scrollY":5473.3330078125,"documentHeight":8294,"viewportHeight":900}}
[2026-09-25T14:55:16.843Z] {"timestamp":1790348116157,"kind":"scroll","url":"http://localhost:3000/","viewport":{"width":1600,"height":900},"payload":{"scrollX":0,"scrollY":4723.3330078125,"documentHeight":8294,"viewportHeight":900}}
[2026-09-25T14:55:18.839Z] {"timestamp":1790348116723,"kind":"scroll","url":"http://localhost:3000/","viewport":{"width":1600,"height":900},"payload":{"scrollX":0,"scrollY":3723.333251953125,"documentHeight":8294,"viewportHeight":900}}
[2026-09-25T14:55:18.839Z] {"timestamp":1790348117533,"kind":"keydown","url":"http://localhost:3000/","viewport":{"width":1600,"height":900},"payload":{"key":"[REDACTED]","target":{"tag":"video","id":null,"name":null,"type":null,"role":null,"ariaLabel":null,"testId":null,"dataLoc":"client/src/pages/Home.tsx:738","href":null,"text":"Seu navegador não suporta a reprodução de vídeos.","selectorHint":"[data-loc=\"client/src/pages/Home.tsx:738\"]"}}}
[2026-09-25T14:55:20.854Z] {"timestamp":1790348118950,"kind":"focusout","url":"http://localhost:3000/","viewport":{"width":1600,"height":900},"payload":{"target":{"tag":"video","id":null,"name":null,"type":null,"role":null,"ariaLabel":null,"testId":null,"dataLoc":"client/src/pages/Home.tsx:738","href":null,"text":"Seu navegador não suporta a reprodução de vídeos.","selectorHint":"[data-loc=\"client/src/pages/Home.tsx:738\"]"},"value":null}}
[2026-09-25T14:55:20.854Z] {"timestamp":1790348119045,"kind":"click","url":"http://localhost:3000/","viewport":{"width":1600,"height":900},"payload":{"target":{"tag":"section","id":"intercompany","name":null,"type":null,"role":null,"ariaLabel":null,"testId":null,"dataLoc":"client/src/pages/Home.tsx:285","href":null,"text":"/ NXS-01 : AUTOMAÇÃO & GOVERNANÇA Painel Intercompany. ATUALIZAÇÃO 04X / DIA O q…","selectorHint":"[data-loc=\"client/src/pages/Home.tsx:285\"]"},"x":1571,"y":100}}
[2026-09-25T14:55:20.854Z] {"timestamp":1790348119656,"kind":"scroll","url":"http://localhost:3000/","viewport":{"width":1600,"height":900},"payload":{"scrollX":0,"scrollY":2591.66650390625,"documentHeight":8294,"viewportHeight":900}}
[2026-09-25T14:55:20.854Z] {"timestamp":1790348120471,"kind":"keydown","url":"http://localhost:3000/","viewport":{"width":1600,"height":900},"payload":{"key":"[REDACTED]","target":{"tag":"body","id":null,"name":null,"type":null,"role":null,"ariaLabel":null,"testId":null,"dataLoc":null,"href":null,"text":"PROJECT NEXUS / HYPERA LOGÍSTICA / INTELLIGENCE / PROJECT NEXUS / HYPERA LOGÍSTI…","selectorHint":"body"}}}
[2026-09-25T14:55:22.851Z] {"timestamp":1790348121279,"kind":"click","url":"http://localhost:3000/","viewport":{"width":1600,"height":900},"payload":{"target":{"tag":"section","id":null,"name":null,"type":null,"role":null,"ariaLabel":"Abertura Projeto Nexus","testId":null,"dataLoc":"client/src/pages/Home.tsx:199","href":null,"text":"PROJECT NEXUS / HYPERA LOGÍSTICA / INTELLIGENCE / PROJECT NEXUS / HYPERA LOGÍSTI…","selectorHint":"[data-loc=\"client/src/pages/Home.tsx:199\"]"},"x":1238,"y":748}}
[2026-09-25T14:55:28.843Z] {"timestamp":1790348128281,"kind":"scroll","url":"http://localhost:3000/","viewport":{"width":1600,"height":732},"payload":{"scrollX":0,"scrollY":1.6666666269302368,"documentHeight":8126,"viewportHeight":732}}
[2026-09-25T14:55:30.842Z] {"timestamp":1790348128839,"kind":"scroll","url":"http://localhost:3000/","viewport":{"width":1600,"height":732},"payload":{"scrollX":0,"scrollY":1126.6666259765625,"documentHeight":8126,"viewportHeight":732}}
[2026-09-25T14:55:30.842Z] {"timestamp":1790348129345,"kind":"scroll","url":"http://localhost:3000/","viewport":{"width":1600,"height":732},"payload":{"scrollX":0,"scrollY":2238.333251953125,"documentHeight":8126,"viewportHeight":732}}
[2026-09-25T14:55:30.842Z] {"timestamp":1790348129846,"kind":"scroll","url":"http://localhost:3000/","viewport":{"width":1600,"height":732},"payload":{"scrollX":0,"scrollY":1904.1666259765625,"documentHeight":8126,"viewportHeight":732}}
[2026-09-25T14:55:30.842Z] {"timestamp":1790348130490,"kind":"scroll","url":"http://localhost:3000/","viewport":{"width":1600,"height":732},"payload":{"scrollX":0,"scrollY":1497.5,"documentHeight":8126,"viewportHeight":732}}
[2026-09-25T14:55:32.841Z] {"timestamp":1790348131045,"kind":"scroll","url":"http://localhost:3000/","viewport":{"width":1600,"height":732},"payload":{"scrollX":0,"scrollY":998.3333129882812,"documentHeight":8126,"viewportHeight":732}}
[2026-09-25T14:55:32.841Z] {"timestamp":1790348131679,"kind":"scroll","url":"http://localhost:3000/","viewport":{"width":1600,"height":732},"payload":{"scrollX":0,"scrollY":626.6666259765625,"documentHeight":8126,"viewportHeight":732}}
[2026-09-25T14:55:34.861Z] {"timestamp":1790348132729,"kind":"scroll","url":"http://localhost:3000/","viewport":{"width":1600,"height":732},"payload":{"scrollX":0,"scrollY":1001.6666259765625,"documentHeight":8126,"viewportHeight":732}}
[2026-09-25T14:55:34.861Z] {"timestamp":1790348133329,"kind":"scroll","url":"http://localhost:3000/","viewport":{"width":1600,"height":732},"payload":{"scrollX":0,"scrollY":1373.333251953125,"documentHeight":8126,"viewportHeight":732}}
[2026-09-25T14:55:36.843Z] {"timestamp":1790348136046,"kind":"scroll","url":"http://localhost:3000/","viewport":{"width":1600,"height":732},"payload":{"scrollX":0,"scrollY":998.3333129882812,"documentHeight":8126,"viewportHeight":732}}
[2026-09-25T14:55:36.843Z] {"timestamp":1790348136629,"kind":"scroll","url":"http://localhost:3000/","viewport":{"width":1600,"height":732},"payload":{"scrollX":0,"scrollY":501.6666564941406,"documentHeight":8126,"viewportHeight":732}}
[2026-09-25T14:55:38.839Z] {"timestamp":1790348137144,"kind":"scroll","url":"http://localhost:3000/","viewport":{"width":1600,"height":732},"payload":{"scrollX":0,"scrollY":1149.1666259765625,"documentHeight":8126,"viewportHeight":732}}
[2026-09-25T14:55:38.839Z] {"timestamp":1790348137814,"kind":"scroll","url":"http://localhost:3000/","viewport":{"width":1600,"height":732},"payload":{"scrollX":0,"scrollY":1373.333251953125,"documentHeight":8126,"viewportHeight":732}}
[2026-09-25T14:55:40.847Z] {"timestamp":1790348139095,"kind":"scroll","url":"http://localhost:3000/","viewport":{"width":1600,"height":732},"payload":{"scrollX":0,"scrollY":873.3333129882812,"documentHeight":8126,"viewportHeight":732}}
[2026-09-25T14:55:40.847Z] {"timestamp":1790348140312,"kind":"scroll","url":"http://localhost:3000/","viewport":{"width":1600,"height":732},"payload":{"scrollX":0,"scrollY":501.6666564941406,"documentHeight":8126,"viewportHeight":732}}
[2026-09-25T14:55:42.845Z] {"timestamp":1790348142196,"kind":"scroll","url":"http://localhost:3000/","viewport":{"width":1600,"height":732},"payload":{"scrollX":0,"scrollY":998.3333129882812,"documentHeight":8126,"viewportHeight":732}}
[2026-09-25T14:55:44.850Z] {"timestamp":1790348142714,"kind":"scroll","url":"http://localhost:3000/","viewport":{"width":1600,"height":732},"payload":{"scrollX":0,"scrollY":260,"documentHeight":8126,"viewportHeight":732}}
[2026-09-25T14:55:44.850Z] {"timestamp":1790348143447,"kind":"scroll","url":"http://localhost:3000/","viewport":{"width":1600,"height":732},"payload":{"scrollX":0,"scrollY":251.66665649414062,"documentHeight":8126,"viewportHeight":732}}
[2026-09-25T14:55:44.850Z] {"timestamp":1790348144263,"kind":"scroll","url":"http://localhost:3000/","viewport":{"width":1600,"height":732},"payload":{"scrollX":0,"scrollY":501.6666564941406,"documentHeight":8126,"viewportHeight":732}}
[2026-09-25T14:55:46.851Z] {"timestamp":1790348145146,"kind":"scroll","url":"http://localhost:3000/","viewport":{"width":1600,"height":732},"payload":{"scrollX":0,"scrollY":626.6666259765625,"documentHeight":8126,"viewportHeight":732}}
[2026-09-25T15:00:13.484Z] {"timestamp":1790348411006,"kind":"click","url":"http://localhost:3000/","viewport":{"width":1600,"height":732},"payload":{"target":{"tag":"section","id":"top","name":null,"type":null,"role":null,"ariaLabel":null,"testId":null,"dataLoc":"client/src/pages/Home.tsx:225","href":null,"text":"GUILHERME DE PAULA / 24 ANOS Inteligência e automação de indicadores. Faculdade …","selectorHint":"[data-loc=\"client/src/pages/Home.tsx:225\"]"},"x":70,"y":297}}
[2026-09-25T16:55:46.747Z] {"timestamp":1790355346512,"kind":"scroll","url":"http://localhost:3000/#top","viewport":{"width":1600,"height":732},"payload":{"scrollX":0,"scrollY":1.6666666269302368,"documentHeight":8126,"viewportHeight":732}}
[2026-09-25T16:55:48.730Z] {"timestamp":1790355347544,"kind":"scroll","url":"http://localhost:3000/#top","viewport":{"width":1600,"height":732},"payload":{"scrollX":0,"scrollY":251.66665649414062,"documentHeight":8126,"viewportHeight":732}}
[2026-09-25T16:55:48.730Z] {"timestamp":1790355348460,"kind":"scroll","url":"http://localhost:3000/#top","viewport":{"width":1600,"height":732},"payload":{"scrollX":0,"scrollY":501.6666564941406,"documentHeight":8126,"viewportHeight":732}}
[2026-09-25T16:55:58.870Z] {"timestamp":1790355357344,"kind":"scroll","url":"http://localhost:3000/#top","viewport":{"width":1600,"height":732},"payload":{"scrollX":0,"scrollY":751.6666259765625,"documentHeight":8126,"viewportHeight":732}}
[2026-09-25T16:56:00.710Z] {"timestamp":1790355359428,"kind":"scroll","url":"http://localhost:3000/#top","viewport":{"width":1600,"height":732},"payload":{"scrollX":0,"scrollY":1001.6666259765625,"documentHeight":8126,"viewportHeight":732}}
[2026-09-25T16:56:02.727Z] {"timestamp":1790355360960,"kind":"scroll","url":"http://localhost:3000/#top","viewport":{"width":1600,"height":732},"payload":{"scrollX":0,"scrollY":1376.6666259765625,"documentHeight":8126,"viewportHeight":732}}
[2026-09-25T16:57:38.890Z] {"timestamp":1790355457862,"kind":"scroll","url":"http://localhost:3000/#top","viewport":{"width":1600,"height":732},"payload":{"scrollX":0,"scrollY":1501.6666259765625,"documentHeight":8126,"viewportHeight":732}}
[2026-09-25T16:57:44.736Z] {"timestamp":1790355463597,"kind":"scroll","url":"http://localhost:3000/#top","viewport":{"width":1600,"height":732},"payload":{"scrollX":0,"scrollY":1751.6666259765625,"documentHeight":8126,"viewportHeight":732}}
[2026-09-25T16:57:46.717Z] {"timestamp":1790355464779,"kind":"scroll","url":"http://localhost:3000/#top","viewport":{"width":1600,"height":732},"payload":{"scrollX":0,"scrollY":2001.6666259765625,"documentHeight":8126,"viewportHeight":732}}
[2026-09-25T16:57:46.717Z] {"timestamp":1790355466414,"kind":"scroll","url":"http://localhost:3000/#top","viewport":{"width":1600,"height":732},"payload":{"scrollX":0,"scrollY":2126.66650390625,"documentHeight":8126,"viewportHeight":732}}
[2026-09-25T16:58:18.898Z] {"timestamp":1790355496996,"kind":"scroll","url":"http://localhost:3000/#top","viewport":{"width":1600,"height":732},"payload":{"scrollX":0,"scrollY":2251.66650390625,"documentHeight":8126,"viewportHeight":732}}
[2026-09-25T16:58:18.898Z] {"timestamp":1790355497512,"kind":"scroll","url":"http://localhost:3000/#top","viewport":{"width":1600,"height":732},"payload":{"scrollX":0,"scrollY":2393.333251953125,"documentHeight":8126,"viewportHeight":732}}
[2026-09-25T16:58:18.898Z] {"timestamp":1790355498020,"kind":"scroll","url":"http://localhost:3000/#top","viewport":{"width":1600,"height":732},"payload":{"scrollX":0,"scrollY":2725.833251953125,"documentHeight":8126,"viewportHeight":732}}
[2026-09-25T16:58:20.715Z] {"timestamp":1790355498823,"kind":"scroll","url":"http://localhost:3000/#top","viewport":{"width":1600,"height":732},"payload":{"scrollX":0,"scrollY":3001.66650390625,"documentHeight":8126,"viewportHeight":732}}
[2026-09-25T16:58:20.715Z] {"timestamp":1790355499447,"kind":"scroll","url":"http://localhost:3000/#top","viewport":{"width":1600,"height":732},"payload":{"scrollX":0,"scrollY":3251.66650390625,"documentHeight":8126,"viewportHeight":732}}
[2026-09-25T16:58:20.715Z] {"timestamp":1790355499962,"kind":"scroll","url":"http://localhost:3000/#top","viewport":{"width":1600,"height":732},"payload":{"scrollX":0,"scrollY":3736.66650390625,"documentHeight":8126,"viewportHeight":732}}
[2026-09-25T17:01:44.956Z] {"timestamp":1790355703269,"kind":"scroll","url":"http://localhost:3000/#top","viewport":{"width":1600,"height":732},"payload":{"scrollX":0,"scrollY":3749.999755859375,"documentHeight":7746,"viewportHeight":732}}
[2026-09-25T17:01:44.956Z] {"timestamp":1790355703787,"kind":"scroll","url":"http://localhost:3000/#top","viewport":{"width":1600,"height":732},"payload":{"scrollX":0,"scrollY":640,"documentHeight":8102,"viewportHeight":732}}
[2026-09-25T17:01:44.956Z] {"timestamp":1790355704308,"kind":"scroll","url":"http://localhost:3000/#top","viewport":{"width":1600,"height":732},"payload":{"scrollX":0,"scrollY":7.499999523162842,"documentHeight":8102,"viewportHeight":732}}
[2026-09-25T17:01:53.078Z] {"timestamp":1790355711900,"kind":"scroll","url":"http://localhost:3000/#top","viewport":{"width":1600,"height":732},"payload":{"scrollX":0,"scrollY":1.6666666269302368,"documentHeight":8102,"viewportHeight":732}}
[2026-09-25T17:01:53.078Z] {"timestamp":1790355712407,"kind":"scroll","url":"http://localhost:3000/#top","viewport":{"width":1600,"height":732},"payload":{"scrollX":0,"scrollY":698.3333129882812,"documentHeight":8102,"viewportHeight":732}}
[2026-09-25T17:02:09.081Z] {"timestamp":1790355727234,"kind":"scroll","url":"http://localhost:3000/#top","viewport":{"width":1600,"height":732},"payload":{"scrollX":0,"scrollY":751.6666259765625,"documentHeight":8102,"viewportHeight":732}}
[2026-09-25T17:02:09.081Z] {"timestamp":1790355727733,"kind":"scroll","url":"http://localhost:3000/#top","viewport":{"width":1600,"height":732},"payload":{"scrollX":0,"scrollY":1043.333251953125,"documentHeight":8102,"viewportHeight":732}}
[2026-09-25T17:02:09.081Z] {"timestamp":1790355728250,"kind":"scroll","url":"http://localhost:3000/#top","viewport":{"width":1600,"height":732},"payload":{"scrollX":0,"scrollY":1251.6666259765625,"documentHeight":8102,"viewportHeight":732}}
[2026-09-25T17:02:23.079Z] {"timestamp":1790355742017,"kind":"scroll","url":"http://localhost:3000/#top","viewport":{"width":1600,"height":732},"payload":{"scrollX":0,"scrollY":1501.6666259765625,"documentHeight":8102,"viewportHeight":732}}
[2026-09-25T17:02:23.079Z] {"timestamp":1790355742533,"kind":"scroll","url":"http://localhost:3000/#top","viewport":{"width":1600,"height":732},"payload":{"scrollX":0,"scrollY":1881.6666259765625,"documentHeight":8102,"viewportHeight":732}}
[2026-09-25T17:02:24.939Z] {"timestamp":1790355744800,"kind":"scroll","url":"http://localhost:3000/#top","viewport":{"width":1600,"height":732},"payload":{"scrollX":0,"scrollY":2251.66650390625,"documentHeight":8102,"viewportHeight":732}}
[2026-09-25T17:02:26.983Z] {"timestamp":1790355745317,"kind":"scroll","url":"http://localhost:3000/#top","viewport":{"width":1600,"height":732},"payload":{"scrollX":0,"scrollY":2555,"documentHeight":8102,"viewportHeight":732}}
[2026-09-25T17:02:26.983Z] {"timestamp":1790355745817,"kind":"scroll","url":"http://localhost:3000/#top","viewport":{"width":1600,"height":732},"payload":{"scrollX":0,"scrollY":3122.499755859375,"documentHeight":8102,"viewportHeight":732}}
[2026-09-25T17:02:26.983Z] {"timestamp":1790355746550,"kind":"scroll","url":"http://localhost:3000/#top","viewport":{"width":1600,"height":732},"payload":{"scrollX":0,"scrollY":3123.333251953125,"documentHeight":8102,"viewportHeight":732}}
[2026-09-25T17:02:28.924Z] {"timestamp":1790355747051,"kind":"scroll","url":"http://localhost:3000/#top","viewport":{"width":1600,"height":732},"payload":{"scrollX":0,"scrollY":2843.333251953125,"documentHeight":8102,"viewportHeight":732}}
[2026-09-25T17:02:28.924Z] {"timestamp":1790355747600,"kind":"scroll","url":"http://localhost:3000/#top","viewport":{"width":1600,"height":732},"payload":{"scrollX":0,"scrollY":2501.66650390625,"documentHeight":8102,"viewportHeight":732}}
[2026-09-25T17:02:28.924Z] {"timestamp":1790355748247,"kind":"click","url":"http://localhost:3000/#top","viewport":{"width":1600,"height":732},"payload":{"target":{"tag":"strong","id":null,"name":null,"type":null,"role":null,"ariaLabel":null,"testId":null,"dataLoc":"client/src/pages/Home.tsx:396","href":null,"text":"Antecipar o atraso antes que ele vire problema.","selectorHint":"[data-loc=\"client/src/pages/Home.tsx:396\"]"},"x":590,"y":346}}
[2026-09-25T17:02:30.922Z] {"timestamp":1790355749046,"kind":"click","url":"http://localhost:3000/#top","viewport":{"width":1600,"height":732},"payload":{"target":{"tag":"img","id":null,"name":null,"type":null,"role":null,"ariaLabel":null,"testId":null,"dataLoc":"client/src/pages/Home.tsx:428","href":null,"text":"","selectorHint":"[data-loc=\"client/src/pages/Home.tsx:428\"]"},"x":594,"y":342}}
[2026-09-25T17:02:30.922Z] {"timestamp":1790355749667,"kind":"scroll","url":"http://localhost:3000/#top","viewport":{"width":1600,"height":732},"payload":{"scrollX":0,"scrollY":2873.333251953125,"documentHeight":8102,"viewportHeight":732}}
[2026-09-25T17:02:30.922Z] {"timestamp":1790355750785,"kind":"scroll","url":"http://localhost:3000/#top","viewport":{"width":1600,"height":732},"payload":{"scrollX":0,"scrollY":2623.333251953125,"documentHeight":8102,"viewportHeight":732}}
[2026-09-25T17:02:41.270Z] {"timestamp":1790355760635,"kind":"scroll","url":"http://localhost:3000/#top","viewport":{"width":1600,"height":732},"payload":{"scrollX":0,"scrollY":2498.333251953125,"documentHeight":8102,"viewportHeight":732}}
[2026-09-25T17:02:42.920Z] {"timestamp":1790355761585,"kind":"scroll","url":"http://localhost:3000/#top","viewport":{"width":1600,"height":732},"payload":{"scrollX":0,"scrollY":2251.66650390625,"documentHeight":8102,"viewportHeight":732}}
[2026-09-25T17:02:55.083Z] {"timestamp":1790355774651,"kind":"scroll","url":"http://localhost:3000/#top","viewport":{"width":1600,"height":732},"payload":{"scrollX":0,"scrollY":2376.66650390625,"documentHeight":8102,"viewportHeight":732}}
[2026-09-25T17:02:56.942Z] {"timestamp":1790355775168,"kind":"scroll","url":"http://localhost:3000/#top","viewport":{"width":1600,"height":732},"payload":{"scrollX":0,"scrollY":2453.333251953125,"documentHeight":8102,"viewportHeight":732}}
[2026-09-25T17:02:56.942Z] {"timestamp":1790355775743,"kind":"scroll","url":"http://localhost:3000/#top","viewport":{"width":1600,"height":732},"payload":{"scrollX":0,"scrollY":1747.4998779296875,"documentHeight":8102,"viewportHeight":732}}
[2026-09-25T17:02:56.942Z] {"timestamp":1790355776255,"kind":"scroll","url":"http://localhost:3000/#top","viewport":{"width":1600,"height":732},"payload":{"scrollX":0,"scrollY":888.3333129882812,"documentHeight":8102,"viewportHeight":732}}
[2026-09-25T17:02:58.935Z] {"timestamp":1790355777051,"kind":"scroll","url":"http://localhost:3000/#top","viewport":{"width":1600,"height":732},"payload":{"scrollX":0,"scrollY":498.33331298828125,"documentHeight":8102,"viewportHeight":732}}
[2026-09-25T17:02:58.935Z] {"timestamp":1790355778083,"kind":"scroll","url":"http://localhost:3000/#top","viewport":{"width":1600,"height":732},"payload":{"scrollX":0,"scrollY":1.6666666269302368,"documentHeight":8102,"viewportHeight":732}}
[2026-09-25T17:02:58.935Z] {"timestamp":1790355778767,"kind":"scroll","url":"http://localhost:3000/#top","viewport":{"width":1600,"height":732},"payload":{"scrollX":0,"scrollY":376.6666564941406,"documentHeight":8102,"viewportHeight":732}}
[2026-09-25T17:03:00.917Z] {"timestamp":1790355779591,"kind":"scroll","url":"http://localhost:3000/#top","viewport":{"width":1600,"height":732},"payload":{"scrollX":0,"scrollY":751.6666259765625,"documentHeight":8102,"viewportHeight":732}}
[2026-09-25T17:03:00.917Z] {"timestamp":1790355780101,"kind":"scroll","url":"http://localhost:3000/#top","viewport":{"width":1600,"height":732},"payload":{"scrollX":0,"scrollY":1031.6666259765625,"documentHeight":8102,"viewportHeight":732}}
[2026-09-25T17:03:00.917Z] {"timestamp":1790355780666,"kind":"scroll","url":"http://localhost:3000/#top","viewport":{"width":1600,"height":732},"payload":{"scrollX":0,"scrollY":1623.333251953125,"documentHeight":8102,"viewportHeight":732}}
[2026-09-25T17:03:02.940Z] {"timestamp":1790355781534,"kind":"scroll","url":"http://localhost:3000/#top","viewport":{"width":1600,"height":732},"payload":{"scrollX":0,"scrollY":1626.6666259765625,"documentHeight":8102,"viewportHeight":732}}
[2026-09-25T17:03:02.940Z] {"timestamp":1790355782051,"kind":"scroll","url":"http://localhost:3000/#top","viewport":{"width":1600,"height":732},"payload":{"scrollX":0,"scrollY":2008.333251953125,"documentHeight":8102,"viewportHeight":732}}
[2026-09-25T17:03:02.940Z] {"timestamp":1790355782618,"kind":"scroll","url":"http://localhost:3000/#top","viewport":{"width":1600,"height":732},"payload":{"scrollX":0,"scrollY":2248.333251953125,"documentHeight":8102,"viewportHeight":732}}
[2026-09-25T17:03:04.934Z] {"timestamp":1790355783134,"kind":"scroll","url":"http://localhost:3000/#top","viewport":{"width":1600,"height":732},"payload":{"scrollX":0,"scrollY":1624.9998779296875,"documentHeight":8102,"viewportHeight":732}}
[2026-09-25T17:03:04.934Z] {"timestamp":1790355783718,"kind":"scroll","url":"http://localhost:3000/#top","viewport":{"width":1600,"height":732},"payload":{"scrollX":0,"scrollY":1623.333251953125,"documentHeight":8102,"viewportHeight":732}}
[2026-09-25T17:03:04.934Z] {"timestamp":1790355784767,"kind":"scroll","url":"http://localhost:3000/#top","viewport":{"width":1600,"height":732},"payload":{"scrollX":0,"scrollY":1376.6666259765625,"documentHeight":8102,"viewportHeight":732}}
[2026-09-25T17:03:15.070Z] {"timestamp":1790355794802,"kind":"scroll","url":"http://localhost:3000/#top","viewport":{"width":1600,"height":732},"payload":{"scrollX":0,"scrollY":1626.6666259765625,"documentHeight":8102,"viewportHeight":732}}
[2026-09-25T17:03:16.922Z] {"timestamp":1790355795418,"kind":"scroll","url":"http://localhost:3000/#top","viewport":{"width":1600,"height":732},"payload":{"scrollX":0,"scrollY":1876.6666259765625,"documentHeight":8102,"viewportHeight":732}}
[2026-09-25T17:03:20.917Z] {"timestamp":1790355799819,"kind":"scroll","url":"http://localhost:3000/#top","viewport":{"width":1600,"height":732},"payload":{"scrollX":0,"scrollY":2251.66650390625,"documentHeight":8102,"viewportHeight":732}}
[2026-09-25T17:03:22.921Z] {"timestamp":1790355802086,"kind":"scroll","url":"http://localhost:3000/#top","viewport":{"width":1600,"height":732},"payload":{"scrollX":0,"scrollY":2376.66650390625,"documentHeight":8102,"viewportHeight":732}}
[2026-09-25T17:03:22.921Z] {"timestamp":1790355802735,"kind":"scroll","url":"http://localhost:3000/#top","viewport":{"width":1600,"height":732},"payload":{"scrollX":0,"scrollY":2501.66650390625,"documentHeight":8102,"viewportHeight":732}}
[2026-09-25T17:03:24.917Z] {"timestamp":1790355803253,"kind":"scroll","url":"http://localhost:3000/#top","viewport":{"width":1600,"height":732},"payload":{"scrollX":0,"scrollY":2830,"documentHeight":8102,"viewportHeight":732}}
[2026-09-25T17:03:26.940Z] {"timestamp":1790355805252,"kind":"scroll","url":"http://localhost:3000/#top","viewport":{"width":1600,"height":732},"payload":{"scrollX":0,"scrollY":2876.66650390625,"documentHeight":8102,"viewportHeight":732}}
[2026-09-25T17:03:26.940Z] {"timestamp":1790355805769,"kind":"scroll","url":"http://localhost:3000/#top","viewport":{"width":1600,"height":732},"payload":{"scrollX":0,"scrollY":3099.16650390625,"documentHeight":8102,"viewportHeight":732}}
[2026-09-25T17:03:28.918Z] {"timestamp":1790355806869,"kind":"scroll","url":"http://localhost:3000/#top","viewport":{"width":1600,"height":732},"payload":{"scrollX":0,"scrollY":3251.66650390625,"documentHeight":8102,"viewportHeight":732}}
[2026-09-25T17:03:28.918Z] {"timestamp":1790355807468,"kind":"scroll","url":"http://localhost:3000/#top","viewport":{"width":1600,"height":732},"payload":{"scrollX":0,"scrollY":3626.66650390625,"documentHeight":8102,"viewportHeight":732}}
[2026-09-25T17:03:28.918Z] {"timestamp":1790355807982,"kind":"scroll","url":"http://localhost:3000/#top","viewport":{"width":1600,"height":732},"payload":{"scrollX":0,"scrollY":3883.333251953125,"documentHeight":8102,"viewportHeight":732}}
[2026-09-25T17:03:30.943Z] {"timestamp":1790355809302,"kind":"scroll","url":"http://localhost:3000/#top","viewport":{"width":1600,"height":732},"payload":{"scrollX":0,"scrollY":4251.66650390625,"documentHeight":8102,"viewportHeight":732}}
[2026-09-25T17:03:30.943Z] {"timestamp":1790355810120,"kind":"scroll","url":"http://localhost:3000/#top","viewport":{"width":1600,"height":732},"payload":{"scrollX":0,"scrollY":4626.66650390625,"documentHeight":8102,"viewportHeight":732}}
[2026-09-25T17:03:30.943Z] {"timestamp":1790355810669,"kind":"scroll","url":"http://localhost:3000/#top","viewport":{"width":1600,"height":732},"payload":{"scrollX":0,"scrollY":4876.66650390625,"documentHeight":8102,"viewportHeight":732}}
[2026-09-25T17:03:32.917Z] {"timestamp":1790355811169,"kind":"scroll","url":"http://localhost:3000/#top","viewport":{"width":1600,"height":732},"payload":{"scrollX":0,"scrollY":5160,"documentHeight":8102,"viewportHeight":732}}
[2026-09-25T17:03:43.088Z] {"timestamp":1790355821802,"kind":"scroll","url":"http://localhost:3000/#top","viewport":{"width":1600,"height":732},"payload":{"scrollX":0,"scrollY":5251.66650390625,"documentHeight":8102,"viewportHeight":732}}
[2026-09-25T17:03:43.088Z] {"timestamp":1790355822335,"kind":"scroll","url":"http://localhost:3000/#top","viewport":{"width":1600,"height":732},"payload":{"scrollX":0,"scrollY":5376.66650390625,"documentHeight":8102,"viewportHeight":732}}
[2026-09-25T17:03:44.917Z] {"timestamp":1790355823003,"kind":"scroll","url":"http://localhost:3000/#top","viewport":{"width":1600,"height":732},"payload":{"scrollX":0,"scrollY":5751.66650390625,"documentHeight":8102,"viewportHeight":732}}
[2026-09-25T17:03:44.917Z] {"timestamp":1790355823836,"kind":"scroll","url":"http://localhost:3000/#top","viewport":{"width":1600,"height":732},"payload":{"scrollX":0,"scrollY":6001.66650390625,"documentHeight":8102,"viewportHeight":732}}
[2026-09-25T17:03:47.419Z] {"timestamp":1790355824919,"kind":"scroll","url":"http://localhost:3000/#top","viewport":{"width":1600,"height":732},"payload":{"scrollX":0,"scrollY":6376.66650390625,"documentHeight":8102,"viewportHeight":732}}
[2026-09-25T17:03:47.419Z] {"timestamp":1790355826269,"kind":"scroll","url":"http://localhost:3000/#top","viewport":{"width":1600,"height":732},"payload":{"scrollX":0,"scrollY":6876.66650390625,"documentHeight":8102,"viewportHeight":732}}
[2026-09-25T17:03:49.478Z] {"timestamp":1790355826936,"kind":"scroll","url":"http://localhost:3000/#top","viewport":{"width":1600,"height":732},"payload":{"scrollX":0,"scrollY":7248.3330078125,"documentHeight":8102,"viewportHeight":732}}
[2026-09-25T17:03:49.478Z] {"timestamp":1790355827619,"kind":"scroll","url":"http://localhost:3000/#top","viewport":{"width":1600,"height":732},"payload":{"scrollX":0,"scrollY":6748.3330078125,"documentHeight":8102,"viewportHeight":732}}
[2026-09-25T17:03:54.921Z] {"timestamp":1790355834369,"kind":"scroll","url":"http://localhost:3000/#top","viewport":{"width":1600,"height":732},"payload":{"scrollX":0,"scrollY":6623.3330078125,"documentHeight":8102,"viewportHeight":732}}
[2026-09-25T17:03:56.932Z] {"timestamp":1790355834884,"kind":"scroll","url":"http://localhost:3000/#top","viewport":{"width":1600,"height":732},"payload":{"scrollX":0,"scrollY":6235.8330078125,"documentHeight":8102,"viewportHeight":732}}
[2026-09-25T17:03:56.932Z] {"timestamp":1790355835385,"kind":"scroll","url":"http://localhost:3000/#top","viewport":{"width":1600,"height":732},"payload":{"scrollX":0,"scrollY":6000,"documentHeight":8102,"viewportHeight":732}}
[2026-09-25T17:03:56.932Z] {"timestamp":1790355836035,"kind":"scroll","url":"http://localhost:3000/#top","viewport":{"width":1600,"height":732},"payload":{"scrollX":0,"scrollY":5748.3330078125,"documentHeight":8102,"viewportHeight":732}}
[2026-09-25T17:03:56.932Z] {"timestamp":1790355836803,"kind":"scroll","url":"http://localhost:3000/#top","viewport":{"width":1600,"height":732},"payload":{"scrollX":0,"scrollY":5373.3330078125,"documentHeight":8102,"viewportHeight":732}}
[2026-09-25T17:03:58.917Z] {"timestamp":1790355837435,"kind":"scroll","url":"http://localhost:3000/#top","viewport":{"width":1600,"height":732},"payload":{"scrollX":0,"scrollY":4873.3330078125,"documentHeight":8102,"viewportHeight":732}}
[2026-09-25T17:03:58.917Z] {"timestamp":1790355838069,"kind":"scroll","url":"http://localhost:3000/#top","viewport":{"width":1600,"height":732},"payload":{"scrollX":0,"scrollY":4623.3330078125,"documentHeight":8102,"viewportHeight":732}}
[2026-09-25T17:03:58.917Z] {"timestamp":1790355838779,"kind":"scroll","url":"http://localhost:3000/#top","viewport":{"width":1600,"height":732},"payload":{"scrollX":0,"scrollY":3748.333251953125,"documentHeight":8102,"viewportHeight":732}}
[2026-09-25T17:04:00.921Z] {"timestamp":1790355839286,"kind":"scroll","url":"http://localhost:3000/#top","viewport":{"width":1600,"height":732},"payload":{"scrollX":0,"scrollY":2977.5,"documentHeight":8102,"viewportHeight":732}}
[2026-09-25T17:04:00.921Z] {"timestamp":1790355839802,"kind":"scroll","url":"http://localhost:3000/#top","viewport":{"width":1600,"height":732},"payload":{"scrollX":0,"scrollY":2500,"documentHeight":8102,"viewportHeight":732}}
[2026-09-25T17:04:00.921Z] {"timestamp":1790355840312,"kind":"scroll","url":"http://localhost:3000/#top","viewport":{"width":1600,"height":732},"payload":{"scrollX":0,"scrollY":2122.5,"documentHeight":8102,"viewportHeight":732}}
[2026-09-25T17:04:00.921Z] {"timestamp":1790355840819,"kind":"scroll","url":"http://localhost:3000/#top","viewport":{"width":1600,"height":732},"payload":{"scrollX":0,"scrollY":1513.333251953125,"documentHeight":8102,"viewportHeight":732}}
[2026-09-25T17:04:02.925Z] {"timestamp":1790355841319,"kind":"scroll","url":"http://localhost:3000/#top","viewport":{"width":1600,"height":732},"payload":{"scrollX":0,"scrollY":1062.5,"documentHeight":8102,"viewportHeight":732}}
[2026-09-25T17:04:02.925Z] {"timestamp":1790355841845,"kind":"scroll","url":"http://localhost:3000/#top","viewport":{"width":1600,"height":732},"payload":{"scrollX":0,"scrollY":748.3333129882812,"documentHeight":8102,"viewportHeight":732}}
[2026-09-25T17:04:02.925Z] {"timestamp":1790355842586,"kind":"scroll","url":"http://localhost:3000/#top","viewport":{"width":1600,"height":732},"payload":{"scrollX":0,"scrollY":248.3333282470703,"documentHeight":8102,"viewportHeight":732}}
[2026-09-25T17:04:15.085Z] {"timestamp":1790355853704,"kind":"scroll","url":"http://localhost:3000/#top","viewport":{"width":1600,"height":732},"payload":{"scrollX":0,"scrollY":1.6666666269302368,"documentHeight":8102,"viewportHeight":732}}
[2026-09-25T17:04:15.085Z] {"timestamp":1790355854278,"kind":"scroll","url":"http://localhost:3000/#top","viewport":{"width":1600,"height":732},"payload":{"scrollX":0,"scrollY":499.9999694824219,"documentHeight":8102,"viewportHeight":732}}
[2026-09-25T17:04:45.080Z] {"timestamp":1790355884000,"kind":"scroll","url":"http://localhost:3000/#top","viewport":{"width":1600,"height":732},"payload":{"scrollX":0,"scrollY":876.6666259765625,"documentHeight":8102,"viewportHeight":732}}
[2026-09-25T17:04:45.080Z] {"timestamp":1790355884564,"kind":"scroll","url":"http://localhost:3000/#top","viewport":{"width":1600,"height":732},"payload":{"scrollX":0,"scrollY":1626.6666259765625,"documentHeight":8102,"viewportHeight":732}}
[2026-09-25T17:04:46.917Z] {"timestamp":1790355885422,"kind":"scroll","url":"http://localhost:3000/#top","viewport":{"width":1600,"height":732},"payload":{"scrollX":0,"scrollY":2001.6666259765625,"documentHeight":8102,"viewportHeight":732}}
[2026-09-25T17:04:46.917Z] {"timestamp":1790355886405,"kind":"scroll","url":"http://localhost:3000/#top","viewport":{"width":1600,"height":732},"payload":{"scrollX":0,"scrollY":2376.66650390625,"documentHeight":8102,"viewportHeight":732}}
[2026-09-25T17:04:48.931Z] {"timestamp":1790355886920,"kind":"scroll","url":"http://localhost:3000/#top","viewport":{"width":1600,"height":732},"payload":{"scrollX":0,"scrollY":2633.333251953125,"documentHeight":8102,"viewportHeight":732}}
[2026-09-25T17:04:48.931Z] {"timestamp":1790355888149,"kind":"click","url":"http://localhost:3000/#top","viewport":{"width":1600,"height":732},"payload":{"target":{"tag":"div","id":null,"name":null,"type":null,"role":null,"ariaLabel":null,"testId":null,"dataLoc":"client/src/pages/Home.tsx:395","href":null,"text":"LEITURA PRINCIPAL Antecipar o atraso antes que ele vire problema. IMPACTO OPERAC…","selectorHint":"[data-loc=\"client/src/pages/Home.tsx:395\"]"},"x":892,"y":353}}
[2026-09-25T17:04:51.226Z] {"timestamp":1790355889670,"kind":"scroll","url":"http://localhost:3000/#top","viewport":{"width":1600,"height":732},"payload":{"scrollX":0,"scrollY":2876.66650390625,"documentHeight":8102,"viewportHeight":732}}
[2026-09-25T17:04:52.930Z] {"timestamp":1790355890870,"kind":"click","url":"http://localhost:3000/#top","viewport":{"width":1600,"height":732},"payload":{"target":{"tag":"img","id":null,"name":null,"type":null,"role":null,"ariaLabel":null,"testId":null,"dataLoc":"client/src/pages/Home.tsx:428","href":null,"text":"","selectorHint":"[data-loc=\"client/src/pages/Home.tsx:428\"]"},"x":933,"y":259}}
[2026-09-25T17:04:52.930Z] {"timestamp":1790355891837,"kind":"scroll","url":"http://localhost:3000/#top","viewport":{"width":1600,"height":732},"payload":{"scrollX":0,"scrollY":3248.333251953125,"documentHeight":8102,"viewportHeight":732}}
[2026-09-25T17:04:52.930Z] {"timestamp":1790355892337,"kind":"scroll","url":"http://localhost:3000/#top","viewport":{"width":1600,"height":732},"payload":{"scrollX":0,"scrollY":2877.5,"documentHeight":8102,"viewportHeight":732}}
[2026-09-25T17:04:54.936Z] {"timestamp":1790355894355,"kind":"scroll","url":"http://localhost:3000/#top","viewport":{"width":1600,"height":732},"payload":{"scrollX":0,"scrollY":2748.333251953125,"documentHeight":8102,"viewportHeight":732}}
[2026-09-25T17:04:56.922Z] {"timestamp":1790355895047,"kind":"scroll","url":"http://localhost:3000/#top","viewport":{"width":1600,"height":732},"payload":{"scrollX":0,"scrollY":2248.333251953125,"documentHeight":8102,"viewportHeight":732}}
[2026-09-25T17:04:56.922Z] {"timestamp":1790355895553,"kind":"scroll","url":"http://localhost:3000/#top","viewport":{"width":1600,"height":732},"payload":{"scrollX":0,"scrollY":1667.4998779296875,"documentHeight":8102,"viewportHeight":732}}
[2026-09-25T17:04:56.922Z] {"timestamp":1790355896097,"kind":"scroll","url":"http://localhost:3000/#top","viewport":{"width":1600,"height":732},"payload":{"scrollX":0,"scrollY":1123.333251953125,"documentHeight":8102,"viewportHeight":732}}
[2026-09-25T17:05:19.076Z] {"timestamp":1790355917522,"kind":"scroll","url":"http://localhost:3000/#top","viewport":{"width":1600,"height":732},"payload":{"scrollX":0,"scrollY":748.3333129882812,"documentHeight":8102,"viewportHeight":732}}
[2026-09-25T17:05:19.076Z] {"timestamp":1790355918029,"kind":"scroll","url":"http://localhost:3000/#top","viewport":{"width":1600,"height":732},"payload":{"scrollX":0,"scrollY":4.166666507720947,"documentHeight":8102,"viewportHeight":732}}
[2026-09-25T17:05:20.920Z] {"timestamp":1790355919719,"kind":"click","url":"http://localhost:3000/#top","viewport":{"width":1600,"height":732},"payload":{"target":{"tag":"h1","id":null,"name":null,"type":null,"role":null,"ariaLabel":null,"testId":null,"dataLoc":"client/src/pages/Home.tsx:204","href":null,"text":"PROJETO NEXUS","selectorHint":"[data-loc=\"client/src/pages/Home.tsx:204\"]"},"x":1225,"y":256}}
[2026-09-25T17:05:27.240Z] {"timestamp":1790355924905,"kind":"scroll","url":"http://localhost:3000/#top","viewport":{"width":1600,"height":732},"payload":{"scrollX":0,"scrollY":1.6666666269302368,"documentHeight":8102,"viewportHeight":732}}
[2026-09-25T17:05:27.240Z] {"timestamp":1790355925406,"kind":"scroll","url":"http://localhost:3000/#top","viewport":{"width":1600,"height":732},"payload":{"scrollX":0,"scrollY":874.9999389648438,"documentHeight":8102,"viewportHeight":732}}
[2026-09-25T17:05:27.240Z] {"timestamp":1790355926049,"kind":"scroll","url":"http://localhost:3000/#top","viewport":{"width":1600,"height":732},"payload":{"scrollX":0,"scrollY":1001.6666259765625,"documentHeight":8102,"viewportHeight":732}}
[2026-09-25T17:05:27.240Z] {"timestamp":1790355926557,"kind":"scroll","url":"http://localhost:3000/#top","viewport":{"width":1600,"height":732},"payload":{"scrollX":0,"scrollY":1496.6666259765625,"documentHeight":8102,"viewportHeight":732}}
[2026-09-25T17:05:28.913Z] {"timestamp":1790355927057,"kind":"scroll","url":"http://localhost:3000/#top","viewport":{"width":1600,"height":732},"payload":{"scrollX":0,"scrollY":1618.333251953125,"documentHeight":8102,"viewportHeight":732}}
[2026-09-25T17:05:28.913Z] {"timestamp":1790355928423,"kind":"scroll","url":"http://localhost:3000/#top","viewport":{"width":1600,"height":732},"payload":{"scrollX":0,"scrollY":1626.6666259765625,"documentHeight":8102,"viewportHeight":732}}
[2026-09-25T17:05:30.921Z] {"timestamp":1790355929806,"kind":"scroll","url":"http://localhost:3000/#top","viewport":{"width":1600,"height":732},"payload":{"scrollX":0,"scrollY":2376.66650390625,"documentHeight":8102,"viewportHeight":732}}
[2026-09-25T17:05:32.917Z] {"timestamp":1790355932790,"kind":"scroll","url":"http://localhost:3000/#top","viewport":{"width":1600,"height":732},"payload":{"scrollX":0,"scrollY":2501.66650390625,"documentHeight":8102,"viewportHeight":732}}
[2026-09-25T17:05:34.918Z] {"timestamp":1790355933473,"kind":"scroll","url":"http://localhost:3000/#top","viewport":{"width":1600,"height":732},"payload":{"scrollX":0,"scrollY":2626.66650390625,"documentHeight":8102,"viewportHeight":732}}
[2026-09-25T17:05:34.918Z] {"timestamp":1790355934790,"kind":"scroll","url":"http://localhost:3000/#top","viewport":{"width":1600,"height":732},"payload":{"scrollX":0,"scrollY":2873.333251953125,"documentHeight":8102,"viewportHeight":732}}
[2026-09-25T17:05:40.091Z] {"timestamp":1790355939070,"kind":"scroll","url":"http://localhost:3000/#top","viewport":{"width":1600,"height":732},"payload":{"scrollX":0,"scrollY":2425,"documentHeight":7746,"viewportHeight":732}}
[2026-09-25T17:05:40.091Z] {"timestamp":1790355939583,"kind":"scroll","url":"http://localhost:3000/#top","viewport":{"width":1600,"height":732},"payload":{"scrollX":0,"scrollY":243.3333282470703,"documentHeight":8102,"viewportHeight":732}}
[2026-09-25T17:05:44.072Z] {"timestamp":1790355943407,"kind":"scroll","url":"http://localhost:3000/#top","viewport":{"width":1600,"height":732},"payload":{"scrollX":0,"scrollY":1.6666666269302368,"documentHeight":8102,"viewportHeight":732}}
[2026-09-25T17:05:46.070Z] {"timestamp":1790355944323,"kind":"scroll","url":"http://localhost:3000/#top","viewport":{"width":1600,"height":732},"payload":{"scrollX":0,"scrollY":251.66665649414062,"documentHeight":8102,"viewportHeight":732}}
[2026-09-25T17:06:42.239Z] {"timestamp":1790356000353,"kind":"scroll","url":"http://localhost:3000/#top","viewport":{"width":1600,"height":732},"payload":{"scrollX":0,"scrollY":498.33331298828125,"documentHeight":8102,"viewportHeight":732}}
[2026-09-25T17:06:46.104Z] {"timestamp":1790356005858,"kind":"scroll","url":"http://localhost:3000/#top","viewport":{"width":1600,"height":732},"payload":{"scrollX":0,"scrollY":1.6666666269302368,"documentHeight":8102,"viewportHeight":732}}
[2026-09-25T17:06:48.078Z] {"timestamp":1790356006991,"kind":"scroll","url":"http://localhost:3000/#top","viewport":{"width":1600,"height":732},"payload":{"scrollX":0,"scrollY":751.6666259765625,"documentHeight":8102,"viewportHeight":732}}
[2026-09-25T17:06:48.078Z] {"timestamp":1790356007674,"kind":"scroll","url":"http://localhost:3000/#top","viewport":{"width":1600,"height":732},"payload":{"scrollX":0,"scrollY":998.3333129882812,"documentHeight":8102,"viewportHeight":732}}
[2026-09-25T17:06:54.423Z] {"timestamp":1790356012441,"kind":"scroll","url":"http://localhost:3000/#top","viewport":{"width":1600,"height":732},"payload":{"scrollX":0,"scrollY":751.6666259765625,"documentHeight":8102,"viewportHeight":732}}
[2026-09-25T17:06:54.423Z] {"timestamp":1790356012953,"kind":"scroll","url":"http://localhost:3000/#top","viewport":{"width":1600,"height":732},"payload":{"scrollX":0,"scrollY":1018.3333129882812,"documentHeight":8102,"viewportHeight":732}}
[2026-09-25T17:06:54.423Z] {"timestamp":1790356013985,"kind":"scroll","url":"http://localhost:3000/#top","viewport":{"width":1600,"height":732},"payload":{"scrollX":0,"scrollY":1877.4998779296875,"documentHeight":8102,"viewportHeight":732}}
[2026-09-25T17:06:56.095Z] {"timestamp":1790356014758,"kind":"scroll","url":"http://localhost:3000/#top","viewport":{"width":1600,"height":732},"payload":{"scrollX":0,"scrollY":2501.66650390625,"documentHeight":8102,"viewportHeight":732}}
[2026-09-25T17:06:58.076Z] {"timestamp":1790356017624,"kind":"scroll","url":"http://localhost:3000/#top","viewport":{"width":1600,"height":732},"payload":{"scrollX":0,"scrollY":2751.66650390625,"documentHeight":8102,"viewportHeight":732}}
[2026-09-25T17:07:00.071Z] {"timestamp":1790356018124,"kind":"scroll","url":"http://localhost:3000/#top","viewport":{"width":1600,"height":732},"payload":{"scrollX":0,"scrollY":3304.16650390625,"documentHeight":8102,"viewportHeight":732}}
[2026-09-25T17:07:00.071Z] {"timestamp":1790356019473,"kind":"scroll","url":"http://localhost:3000/#top","viewport":{"width":1600,"height":732},"payload":{"scrollX":0,"scrollY":3626.66650390625,"documentHeight":8102,"viewportHeight":732}}
[2026-09-25T17:07:00.071Z] {"timestamp":1790356019974,"kind":"scroll","url":"http://localhost:3000/#top","viewport":{"width":1600,"height":732},"payload":{"scrollX":0,"scrollY":3892.499755859375,"documentHeight":8102,"viewportHeight":732}}
[2026-09-25T17:07:02.075Z] {"timestamp":1790356020490,"kind":"scroll","url":"http://localhost:3000/#top","viewport":{"width":1600,"height":732},"payload":{"scrollX":0,"scrollY":4203.3330078125,"documentHeight":8102,"viewportHeight":732}}
[2026-09-25T17:07:02.075Z] {"timestamp":1790356020990,"kind":"scroll","url":"http://localhost:3000/#top","viewport":{"width":1600,"height":732},"payload":{"scrollX":0,"scrollY":4251.66650390625,"documentHeight":8102,"viewportHeight":732}}
[2026-09-25T17:07:02.075Z] {"timestamp":1790356021490,"kind":"scroll","url":"http://localhost:3000/#top","viewport":{"width":1600,"height":732},"payload":{"scrollX":0,"scrollY":4741.66650390625,"documentHeight":8102,"viewportHeight":732}}
[2026-09-25T17:07:04.067Z] {"timestamp":1790356022064,"kind":"click","url":"http://localhost:3000/#top","viewport":{"width":1600,"height":732},"payload":{"target":{"tag":"article","id":null,"name":null,"type":null,"role":null,"ariaLabel":null,"testId":null,"dataLoc":"client/src/pages/Home.tsx:541","href":null,"text":"PLANEJAMENTO & CONTROLE NXS / 02 Torre de Amostra Grátis Controle em tempo real …","selectorHint":"[data-loc=\"client/src/pages/Home.tsx:541\"]"},"x":605,"y":417}}
[2026-09-25T17:07:04.067Z] {"timestamp":1790356022911,"kind":"click","url":"http://localhost:3000/#top","viewport":{"width":1600,"height":732},"payload":{"target":{"tag":"img","id":null,"name":null,"type":null,"role":null,"ariaLabel":null,"testId":null,"dataLoc":"client/src/pages/Home.tsx:592","href":null,"text":"","selectorHint":"[data-loc=\"client/src/pages/Home.tsx:592\"]"},"x":605,"y":417}}
[2026-09-25T17:07:04.067Z] {"timestamp":1790356023642,"kind":"scroll","url":"http://localhost:3000/#top","viewport":{"width":1600,"height":732},"payload":{"scrollX":0,"scrollY":4376.66650390625,"documentHeight":8102,"viewportHeight":732}}
[2026-09-25T17:07:06.084Z] {"timestamp":1790356024158,"kind":"scroll","url":"http://localhost:3000/#top","viewport":{"width":1600,"height":732},"payload":{"scrollX":0,"scrollY":5014.16650390625,"documentHeight":8102,"viewportHeight":732}}
[2026-09-25T17:07:06.084Z] {"timestamp":1790356024674,"kind":"scroll","url":"http://localhost:3000/#top","viewport":{"width":1600,"height":732},"payload":{"scrollX":0,"scrollY":5331.66650390625,"documentHeight":8102,"viewportHeight":732}}
[2026-09-25T17:07:08.072Z] {"timestamp":1790356027191,"kind":"click","url":"http://localhost:3000/#top","viewport":{"width":1600,"height":732},"payload":{"target":{"tag":"svg","id":null,"name":null,"type":null,"role":null,"ariaLabel":null,"testId":null,"dataLoc":"client/src/pages/Home.tsx:130","href":null,"text":"","selectorHint":"[data-loc=\"client/src/pages/Home.tsx:130\"]"},"x":842,"y":237}}
[2026-09-25T17:07:10.065Z] {"timestamp":1790356028127,"kind":"click","url":"http://localhost:3000/#top","viewport":{"width":1600,"height":732},"payload":{"target":{"tag":"div","id":null,"name":null,"type":null,"role":null,"ariaLabel":null,"testId":null,"dataLoc":"client/src/pages/Home.tsx:130","href":null,"text":"","selectorHint":"[data-loc=\"client/src/pages/Home.tsx:130\"]"},"x":1118,"y":239}}
[2026-09-25T17:07:10.065Z] {"timestamp":1790356028809,"kind":"scroll","url":"http://localhost:3000/#top","viewport":{"width":1600,"height":732},"payload":{"scrollX":0,"scrollY":5376.66650390625,"documentHeight":8102,"viewportHeight":732}}
[2026-09-25T17:07:10.065Z] {"timestamp":1790356029312,"kind":"scroll","url":"http://localhost:3000/#top","viewport":{"width":1600,"height":732},"payload":{"scrollX":0,"scrollY":6125,"documentHeight":8102,"viewportHeight":732}}
[2026-09-25T17:07:12.069Z] {"timestamp":1790356030058,"kind":"scroll","url":"http://localhost:3000/#top","viewport":{"width":1600,"height":732},"payload":{"scrollX":0,"scrollY":6126.66650390625,"documentHeight":8102,"viewportHeight":732}}
[2026-09-25T17:07:12.069Z] {"timestamp":1790356031158,"kind":"scroll","url":"http://localhost:3000/#top","viewport":{"width":1600,"height":732},"payload":{"scrollX":0,"scrollY":6626.66650390625,"documentHeight":8102,"viewportHeight":732}}
[2026-09-25T17:07:14.081Z] {"timestamp":1790356032075,"kind":"scroll","url":"http://localhost:3000/#top","viewport":{"width":1600,"height":732},"payload":{"scrollX":0,"scrollY":6876.66650390625,"documentHeight":8102,"viewportHeight":732}}
[2026-09-25T17:07:14.081Z] {"timestamp":1790356032669,"kind":"scroll","url":"http://localhost:3000/#top","viewport":{"width":1600,"height":732},"payload":{"scrollX":0,"scrollY":7126.66650390625,"documentHeight":8102,"viewportHeight":732}}
[2026-09-25T17:07:14.081Z] {"timestamp":1790356033508,"kind":"scroll","url":"http://localhost:3000/#top","viewport":{"width":1600,"height":732},"payload":{"scrollX":0,"scrollY":7368.3330078125,"documentHeight":8102,"viewportHeight":732}}
[2026-09-25T17:07:16.080Z] {"timestamp":1790356034024,"kind":"scroll","url":"http://localhost:3000/#top","viewport":{"width":1600,"height":732},"payload":{"scrollX":0,"scrollY":6719.16650390625,"documentHeight":8102,"viewportHeight":732}}
[2026-09-25T17:07:16.080Z] {"timestamp":1790356034568,"kind":"scroll","url":"http://localhost:3000/#top","viewport":{"width":1600,"height":732},"payload":{"scrollX":0,"scrollY":5867.5,"documentHeight":8102,"viewportHeight":732}}
[2026-09-25T17:11:10.805Z] {"timestamp":1790356270408,"kind":"scroll","url":"http://localhost:3000/#top","viewport":{"width":1600,"height":732},"payload":{"scrollX":0,"scrollY":5075,"documentHeight":7746,"viewportHeight":732}}
[2026-09-25T17:11:12.792Z] {"timestamp":1790356270931,"kind":"scroll","url":"http://localhost:3000/#top","viewport":{"width":1600,"height":732},"payload":{"scrollX":0,"scrollY":1231.6666259765625,"documentHeight":8102,"viewportHeight":732}}
[2026-09-25T17:11:12.792Z] {"timestamp":1790356271437,"kind":"scroll","url":"http://localhost:3000/#top","viewport":{"width":1600,"height":732},"payload":{"scrollX":0,"scrollY":95.83332824707031,"documentHeight":8102,"viewportHeight":732}}
[2026-09-25T17:11:19.252Z] {"timestamp":1790356276909,"kind":"scroll","url":"http://localhost:3000/#top","viewport":{"width":1600,"height":900},"payload":{"scrollX":0,"scrollY":2.5,"documentHeight":8270,"viewportHeight":900}}
[2026-09-25T17:11:19.252Z] {"timestamp":1790356277409,"kind":"scroll","url":"http://localhost:3000/#top","viewport":{"width":1600,"height":900},"payload":{"scrollX":0,"scrollY":102.49999237060547,"documentHeight":8270,"viewportHeight":900}}
[2026-09-25T17:11:19.252Z] {"timestamp":1790356277910,"kind":"scroll","url":"http://localhost:3000/#top","viewport":{"width":1600,"height":900},"payload":{"scrollX":0,"scrollY":183.3333282470703,"documentHeight":8270,"viewportHeight":900}}
[2026-09-25T17:11:19.252Z] {"timestamp":1790356278692,"kind":"scroll","url":"http://localhost:3000/#top","viewport":{"width":1600,"height":900},"payload":{"scrollX":0,"scrollY":252.49998474121094,"documentHeight":8270,"viewportHeight":900}}
[2026-09-25T17:11:20.835Z] {"timestamp":1790356279192,"kind":"scroll","url":"http://localhost:3000/#top","viewport":{"width":1600,"height":900},"payload":{"scrollX":0,"scrollY":944.1666259765625,"documentHeight":8270,"viewportHeight":900}}
[2026-09-25T17:11:20.835Z] {"timestamp":1790356279709,"kind":"scroll","url":"http://localhost:3000/#top","viewport":{"width":1600,"height":900},"payload":{"scrollX":0,"scrollY":948.3333129882812,"documentHeight":8270,"viewportHeight":900}}
[2026-09-25T17:11:22.816Z] {"timestamp":1790356281375,"kind":"scroll","url":"http://localhost:3000/#top","viewport":{"width":1600,"height":900},"payload":{"scrollX":0,"scrollY":852.4999389648438,"documentHeight":8270,"viewportHeight":900}}
[2026-09-25T17:11:33.002Z] {"timestamp":1790356290776,"kind":"scroll","url":"http://localhost:3000/#top","viewport":{"width":1600,"height":900},"payload":{"scrollX":0,"scrollY":903.3333129882812,"documentHeight":8270,"viewportHeight":900}}
[2026-09-25T17:11:33.002Z] {"timestamp":1790356291276,"kind":"scroll","url":"http://localhost:3000/#top","viewport":{"width":1600,"height":900},"payload":{"scrollX":0,"scrollY":979.9999389648438,"documentHeight":8270,"viewportHeight":900}}
[2026-09-25T17:11:33.002Z] {"timestamp":1790356291776,"kind":"scroll","url":"http://localhost:3000/#top","viewport":{"width":1600,"height":900},"payload":{"scrollX":0,"scrollY":1032.5,"documentHeight":8270,"viewportHeight":900}}
[2026-09-25T17:11:34.778Z] {"timestamp":1790356292957,"kind":"scroll","url":"http://localhost:3000/#top","viewport":{"width":1600,"height":900},"payload":{"scrollX":0,"scrollY":1551.6666259765625,"documentHeight":8270,"viewportHeight":900}}
[2026-09-25T17:11:40.779Z] {"timestamp":1790356300624,"kind":"scroll","url":"http://localhost:3000/#top","viewport":{"width":1600,"height":900},"payload":{"scrollX":0,"scrollY":1603.333251953125,"documentHeight":8270,"viewportHeight":900}}
[2026-09-25T17:11:42.789Z] {"timestamp":1790356301575,"kind":"scroll","url":"http://localhost:3000/#top","viewport":{"width":1600,"height":900},"payload":{"scrollX":0,"scrollY":1653.333251953125,"documentHeight":8270,"viewportHeight":900}}
[2026-09-25T17:11:42.789Z] {"timestamp":1790356302074,"kind":"scroll","url":"http://localhost:3000/#top","viewport":{"width":1600,"height":900},"payload":{"scrollX":0,"scrollY":1749.9998779296875,"documentHeight":8270,"viewportHeight":900}}
[2026-09-25T17:11:44.794Z] {"timestamp":1790356302741,"kind":"scroll","url":"http://localhost:3000/#top","viewport":{"width":1600,"height":900},"payload":{"scrollX":0,"scrollY":1801.6666259765625,"documentHeight":8270,"viewportHeight":900}}
[2026-09-25T17:11:44.794Z] {"timestamp":1790356303241,"kind":"scroll","url":"http://localhost:3000/#top","viewport":{"width":1600,"height":900},"payload":{"scrollX":0,"scrollY":1851.6666259765625,"documentHeight":8270,"viewportHeight":900}}
[2026-09-25T17:11:44.794Z] {"timestamp":1790356303808,"kind":"scroll","url":"http://localhost:3000/#top","viewport":{"width":1600,"height":900},"payload":{"scrollX":0,"scrollY":2053.333251953125,"documentHeight":8270,"viewportHeight":900}}
[2026-09-25T17:11:44.794Z] {"timestamp":1790356304357,"kind":"scroll","url":"http://localhost:3000/#top","viewport":{"width":1600,"height":900},"payload":{"scrollX":0,"scrollY":2152.5,"documentHeight":8270,"viewportHeight":900}}
[2026-09-25T17:11:54.970Z] {"timestamp":1790356313108,"kind":"scroll","url":"http://localhost:3000/#top","viewport":{"width":1600,"height":900},"payload":{"scrollX":0,"scrollY":2251.66650390625,"documentHeight":8270,"viewportHeight":900}}
[2026-09-25T17:11:54.970Z] {"timestamp":1790356313624,"kind":"scroll","url":"http://localhost:3000/#top","viewport":{"width":1600,"height":900},"payload":{"scrollX":0,"scrollY":2307.5,"documentHeight":8270,"viewportHeight":900}}
[2026-09-25T17:11:54.970Z] {"timestamp":1790356314359,"kind":"scroll","url":"http://localhost:3000/#top","viewport":{"width":1600,"height":900},"payload":{"scrollX":0,"scrollY":2401.66650390625,"documentHeight":8270,"viewportHeight":900}}
[2026-09-25T17:11:56.790Z] {"timestamp":1790356314858,"kind":"scroll","url":"http://localhost:3000/#top","viewport":{"width":1600,"height":900},"payload":{"scrollX":0,"scrollY":2499.16650390625,"documentHeight":8270,"viewportHeight":900}}
[2026-09-25T17:11:56.790Z] {"timestamp":1790356315559,"kind":"scroll","url":"http://localhost:3000/#top","viewport":{"width":1600,"height":900},"payload":{"scrollX":0,"scrollY":2551.66650390625,"documentHeight":8270,"viewportHeight":900}}
[2026-09-25T17:11:56.790Z] {"timestamp":1790356316058,"kind":"scroll","url":"http://localhost:3000/#top","viewport":{"width":1600,"height":900},"payload":{"scrollX":0,"scrollY":2601.66650390625,"documentHeight":8270,"viewportHeight":900}}
[2026-09-25T17:11:58.806Z] {"timestamp":1790356317075,"kind":"scroll","url":"http://localhost:3000/#top","viewport":{"width":1600,"height":900},"payload":{"scrollX":0,"scrollY":2654.16650390625,"documentHeight":8270,"viewportHeight":900}}
[2026-09-25T17:11:58.806Z] {"timestamp":1790356317609,"kind":"scroll","url":"http://localhost:3000/#top","viewport":{"width":1600,"height":900},"payload":{"scrollX":0,"scrollY":2754.16650390625,"documentHeight":8270,"viewportHeight":900}}
[2026-09-25T17:11:58.806Z] {"timestamp":1790356318108,"kind":"scroll","url":"http://localhost:3000/#top","viewport":{"width":1600,"height":900},"payload":{"scrollX":0,"scrollY":2849.16650390625,"documentHeight":8270,"viewportHeight":900}}
[2026-09-25T17:11:58.806Z] {"timestamp":1790356318658,"kind":"scroll","url":"http://localhost:3000/#top","viewport":{"width":1600,"height":900},"payload":{"scrollX":0,"scrollY":2902.5,"documentHeight":8270,"viewportHeight":900}}
[2026-09-25T17:12:00.787Z] {"timestamp":1790356319159,"kind":"scroll","url":"http://localhost:3000/#top","viewport":{"width":1600,"height":900},"payload":{"scrollX":0,"scrollY":2995,"documentHeight":8270,"viewportHeight":900}}
[2026-09-25T17:12:00.787Z] {"timestamp":1790356320386,"kind":"click","url":"http://localhost:3000/#top","viewport":{"width":1600,"height":900},"payload":{"target":{"tag":"div","id":null,"name":null,"type":null,"role":null,"ariaLabel":null,"testId":null,"dataLoc":"client/src/pages/Home.tsx:395","href":null,"text":"LEITURA PRINCIPAL Antecipar o atraso antes que ele vire problema. IMPACTO OPERAC…","selectorHint":"[data-loc=\"client/src/pages/Home.tsx:395\"]"},"x":860,"y":355}}
[2026-09-25T17:12:02.789Z] {"timestamp":1790356322530,"kind":"click","url":"http://localhost:3000/#top","viewport":{"width":1600,"height":900},"payload":{"target":{"tag":"img","id":null,"name":null,"type":null,"role":null,"ariaLabel":null,"testId":null,"dataLoc":"client/src/pages/Home.tsx:428","href":null,"text":"","selectorHint":"[data-loc=\"client/src/pages/Home.tsx:428\"]"},"x":860,"y":355}}
[2026-09-25T17:12:04.799Z] {"timestamp":1790356324025,"kind":"scroll","url":"http://localhost:3000/#top","viewport":{"width":1600,"height":900},"payload":{"scrollX":0,"scrollY":3052.5,"documentHeight":8270,"viewportHeight":900}}
[2026-09-25T17:12:04.799Z] {"timestamp":1790356324525,"kind":"scroll","url":"http://localhost:3000/#top","viewport":{"width":1600,"height":900},"payload":{"scrollX":0,"scrollY":3101.66650390625,"documentHeight":8270,"viewportHeight":900}}
[2026-09-25T17:12:06.878Z] {"timestamp":1790356325026,"kind":"scroll","url":"http://localhost:3000/#top","viewport":{"width":1600,"height":900},"payload":{"scrollX":0,"scrollY":3821.66650390625,"documentHeight":8270,"viewportHeight":900}}
[2026-09-25T17:12:06.878Z] {"timestamp":1790356325560,"kind":"scroll","url":"http://localhost:3000/#top","viewport":{"width":1600,"height":900},"payload":{"scrollX":0,"scrollY":3901.66650390625,"documentHeight":8270,"viewportHeight":900}}
[2026-09-25T17:12:06.878Z] {"timestamp":1790356326059,"kind":"scroll","url":"http://localhost:3000/#top","viewport":{"width":1600,"height":900},"payload":{"scrollX":0,"scrollY":4002.499755859375,"documentHeight":8270,"viewportHeight":900}}
[2026-09-25T17:12:06.878Z] {"timestamp":1790356326659,"kind":"scroll","url":"http://localhost:3000/#top","viewport":{"width":1600,"height":900},"payload":{"scrollX":0,"scrollY":4100.8330078125,"documentHeight":8270,"viewportHeight":900}}
[2026-09-25T17:12:08.785Z] {"timestamp":1790356327275,"kind":"scroll","url":"http://localhost:3000/#top","viewport":{"width":1600,"height":900},"payload":{"scrollX":0,"scrollY":4202.5,"documentHeight":8270,"viewportHeight":900}}
[2026-09-25T17:12:08.785Z] {"timestamp":1790356327776,"kind":"scroll","url":"http://localhost:3000/#top","viewport":{"width":1600,"height":900},"payload":{"scrollX":0,"scrollY":4330.8330078125,"documentHeight":8270,"viewportHeight":900}}
[2026-09-25T17:12:08.785Z] {"timestamp":1790356328608,"kind":"scroll","url":"http://localhost:3000/#top","viewport":{"width":1600,"height":900},"payload":{"scrollX":0,"scrollY":4451.66650390625,"documentHeight":8270,"viewportHeight":900}}
[2026-09-25T17:12:10.790Z] {"timestamp":1790356329125,"kind":"scroll","url":"http://localhost:3000/#top","viewport":{"width":1600,"height":900},"payload":{"scrollX":0,"scrollY":4751.66650390625,"documentHeight":8270,"viewportHeight":900}}
[2026-09-25T17:12:10.790Z] {"timestamp":1790356329625,"kind":"scroll","url":"http://localhost:3000/#top","viewport":{"width":1600,"height":900},"payload":{"scrollX":0,"scrollY":4801.66650390625,"documentHeight":8270,"viewportHeight":900}}
[2026-09-25T17:12:10.790Z] {"timestamp":1790356330125,"kind":"scroll","url":"http://localhost:3000/#top","viewport":{"width":1600,"height":900},"payload":{"scrollX":0,"scrollY":5512.5,"documentHeight":8270,"viewportHeight":900}}
[2026-09-25T17:12:12.780Z] {"timestamp":1790356330842,"kind":"scroll","url":"http://localhost:3000/#top","viewport":{"width":1600,"height":900},"payload":{"scrollX":0,"scrollY":5546.66650390625,"documentHeight":8270,"viewportHeight":900}}
[2026-09-25T17:12:12.780Z] {"timestamp":1790356331359,"kind":"scroll","url":"http://localhost:3000/#top","viewport":{"width":1600,"height":900},"payload":{"scrollX":0,"scrollY":5422.5,"documentHeight":8270,"viewportHeight":900}}
[2026-09-25T17:12:12.780Z] {"timestamp":1790356331859,"kind":"scroll","url":"http://localhost:3000/#top","viewport":{"width":1600,"height":900},"payload":{"scrollX":0,"scrollY":5298.3330078125,"documentHeight":8270,"viewportHeight":900}}
[2026-09-25T17:12:12.780Z] {"timestamp":1790356332609,"kind":"scroll","url":"http://localhost:3000/#top","viewport":{"width":1600,"height":900},"payload":{"scrollX":0,"scrollY":5251.66650390625,"documentHeight":8270,"viewportHeight":900}}
[2026-09-25T17:12:24.957Z] {"timestamp":1790356343909,"kind":"scroll","url":"http://localhost:3000/#top","viewport":{"width":1600,"height":900},"payload":{"scrollX":0,"scrollY":5303.3330078125,"documentHeight":8270,"viewportHeight":900}}
[2026-09-25T17:12:24.957Z] {"timestamp":1790356344427,"kind":"scroll","url":"http://localhost:3000/#top","viewport":{"width":1600,"height":900},"payload":{"scrollX":0,"scrollY":5359.16650390625,"documentHeight":8270,"viewportHeight":900}}
[2026-09-25T17:12:26.786Z] {"timestamp":1790356344976,"kind":"scroll","url":"http://localhost:3000/#top","viewport":{"width":1600,"height":900},"payload":{"scrollX":0,"scrollY":5552.5,"documentHeight":8270,"viewportHeight":900}}
[2026-09-25T17:12:26.786Z] {"timestamp":1790356345476,"kind":"scroll","url":"http://localhost:3000/#top","viewport":{"width":1600,"height":900},"payload":{"scrollX":0,"scrollY":5682.5,"documentHeight":8270,"viewportHeight":900}}
[2026-09-25T17:12:26.786Z] {"timestamp":1790356346126,"kind":"scroll","url":"http://localhost:3000/#top","viewport":{"width":1600,"height":900},"payload":{"scrollX":0,"scrollY":5753.3330078125,"documentHeight":8270,"viewportHeight":900}}
[2026-09-25T17:12:26.786Z] {"timestamp":1790356346626,"kind":"scroll","url":"http://localhost:3000/#top","viewport":{"width":1600,"height":900},"payload":{"scrollX":0,"scrollY":5890,"documentHeight":8270,"viewportHeight":900}}
[2026-09-25T17:12:28.782Z] {"timestamp":1790356347175,"kind":"scroll","url":"http://localhost:3000/#top","viewport":{"width":1600,"height":900},"payload":{"scrollX":0,"scrollY":6004.16650390625,"documentHeight":8270,"viewportHeight":900}}
[2026-09-25T17:12:28.782Z] {"timestamp":1790356347676,"kind":"scroll","url":"http://localhost:3000/#top","viewport":{"width":1600,"height":900},"payload":{"scrollX":0,"scrollY":6053.3330078125,"documentHeight":8270,"viewportHeight":900}}
[2026-09-25T17:12:28.782Z] {"timestamp":1790356348176,"kind":"scroll","url":"http://localhost:3000/#top","viewport":{"width":1600,"height":900},"payload":{"scrollX":0,"scrollY":6566.66650390625,"documentHeight":8270,"viewportHeight":900}}
[2026-09-25T17:12:28.782Z] {"timestamp":1790356348692,"kind":"scroll","url":"http://localhost:3000/#top","viewport":{"width":1600,"height":900},"payload":{"scrollX":0,"scrollY":6602.49951171875,"documentHeight":8270,"viewportHeight":900}}
[2026-09-25T17:12:30.835Z] {"timestamp":1790356349275,"kind":"scroll","url":"http://localhost:3000/#top","viewport":{"width":1600,"height":900},"payload":{"scrollX":0,"scrollY":6653.3330078125,"documentHeight":8270,"viewportHeight":900}}
[2026-09-25T17:12:30.835Z] {"timestamp":1790356349959,"kind":"scroll","url":"http://localhost:3000/#top","viewport":{"width":1600,"height":900},"payload":{"scrollX":0,"scrollY":6750.8330078125,"documentHeight":8270,"viewportHeight":900}}
[2026-09-25T17:12:30.835Z] {"timestamp":1790356350459,"kind":"scroll","url":"http://localhost:3000/#top","viewport":{"width":1600,"height":900},"payload":{"scrollX":0,"scrollY":7369.16650390625,"documentHeight":8270,"viewportHeight":900}}
[2026-09-25T17:12:32.786Z] {"timestamp":1790356352366,"kind":"keydown","url":"http://localhost:3000/#top","viewport":{"width":1600,"height":900},"payload":{"key":"[REDACTED]","target":{"tag":"body","id":null,"name":null,"type":null,"role":null,"ariaLabel":null,"testId":null,"dataLoc":null,"href":null,"text":"PROJECT NEXUS / HYPERA LOGÍSTICA / INTELLIGENCE / PROJECT NEXUS / HYPERA LOGÍSTI…","selectorHint":"body"}}}
[2026-10-01T14:02:51.141Z] {"timestamp":1790863369248,"kind":"scroll","url":"http://127.0.0.1:3000/","viewport":{"width":1272,"height":588},"payload":{"scrollX":0,"scrollY":1.3333333730697632,"documentHeight":7448,"viewportHeight":588}}
[2026-10-01T14:02:51.141Z] {"timestamp":1790863369778,"kind":"scroll","url":"http://127.0.0.1:3000/","viewport":{"width":1272,"height":588},"payload":{"scrollX":0,"scrollY":201.3333282470703,"documentHeight":7448,"viewportHeight":588}}
[2026-10-01T14:02:51.141Z] {"timestamp":1790863370696,"kind":"scroll","url":"http://127.0.0.1:3000/","viewport":{"width":1272,"height":588},"payload":{"scrollX":0,"scrollY":401.3333435058594,"documentHeight":7448,"viewportHeight":588}}
[2026-10-01T14:02:53.134Z] {"timestamp":1790863371714,"kind":"scroll","url":"http://127.0.0.1:3000/","viewport":{"width":1272,"height":588},"payload":{"scrollX":0,"scrollY":601.3333129882812,"documentHeight":7448,"viewportHeight":588}}
[2026-10-01T14:02:55.242Z] {"timestamp":1790863374764,"kind":"scroll","url":"http://127.0.0.1:3000/","viewport":{"width":1272,"height":588},"payload":{"scrollX":0,"scrollY":701.3333129882812,"documentHeight":7448,"viewportHeight":588}}
[2026-10-01T14:02:57.372Z] {"timestamp":1790863375615,"kind":"scroll","url":"http://127.0.0.1:3000/","viewport":{"width":1272,"height":588},"payload":{"scrollX":0,"scrollY":1001.3333129882812,"documentHeight":7448,"viewportHeight":588}}
[2026-10-01T14:02:57.372Z] {"timestamp":1790863376174,"kind":"scroll","url":"http://127.0.0.1:3000/","viewport":{"width":1272,"height":588},"payload":{"scrollX":0,"scrollY":1201.3333740234375,"documentHeight":7448,"viewportHeight":588}}
[2026-10-01T14:02:57.372Z] {"timestamp":1790863376730,"kind":"scroll","url":"http://127.0.0.1:3000/","viewport":{"width":1272,"height":588},"payload":{"scrollX":0,"scrollY":1301.3333740234375,"documentHeight":7448,"viewportHeight":588}}
[2026-10-01T14:03:03.133Z] {"timestamp":1790863381598,"kind":"scroll","url":"http://127.0.0.1:3000/","viewport":{"width":1272,"height":588},"payload":{"scrollX":0,"scrollY":1401.3333740234375,"documentHeight":7448,"viewportHeight":588}}
[2026-10-01T14:03:03.133Z] {"timestamp":1790863382157,"kind":"scroll","url":"http://127.0.0.1:3000/","viewport":{"width":1272,"height":588},"payload":{"scrollX":0,"scrollY":1701.3333740234375,"documentHeight":7448,"viewportHeight":588}}
[2026-10-01T14:03:03.133Z] {"timestamp":1790863382657,"kind":"scroll","url":"http://127.0.0.1:3000/","viewport":{"width":1272,"height":588},"payload":{"scrollX":0,"scrollY":1914,"documentHeight":7448,"viewportHeight":588}}
[2026-10-01T14:03:09.129Z] {"timestamp":1790863388764,"kind":"scroll","url":"http://127.0.0.1:3000/","viewport":{"width":1272,"height":588},"payload":{"scrollX":0,"scrollY":2101.333251953125,"documentHeight":7448,"viewportHeight":588}}
[2026-10-01T14:03:11.144Z] {"timestamp":1790863389346,"kind":"scroll","url":"http://127.0.0.1:3000/","viewport":{"width":1272,"height":588},"payload":{"scrollX":0,"scrollY":2401.333251953125,"documentHeight":7448,"viewportHeight":588}}
[2026-10-01T14:03:11.144Z] {"timestamp":1790863389891,"kind":"scroll","url":"http://127.0.0.1:3000/","viewport":{"width":1272,"height":588},"payload":{"scrollX":0,"scrollY":2601.333251953125,"documentHeight":7448,"viewportHeight":588}}
[2026-10-01T14:03:11.144Z] {"timestamp":1790863390963,"kind":"scroll","url":"http://127.0.0.1:3000/","viewport":{"width":1272,"height":588},"payload":{"scrollX":0,"scrollY":2798.666748046875,"documentHeight":7448,"viewportHeight":588}}
[2026-10-01T14:03:13.127Z] {"timestamp":1790863391530,"kind":"scroll","url":"http://127.0.0.1:3000/","viewport":{"width":1272,"height":588},"payload":{"scrollX":0,"scrollY":2698.666748046875,"documentHeight":7448,"viewportHeight":588}}
[2026-10-01T14:03:13.127Z] {"timestamp":1790863392496,"kind":"scroll","url":"http://127.0.0.1:3000/","viewport":{"width":1272,"height":588},"payload":{"scrollX":0,"scrollY":2601.333251953125,"documentHeight":7448,"viewportHeight":588}}
[2026-10-01T14:03:15.137Z] {"timestamp":1790863393743,"kind":"click","url":"http://127.0.0.1:3000/","viewport":{"width":1272,"height":588},"payload":{"target":{"tag":"article","id":null,"name":null,"type":null,"role":null,"ariaLabel":null,"testId":null,"dataLoc":"client/src/pages/Home.tsx:375","href":null,"text":"OPERAÇÃO & VISIBILIDADE NXS / 01 Painel Intercompany Ferramenta automática para …","selectorHint":"[data-loc=\"client/src/pages/Home.tsx:375\"]"},"x":878,"y":348}}
[2026-10-01T14:03:17.157Z] {"timestamp":1790863395993,"kind":"click","url":"http://127.0.0.1:3000/","viewport":{"width":1272,"height":588},"payload":{"target":{"tag":"img","id":null,"name":null,"type":null,"role":null,"ariaLabel":null,"testId":null,"dataLoc":"client/src/pages/Home.tsx:426","href":null,"text":"","selectorHint":"[data-loc=\"client/src/pages/Home.tsx:426\"]"},"x":700,"y":244}}
[2026-10-01T14:03:19.130Z] {"timestamp":1790863398544,"kind":"click","url":"http://127.0.0.1:3000/","viewport":{"width":1272,"height":588},"payload":{"target":{"tag":"div","id":null,"name":null,"type":null,"role":null,"ariaLabel":null,"testId":null,"dataLoc":"client/src/pages/Home.tsx:404","href":null,"text":"Paletes livres, quarentena e cargas disponíveis Destino, placa, transportadora e…","selectorHint":"[data-loc=\"client/src/pages/Home.tsx:404\"]"},"x":676,"y":394}}
[2026-10-01T14:03:23.134Z] {"timestamp":1790863401039,"kind":"click","url":"http://127.0.0.1:3000/","viewport":{"width":1272,"height":588},"payload":{"target":{"tag":"img","id":null,"name":null,"type":null,"role":null,"ariaLabel":null,"testId":null,"dataLoc":"client/src/pages/Home.tsx:426","href":null,"text":"","selectorHint":"[data-loc=\"client/src/pages/Home.tsx:426\"]"},"x":676,"y":394}}
[2026-10-01T14:03:23.134Z] {"timestamp":1790863402198,"kind":"scroll","url":"http://127.0.0.1:3000/","viewport":{"width":1272,"height":588},"payload":{"scrollX":0,"scrollY":2698.666748046875,"documentHeight":7448,"viewportHeight":588}}
[2026-10-01T14:03:23.134Z] {"timestamp":1790863402698,"kind":"scroll","url":"http://127.0.0.1:3000/","viewport":{"width":1272,"height":588},"payload":{"scrollX":0,"scrollY":2460.666748046875,"documentHeight":7448,"viewportHeight":588}}
[2026-10-01T14:03:25.128Z] {"timestamp":1790863404317,"kind":"scroll","url":"http://127.0.0.1:3000/","viewport":{"width":1272,"height":588},"payload":{"scrollX":0,"scrollY":2301.333251953125,"documentHeight":7448,"viewportHeight":588}}
[2026-10-01T14:03:27.131Z] {"timestamp":1790863405264,"kind":"scroll","url":"http://127.0.0.1:3000/","viewport":{"width":1272,"height":588},"payload":{"scrollX":0,"scrollY":2498.666748046875,"documentHeight":7448,"viewportHeight":588}}
[2026-10-01T14:03:27.131Z] {"timestamp":1790863406287,"kind":"click","url":"http://127.0.0.1:3000/","viewport":{"width":1272,"height":588},"payload":{"target":{"tag":"div","id":null,"name":null,"type":null,"role":null,"ariaLabel":null,"testId":null,"dataLoc":"client/src/pages/Home.tsx:339","href":null,"text":"A Solução e Impacto Automação: Processo de extração e cruzamento de dados automá…","selectorHint":"[data-loc=\"client/src/pages/Home.tsx:339\"]"},"x":862,"y":256}}
[2026-10-01T14:03:29.125Z] {"timestamp":1790863407181,"kind":"scroll","url":"http://127.0.0.1:3000/","viewport":{"width":1272,"height":588},"payload":{"scrollX":0,"scrollY":2301.333251953125,"documentHeight":7448,"viewportHeight":588}}
[2026-10-01T14:03:29.125Z] {"timestamp":1790863407681,"kind":"scroll","url":"http://127.0.0.1:3000/","viewport":{"width":1272,"height":588},"payload":{"scrollX":0,"scrollY":2700,"documentHeight":7448,"viewportHeight":588}}
[2026-10-01T14:03:29.125Z] {"timestamp":1790863408181,"kind":"scroll","url":"http://127.0.0.1:3000/","viewport":{"width":1272,"height":588},"payload":{"scrollX":0,"scrollY":2984,"documentHeight":7448,"viewportHeight":588}}
[2026-10-01T14:03:29.125Z] {"timestamp":1790863408732,"kind":"scroll","url":"http://127.0.0.1:3000/","viewport":{"width":1272,"height":588},"payload":{"scrollX":0,"scrollY":3101.333251953125,"documentHeight":7448,"viewportHeight":588}}
[2026-10-01T14:03:31.165Z] {"timestamp":1790863409331,"kind":"scroll","url":"http://127.0.0.1:3000/","viewport":{"width":1272,"height":588},"payload":{"scrollX":0,"scrollY":3301.333251953125,"documentHeight":7448,"viewportHeight":588}}
[2026-10-01T14:03:31.165Z] {"timestamp":1790863410063,"kind":"scroll","url":"http://127.0.0.1:3000/","viewport":{"width":1272,"height":588},"payload":{"scrollX":0,"scrollY":3401.333251953125,"documentHeight":7448,"viewportHeight":588}}
[2026-10-01T14:03:39.282Z] {"timestamp":1790863417378,"kind":"click","url":"http://127.0.0.1:3000/","viewport":{"width":1272,"height":588},"payload":{"target":{"tag":"div","id":null,"name":null,"type":null,"role":null,"ariaLabel":null,"testId":null,"dataLoc":"client/src/pages/Home.tsx:500","href":null,"text":"A Solução e Impacto A solução consiste em um indicador 100% automatizado, com at…","selectorHint":"[data-loc=\"client/src/pages/Home.tsx:500\"]"},"x":1098,"y":418}}
[2026-10-01T14:04:57.153Z] {"timestamp":1790863495817,"kind":"scroll","url":"http://127.0.0.1:3000/","viewport":{"width":1272,"height":588},"payload":{"scrollX":0,"scrollY":3501.333251953125,"documentHeight":7381,"viewportHeight":588}}
[2026-10-01T14:04:57.153Z] {"timestamp":1790863496321,"kind":"scroll","url":"http://127.0.0.1:3000/","viewport":{"width":1272,"height":588},"payload":{"scrollX":0,"scrollY":4200,"documentHeight":7381,"viewportHeight":588}}
[2026-10-01T14:04:57.153Z] {"timestamp":1790863496831,"kind":"scroll","url":"http://127.0.0.1:3000/","viewport":{"width":1272,"height":588},"payload":{"scrollX":0,"scrollY":3967.333251953125,"documentHeight":7381,"viewportHeight":588}}
[2026-10-01T14:04:59.127Z] {"timestamp":1790863497545,"kind":"click","url":"http://127.0.0.1:3000/","viewport":{"width":1272,"height":588},"payload":{"target":{"tag":"strong","id":null,"name":null,"type":null,"role":null,"ariaLabel":null,"testId":null,"dataLoc":"client/src/pages/Home.tsx:556","href":null,"text":"Monitoramento de OCT, NFs em atraso e redução de reentregas.","selectorHint":"[data-loc=\"client/src/pages/Home.tsx:556\"]"},"x":886,"y":273}}
[2026-10-01T14:04:59.127Z] {"timestamp":1790863498683,"kind":"scroll","url":"http://127.0.0.1:3000/","viewport":{"width":1272,"height":588},"payload":{"scrollX":0,"scrollY":3898.666748046875,"documentHeight":7381,"viewportHeight":588}}
[2026-10-01T14:05:01.130Z] {"timestamp":1790863499633,"kind":"scroll","url":"http://127.0.0.1:3000/","viewport":{"width":1272,"height":588},"payload":{"scrollX":0,"scrollY":3598.666748046875,"documentHeight":7381,"viewportHeight":588}}
[2026-10-01T14:09:28.734Z] {"timestamp":1790863767805,"kind":"scroll","url":"http://127.0.0.1:3000/","viewport":{"width":1280,"height":585},"payload":{"scrollX":0,"scrollY":1.3333333730697632,"documentHeight":7783,"viewportHeight":585}}
[2026-10-01T14:09:28.734Z] {"timestamp":1790863768321,"kind":"scroll","url":"http://127.0.0.1:3000/","viewport":{"width":1280,"height":585},"payload":{"scrollX":0,"scrollY":315.3333435058594,"documentHeight":7783,"viewportHeight":585}}
[2026-10-01T14:09:30.716Z] {"timestamp":1790863768836,"kind":"scroll","url":"http://127.0.0.1:3000/","viewport":{"width":1280,"height":585},"payload":{"scrollX":0,"scrollY":894,"documentHeight":7783,"viewportHeight":585}}
[2026-10-01T14:09:30.716Z] {"timestamp":1790863769415,"kind":"scroll","url":"http://127.0.0.1:3000/","viewport":{"width":1280,"height":585},"payload":{"scrollX":0,"scrollY":1201.3333740234375,"documentHeight":7783,"viewportHeight":585}}
[2026-10-01T14:09:30.716Z] {"timestamp":1790863770222,"kind":"scroll","url":"http://127.0.0.1:3000/","viewport":{"width":1280,"height":585},"payload":{"scrollX":0,"scrollY":1701.3333740234375,"documentHeight":7783,"viewportHeight":585}}
[2026-10-01T14:09:32.741Z] {"timestamp":1790863770737,"kind":"scroll","url":"http://127.0.0.1:3000/","viewport":{"width":1280,"height":585},"payload":{"scrollX":0,"scrollY":2014,"documentHeight":7783,"viewportHeight":585}}
[2026-10-01T14:09:32.741Z] {"timestamp":1790863771238,"kind":"scroll","url":"http://127.0.0.1:3000/","viewport":{"width":1280,"height":585},"payload":{"scrollX":0,"scrollY":2294.666748046875,"documentHeight":7783,"viewportHeight":585}}
[2026-10-01T14:09:32.741Z] {"timestamp":1790863772105,"kind":"scroll","url":"http://127.0.0.1:3000/","viewport":{"width":1280,"height":585},"payload":{"scrollX":0,"scrollY":2301.333251953125,"documentHeight":7783,"viewportHeight":585}}
[2026-10-01T14:09:32.741Z] {"timestamp":1790863772604,"kind":"scroll","url":"http://127.0.0.1:3000/","viewport":{"width":1280,"height":585},"payload":{"scrollX":0,"scrollY":2700,"documentHeight":7783,"viewportHeight":585}}
[2026-10-01T14:09:34.722Z] {"timestamp":1790863773105,"kind":"scroll","url":"http://127.0.0.1:3000/","viewport":{"width":1280,"height":585},"payload":{"scrollX":0,"scrollY":2701.333251953125,"documentHeight":7783,"viewportHeight":585}}
[2026-10-01T14:09:34.722Z] {"timestamp":1790863773817,"kind":"click","url":"http://127.0.0.1:3000/","viewport":{"width":1280,"height":585},"payload":{"target":{"tag":"article","id":null,"name":null,"type":null,"role":null,"ariaLabel":null,"testId":null,"dataLoc":"client/src/pages/Home.tsx:375","href":null,"text":"OPERAÇÃO & VISIBILIDADE NXS / 01 Painel Intercompany Ferramenta automática para …","selectorHint":"[data-loc=\"client/src/pages/Home.tsx:375\"]"},"x":707,"y":162}}
[2026-10-01T14:09:36.718Z] {"timestamp":1790863775006,"kind":"scroll","url":"http://127.0.0.1:3000/","viewport":{"width":1280,"height":585},"payload":{"scrollX":0,"scrollY":2898.666748046875,"documentHeight":7783,"viewportHeight":585}}
[2026-10-01T14:09:36.718Z] {"timestamp":1790863775531,"kind":"scroll","url":"http://127.0.0.1:3000/","viewport":{"width":1280,"height":585},"payload":{"scrollX":0,"scrollY":2602,"documentHeight":7783,"viewportHeight":585}}
[2026-10-01T14:09:36.718Z] {"timestamp":1790863776037,"kind":"scroll","url":"http://127.0.0.1:3000/","viewport":{"width":1280,"height":585},"payload":{"scrollX":0,"scrollY":3094,"documentHeight":7783,"viewportHeight":585}}
[2026-10-01T14:09:38.732Z] {"timestamp":1790863776831,"kind":"scroll","url":"http://127.0.0.1:3000/","viewport":{"width":1280,"height":585},"payload":{"scrollX":0,"scrollY":3601.333251953125,"documentHeight":7783,"viewportHeight":585}}
[2026-10-01T14:09:38.732Z] {"timestamp":1790863777421,"kind":"scroll","url":"http://127.0.0.1:3000/","viewport":{"width":1280,"height":585},"payload":{"scrollX":0,"scrollY":4001.333251953125,"documentHeight":7783,"viewportHeight":585}}
[2026-10-01T14:09:38.732Z] {"timestamp":1790863777991,"kind":"click","url":"http://127.0.0.1:3000/","viewport":{"width":1280,"height":585},"payload":{"target":{"tag":"div","id":null,"name":null,"type":null,"role":null,"ariaLabel":null,"testId":null,"dataLoc":"client/src/pages/Home.tsx:561","href":null,"text":"Reentrega 120.832 cx","selectorHint":"[data-loc=\"client/src/pages/Home.tsx:561\"]"},"x":670,"y":219}}
[2026-10-01T14:09:40.718Z] {"timestamp":1790863778672,"kind":"scroll","url":"http://127.0.0.1:3000/","viewport":{"width":1280,"height":585},"payload":{"scrollX":0,"scrollY":4201.33349609375,"documentHeight":7783,"viewportHeight":585}}
[2026-10-01T14:09:40.718Z] {"timestamp":1790863779205,"kind":"scroll","url":"http://127.0.0.1:3000/","viewport":{"width":1280,"height":585},"payload":{"scrollX":0,"scrollY":4498.66650390625,"documentHeight":7783,"viewportHeight":585}}
[2026-10-01T14:09:40.718Z] {"timestamp":1790863779721,"kind":"scroll","url":"http://127.0.0.1:3000/","viewport":{"width":1280,"height":585},"payload":{"scrollX":0,"scrollY":3985.333251953125,"documentHeight":7783,"viewportHeight":585}}
[2026-10-01T14:09:52.950Z] {"timestamp":1790863792620,"kind":"scroll","url":"http://127.0.0.1:3000/","viewport":{"width":1280,"height":585},"payload":{"scrollX":0,"scrollY":3601.333251953125,"documentHeight":7783,"viewportHeight":585}}
[2026-10-01T14:09:54.724Z] {"timestamp":1790863793120,"kind":"scroll","url":"http://127.0.0.1:3000/","viewport":{"width":1280,"height":585},"payload":{"scrollX":0,"scrollY":3982,"documentHeight":7783,"viewportHeight":585}}
[2026-10-01T14:09:54.724Z] {"timestamp":1790863793952,"kind":"click","url":"http://127.0.0.1:3000/","viewport":{"width":1280,"height":585},"payload":{"target":{"tag":"img","id":null,"name":null,"type":null,"role":null,"ariaLabel":null,"testId":null,"dataLoc":"client/src/pages/Home.tsx:587","href":null,"text":"","selectorHint":"[data-loc=\"client/src/pages/Home.tsx:587\"]"},"x":815,"y":267}}
[2026-10-01T14:09:56.722Z] {"timestamp":1790863794887,"kind":"scroll","url":"http://127.0.0.1:3000/","viewport":{"width":1280,"height":585},"payload":{"scrollX":0,"scrollY":4298.66650390625,"documentHeight":7783,"viewportHeight":585}}
[2026-10-01T14:09:56.722Z] {"timestamp":1790863795394,"kind":"scroll","url":"http://127.0.0.1:3000/","viewport":{"width":1280,"height":585},"payload":{"scrollX":0,"scrollY":4212.66650390625,"documentHeight":7783,"viewportHeight":585}}
[2026-10-01T14:09:56.722Z] {"timestamp":1790863796087,"kind":"scroll","url":"http://127.0.0.1:3000/","viewport":{"width":1280,"height":585},"payload":{"scrollX":0,"scrollY":4301.33349609375,"documentHeight":7783,"viewportHeight":585}}
[2026-10-01T14:09:58.715Z] {"timestamp":1790863796955,"kind":"scroll","url":"http://127.0.0.1:3000/","viewport":{"width":1280,"height":585},"payload":{"scrollX":0,"scrollY":4401.33349609375,"documentHeight":7783,"viewportHeight":585}}
[2026-10-01T14:09:58.715Z] {"timestamp":1790863797905,"kind":"scroll","url":"http://127.0.0.1:3000/","viewport":{"width":1280,"height":585},"payload":{"scrollX":0,"scrollY":4601.33349609375,"documentHeight":7783,"viewportHeight":585}}
[2026-10-01T14:09:58.715Z] {"timestamp":1790863798418,"kind":"scroll","url":"http://127.0.0.1:3000/","viewport":{"width":1280,"height":585},"payload":{"scrollX":0,"scrollY":4740.66650390625,"documentHeight":7783,"viewportHeight":585}}
[2026-10-01T14:10:00.954Z] {"timestamp":1790863798921,"kind":"scroll","url":"http://127.0.0.1:3000/","viewport":{"width":1280,"height":585},"payload":{"scrollX":0,"scrollY":5156.66650390625,"documentHeight":7783,"viewportHeight":585}}
[2026-10-01T14:10:00.954Z] {"timestamp":1790863799437,"kind":"scroll","url":"http://127.0.0.1:3000/","viewport":{"width":1280,"height":585},"payload":{"scrollX":0,"scrollY":5100,"documentHeight":7783,"viewportHeight":585}}
[2026-10-01T14:10:00.954Z] {"timestamp":1790863800568,"kind":"click","url":"http://127.0.0.1:3000/","viewport":{"width":1280,"height":585},"payload":{"target":{"tag":"path","id":null,"name":null,"type":null,"role":null,"ariaLabel":null,"testId":null,"dataLoc":null,"href":null,"text":"","selectorHint":"path"},"x":372,"y":193}}
[2026-10-01T14:10:04.745Z] {"timestamp":1790863804159,"kind":"click","url":"http://127.0.0.1:3000/","viewport":{"width":1280,"height":585},"payload":{"target":{"tag":"div","id":null,"name":null,"type":null,"role":null,"ariaLabel":null,"testId":null,"dataLoc":"client/src/pages/Home.tsx:129","href":null,"text":"NEXUS CORE orquestra & valida","selectorHint":"[data-loc=\"client/src/pages/Home.tsx:129\"]"},"x":522,"y":185}}
[2026-10-01T14:10:06.720Z] {"timestamp":1790863804712,"kind":"click","url":"http://127.0.0.1:3000/","viewport":{"width":1280,"height":585},"payload":{"target":{"tag":"span","id":null,"name":null,"type":null,"role":null,"ariaLabel":null,"testId":null,"dataLoc":"client/src/pages/Home.tsx:133","href":null,"text":"orquestra & valida","selectorHint":"[data-loc=\"client/src/pages/Home.tsx:133\"]"},"x":495,"y":213}}
[2026-10-01T14:11:28.764Z] {"timestamp":1790863886969,"kind":"scroll","url":"http://127.0.0.1:3000/","viewport":{"width":1280,"height":585},"payload":{"scrollX":0,"scrollY":5096,"documentHeight":7783,"viewportHeight":585}}
[2026-10-01T14:11:40.875Z] {"timestamp":1790863899791,"kind":"scroll","url":"http://127.0.0.1:3000/","viewport":{"width":1280,"height":585},"payload":{"scrollX":0,"scrollY":5094.66650390625,"documentHeight":7783,"viewportHeight":585}}
[2026-10-01T14:11:40.875Z] {"timestamp":1790863900358,"kind":"scroll","url":"http://127.0.0.1:3000/","viewport":{"width":1280,"height":585},"payload":{"scrollX":0,"scrollY":4897.33349609375,"documentHeight":7783,"viewportHeight":585}}
[2026-10-01T14:13:48.919Z] {"timestamp":1790864027360,"kind":"scroll","url":"http://127.0.0.1:3000/","viewport":{"width":1280,"height":585},"payload":{"scrollX":0,"scrollY":5197.33349609375,"documentHeight":7783,"viewportHeight":585}}
[2026-10-01T14:13:48.919Z] {"timestamp":1790864028043,"kind":"scroll","url":"http://127.0.0.1:3000/","viewport":{"width":1280,"height":585},"payload":{"scrollX":0,"scrollY":5397.33349609375,"documentHeight":7783,"viewportHeight":585}}
[2026-10-01T14:13:56.883Z] {"timestamp":1790864036327,"kind":"scroll","url":"http://127.0.0.1:3000/","viewport":{"width":1280,"height":585},"payload":{"scrollX":0,"scrollY":5597.33349609375,"documentHeight":7783,"viewportHeight":585}}
[2026-10-01T14:14:04.725Z] {"timestamp":1790864043311,"kind":"scroll","url":"http://127.0.0.1:3000/","viewport":{"width":1280,"height":585},"payload":{"scrollX":0,"scrollY":5697.33349609375,"documentHeight":7783,"viewportHeight":585}}
[2026-10-01T14:14:04.725Z] {"timestamp":1790864043864,"kind":"scroll","url":"http://127.0.0.1:3000/","viewport":{"width":1280,"height":585},"payload":{"scrollX":0,"scrollY":6152,"documentHeight":7783,"viewportHeight":585}}
[2026-10-01T14:14:06.717Z] {"timestamp":1790864044977,"kind":"scroll","url":"http://127.0.0.1:3000/","viewport":{"width":1280,"height":585},"payload":{"scrollX":0,"scrollY":6297.33349609375,"documentHeight":7783,"viewportHeight":585}}
[2026-10-01T14:14:06.717Z] {"timestamp":1790864045477,"kind":"scroll","url":"http://127.0.0.1:3000/","viewport":{"width":1280,"height":585},"payload":{"scrollX":0,"scrollY":6884,"documentHeight":7783,"viewportHeight":585}}
[2026-10-01T14:14:08.731Z] {"timestamp":1790864047561,"kind":"scroll","url":"http://127.0.0.1:3000/","viewport":{"width":1280,"height":585},"payload":{"scrollX":0,"scrollY":7094.66650390625,"documentHeight":7783,"viewportHeight":585}}
[2026-10-01T14:14:08.731Z] {"timestamp":1790864048160,"kind":"scroll","url":"http://127.0.0.1:3000/","viewport":{"width":1280,"height":585},"payload":{"scrollX":0,"scrollY":6294.66650390625,"documentHeight":7783,"viewportHeight":585}}
[2026-10-01T14:14:10.731Z] {"timestamp":1790864048770,"kind":"scroll","url":"http://127.0.0.1:3000/","viewport":{"width":1280,"height":585},"payload":{"scrollX":0,"scrollY":5494.66650390625,"documentHeight":7783,"viewportHeight":585}}
[2026-10-01T14:14:10.731Z] {"timestamp":1790864049404,"kind":"scroll","url":"http://127.0.0.1:3000/","viewport":{"width":1280,"height":585},"payload":{"scrollX":0,"scrollY":4494.66650390625,"documentHeight":7783,"viewportHeight":585}}
[2026-10-01T14:14:10.731Z] {"timestamp":1790864049911,"kind":"scroll","url":"http://127.0.0.1:3000/","viewport":{"width":1280,"height":585},"payload":{"scrollX":0,"scrollY":3696,"documentHeight":7783,"viewportHeight":585}}
[2026-10-01T14:14:10.731Z] {"timestamp":1790864050571,"kind":"scroll","url":"http://127.0.0.1:3000/","viewport":{"width":1280,"height":585},"payload":{"scrollX":0,"scrollY":3590.666748046875,"documentHeight":7783,"viewportHeight":585}}
[2026-10-01T14:14:12.732Z] {"timestamp":1790864051077,"kind":"scroll","url":"http://127.0.0.1:3000/","viewport":{"width":1280,"height":585},"payload":{"scrollX":0,"scrollY":2821.333251953125,"documentHeight":7783,"viewportHeight":585}}
[2026-10-01T14:14:12.732Z] {"timestamp":1790864051770,"kind":"scroll","url":"http://127.0.0.1:3000/","viewport":{"width":1280,"height":585},"payload":{"scrollX":0,"scrollY":2394.666748046875,"documentHeight":7783,"viewportHeight":585}}
[2026-10-01T14:14:12.732Z] {"timestamp":1790864052445,"kind":"scroll","url":"http://127.0.0.1:3000/","viewport":{"width":1280,"height":585},"payload":{"scrollX":0,"scrollY":1997.3333740234375,"documentHeight":7783,"viewportHeight":585}}
[2026-10-01T14:14:14.716Z] {"timestamp":1790864053895,"kind":"scroll","url":"http://127.0.0.1:3000/","viewport":{"width":1280,"height":585},"payload":{"scrollX":0,"scrollY":2194.666748046875,"documentHeight":7783,"viewportHeight":585}}
[2026-10-01T14:14:16.735Z] {"timestamp":1790864054687,"kind":"scroll","url":"http://127.0.0.1:3000/","viewport":{"width":1280,"height":585},"payload":{"scrollX":0,"scrollY":1594.6666259765625,"documentHeight":7783,"viewportHeight":585}}
[2026-10-01T14:14:16.735Z] {"timestamp":1790864056627,"kind":"scroll","url":"http://127.0.0.1:3000/","viewport":{"width":1280,"height":585},"payload":{"scrollX":0,"scrollY":1194.6666259765625,"documentHeight":7783,"viewportHeight":585}}
[2026-10-01T14:15:06.873Z] {"timestamp":1790864105930,"kind":"scroll","url":"http://127.0.0.1:3000/","viewport":{"width":1280,"height":585},"payload":{"scrollX":0,"scrollY":894.6666870117188,"documentHeight":7783,"viewportHeight":585}}
[2026-10-01T14:15:08.719Z] {"timestamp":1790864107195,"kind":"scroll","url":"http://127.0.0.1:3000/","viewport":{"width":1280,"height":585},"payload":{"scrollX":0,"scrollY":594.6666870117188,"documentHeight":7783,"viewportHeight":585}}
[2026-10-01T14:15:10.732Z] {"timestamp":1790864108878,"kind":"scroll","url":"http://127.0.0.1:3000/","viewport":{"width":1280,"height":585},"payload":{"scrollX":0,"scrollY":397.3333435058594,"documentHeight":7783,"viewportHeight":585}}
[2026-10-01T14:15:10.732Z] {"timestamp":1790864109494,"kind":"scroll","url":"http://127.0.0.1:3000/","viewport":{"width":1280,"height":585},"payload":{"scrollX":0,"scrollY":497.3333435058594,"documentHeight":7783,"viewportHeight":585}}
[2026-10-01T14:15:12.719Z] {"timestamp":1790864110695,"kind":"scroll","url":"http://127.0.0.1:3000/","viewport":{"width":1280,"height":585},"payload":{"scrollX":0,"scrollY":697.3333129882812,"documentHeight":7783,"viewportHeight":585}}
[2026-10-01T14:15:12.719Z] {"timestamp":1790864112012,"kind":"scroll","url":"http://127.0.0.1:3000/","viewport":{"width":1280,"height":585},"payload":{"scrollX":0,"scrollY":894.6666870117188,"documentHeight":7783,"viewportHeight":585}}
[2026-10-01T14:15:14.723Z] {"timestamp":1790864112645,"kind":"scroll","url":"http://127.0.0.1:3000/","viewport":{"width":1280,"height":585},"payload":{"scrollX":0,"scrollY":594.6666870117188,"documentHeight":7783,"viewportHeight":585}}
[2026-10-01T14:15:16.717Z] {"timestamp":1790864115462,"kind":"scroll","url":"http://127.0.0.1:3000/","viewport":{"width":1280,"height":585},"payload":{"scrollX":0,"scrollY":497.3333435058594,"documentHeight":7783,"viewportHeight":585}}
[2026-10-01T14:15:16.717Z] {"timestamp":1790864115978,"kind":"scroll","url":"http://127.0.0.1:3000/","viewport":{"width":1280,"height":585},"payload":{"scrollX":0,"scrollY":890.6666870117188,"documentHeight":7783,"viewportHeight":585}}
[2026-10-01T14:15:16.717Z] {"timestamp":1790864116478,"kind":"scroll","url":"http://127.0.0.1:3000/","viewport":{"width":1280,"height":585},"payload":{"scrollX":0,"scrollY":1295.3333740234375,"documentHeight":7783,"viewportHeight":585}}
[2026-10-01T14:15:23.057Z] {"timestamp":1790864121462,"kind":"scroll","url":"http://127.0.0.1:3000/","viewport":{"width":1280,"height":585},"payload":{"scrollX":0,"scrollY":1297.3333740234375,"documentHeight":7783,"viewportHeight":585}}
[2026-10-01T14:15:24.720Z] {"timestamp":1790864122696,"kind":"scroll","url":"http://127.0.0.1:3000/","viewport":{"width":1280,"height":585},"payload":{"scrollX":0,"scrollY":1597.3333740234375,"documentHeight":7783,"viewportHeight":585}}
[2026-10-01T14:15:24.721Z] {"timestamp":1790864123546,"kind":"scroll","url":"http://127.0.0.1:3000/","viewport":{"width":1280,"height":585},"payload":{"scrollX":0,"scrollY":1797.3333740234375,"documentHeight":7783,"viewportHeight":585}}
[2026-10-01T14:15:26.718Z] {"timestamp":1790864125546,"kind":"scroll","url":"http://127.0.0.1:3000/","viewport":{"width":1280,"height":585},"payload":{"scrollX":0,"scrollY":1897.3333740234375,"documentHeight":7783,"viewportHeight":585}}
[2026-10-01T14:15:28.735Z] {"timestamp":1790864126962,"kind":"scroll","url":"http://127.0.0.1:3000/","viewport":{"width":1280,"height":585},"payload":{"scrollX":0,"scrollY":1997.3333740234375,"documentHeight":7783,"viewportHeight":585}}
[2026-10-01T14:15:28.735Z] {"timestamp":1790864127478,"kind":"scroll","url":"http://127.0.0.1:3000/","viewport":{"width":1280,"height":585},"payload":{"scrollX":0,"scrollY":2293.333251953125,"documentHeight":7783,"viewportHeight":585}}
[2026-10-01T14:15:28.735Z] {"timestamp":1790864127979,"kind":"scroll","url":"http://127.0.0.1:3000/","viewport":{"width":1280,"height":585},"payload":{"scrollX":0,"scrollY":2722,"documentHeight":7783,"viewportHeight":585}}
[2026-10-01T14:15:30.743Z] {"timestamp":1790864128729,"kind":"scroll","url":"http://127.0.0.1:3000/","viewport":{"width":1280,"height":585},"payload":{"scrollX":0,"scrollY":2797.333251953125,"documentHeight":7783,"viewportHeight":585}}
[2026-10-01T14:15:30.743Z] {"timestamp":1790864129245,"kind":"scroll","url":"http://127.0.0.1:3000/","viewport":{"width":1280,"height":585},"payload":{"scrollX":0,"scrollY":3210,"documentHeight":7783,"viewportHeight":585}}
[2026-10-01T14:15:32.721Z] {"timestamp":1790864130961,"kind":"scroll","url":"http://127.0.0.1:3000/","viewport":{"width":1280,"height":585},"payload":{"scrollX":0,"scrollY":3394.666748046875,"documentHeight":7783,"viewportHeight":585}}
[2026-10-01T14:15:32.721Z] {"timestamp":1790864131638,"kind":"scroll","url":"http://127.0.0.1:3000/","viewport":{"width":1280,"height":585},"payload":{"scrollX":0,"scrollY":2894.666748046875,"documentHeight":7783,"viewportHeight":585}}
[2026-10-01T14:15:32.721Z] {"timestamp":1790864132346,"kind":"click","url":"http://127.0.0.1:3000/","viewport":{"width":1280,"height":585},"payload":{"target":{"tag":"img","id":null,"name":null,"type":null,"role":null,"ariaLabel":null,"testId":null,"dataLoc":"client/src/pages/Home.tsx:426","href":null,"text":"","selectorHint":"[data-loc=\"client/src/pages/Home.tsx:426\"]"},"x":735,"y":309}}
[2026-10-01T14:15:34.723Z] {"timestamp":1790864133245,"kind":"scroll","url":"http://127.0.0.1:3000/","viewport":{"width":1280,"height":585},"payload":{"scrollX":0,"scrollY":2694.666748046875,"documentHeight":7783,"viewportHeight":585}}
[2026-10-01T14:15:34.723Z] {"timestamp":1790864133746,"kind":"scroll","url":"http://127.0.0.1:3000/","viewport":{"width":1280,"height":585},"payload":{"scrollX":0,"scrollY":2330.666748046875,"documentHeight":7783,"viewportHeight":585}}
[2026-10-01T14:15:34.723Z] {"timestamp":1790864134397,"kind":"scroll","url":"http://127.0.0.1:3000/","viewport":{"width":1280,"height":585},"payload":{"scrollX":0,"scrollY":2294.666748046875,"documentHeight":7783,"viewportHeight":585}}
[2026-10-01T14:15:36.723Z] {"timestamp":1790864134912,"kind":"scroll","url":"http://127.0.0.1:3000/","viewport":{"width":1280,"height":585},"payload":{"scrollX":0,"scrollY":1952.6666259765625,"documentHeight":7783,"viewportHeight":585}}
[2026-10-01T14:15:36.723Z] {"timestamp":1790864136113,"kind":"scroll","url":"http://127.0.0.1:3000/","viewport":{"width":1280,"height":585},"payload":{"scrollX":0,"scrollY":1694.6666259765625,"documentHeight":7783,"viewportHeight":585}}
[2026-10-01T14:15:39.275Z] {"timestamp":1790864136695,"kind":"scroll","url":"http://127.0.0.1:3000/","viewport":{"width":1280,"height":585},"payload":{"scrollX":0,"scrollY":994.6666870117188,"documentHeight":7783,"viewportHeight":585}}
[2026-10-01T14:15:39.275Z] {"timestamp":1790864137195,"kind":"scroll","url":"http://127.0.0.1:3000/","viewport":{"width":1280,"height":585},"payload":{"scrollX":0,"scrollY":661.3333129882812,"documentHeight":7783,"viewportHeight":585}}
[2026-10-01T14:15:39.275Z] {"timestamp":1790864137907,"kind":"scroll","url":"http://127.0.0.1:3000/","viewport":{"width":1280,"height":585},"payload":{"scrollX":0,"scrollY":497.3333435058594,"documentHeight":7783,"viewportHeight":585}}
[2026-10-01T14:15:39.275Z] {"timestamp":1790864138511,"kind":"scroll","url":"http://127.0.0.1:3000/","viewport":{"width":1280,"height":585},"payload":{"scrollX":0,"scrollY":1097.3333740234375,"documentHeight":7783,"viewportHeight":585}}
[2026-10-01T14:15:40.718Z] {"timestamp":1790864139323,"kind":"scroll","url":"http://127.0.0.1:3000/","viewport":{"width":1280,"height":585},"payload":{"scrollX":0,"scrollY":1594.6666259765625,"documentHeight":7783,"viewportHeight":585}}
[2026-10-01T14:15:40.718Z] {"timestamp":1790864139828,"kind":"scroll","url":"http://127.0.0.1:3000/","viewport":{"width":1280,"height":585},"payload":{"scrollX":0,"scrollY":1513.3333740234375,"documentHeight":7783,"viewportHeight":585}}
[2026-10-01T14:15:44.718Z] {"timestamp":1790864142761,"kind":"click","url":"http://127.0.0.1:3000/","viewport":{"width":1280,"height":585},"payload":{"target":{"tag":"div","id":null,"name":null,"type":null,"role":null,"ariaLabel":null,"testId":null,"dataLoc":"client/src/pages/Home.tsx:288","href":null,"text":"/ NXS-01 : AUTOMAÇÃO & GOVERNANÇA Painel Intercompany. ATUALIZAÇÃO 04X / DIA","selectorHint":"[data-loc=\"client/src/pages/Home.tsx:288\"]"},"x":482,"y":381}}
[2026-10-01T14:15:44.718Z] {"timestamp":1790864143097,"kind":"click","url":"http://127.0.0.1:3000/","viewport":{"width":1280,"height":585},"payload":{"target":{"tag":"div","id":null,"name":null,"type":null,"role":null,"ariaLabel":null,"testId":null,"dataLoc":"client/src/pages/Home.tsx:288","href":null,"text":"/ NXS-01 : AUTOMAÇÃO & GOVERNANÇA Painel Intercompany. ATUALIZAÇÃO 04X / DIA","selectorHint":"[data-loc=\"client/src/pages/Home.tsx:288\"]"},"x":538,"y":343}}
[2026-10-01T14:15:54.909Z] {"timestamp":1790864152977,"kind":"click","url":"http://127.0.0.1:3000/","viewport":{"width":1280,"height":585},"payload":{"target":{"tag":"em","id":null,"name":null,"type":null,"role":null,"ariaLabel":null,"testId":null,"dataLoc":"client/src/pages/Home.tsx:293","href":null,"text":"Intercompany.","selectorHint":"[data-loc=\"client/src/pages/Home.tsx:293\"]"},"x":385,"y":383}}
[2026-10-01T14:15:54.909Z] {"timestamp":1790864153681,"kind":"click","url":"http://127.0.0.1:3000/","viewport":{"width":1280,"height":585},"payload":{"target":{"tag":"div","id":null,"name":null,"type":null,"role":null,"ariaLabel":null,"testId":null,"dataLoc":"client/src/pages/Home.tsx:288","href":null,"text":"/ NXS-01 : AUTOMAÇÃO & GOVERNANÇA Painel Intercompany. ATUALIZAÇÃO 04X / DIA","selectorHint":"[data-loc=\"client/src/pages/Home.tsx:288\"]"},"x":455,"y":370}}
[2026-10-01T14:15:56.743Z] {"timestamp":1790864155113,"kind":"scroll","url":"http://127.0.0.1:3000/","viewport":{"width":1280,"height":585},"payload":{"scrollX":0,"scrollY":1897.3333740234375,"documentHeight":7783,"viewportHeight":585}}
[2026-10-01T14:15:56.743Z] {"timestamp":1790864155613,"kind":"scroll","url":"http://127.0.0.1:3000/","viewport":{"width":1280,"height":585},"payload":{"scrollX":0,"scrollY":2436,"documentHeight":7783,"viewportHeight":585}}
[2026-10-01T14:15:56.743Z] {"timestamp":1790864156162,"kind":"scroll","url":"http://127.0.0.1:3000/","viewport":{"width":1280,"height":585},"payload":{"scrollX":0,"scrollY":2497.333251953125,"documentHeight":7783,"viewportHeight":585}}
[2026-10-01T14:15:58.722Z] {"timestamp":1790864156763,"kind":"scroll","url":"http://127.0.0.1:3000/","viewport":{"width":1280,"height":585},"payload":{"scrollX":0,"scrollY":2597.333251953125,"documentHeight":7783,"viewportHeight":585}}
[2026-10-01T14:15:58.722Z] {"timestamp":1790864157278,"kind":"scroll","url":"http://127.0.0.1:3000/","viewport":{"width":1280,"height":585},"payload":{"scrollX":0,"scrollY":3166.666748046875,"documentHeight":7783,"viewportHeight":585}}
[2026-10-01T14:15:58.722Z] {"timestamp":1790864157779,"kind":"scroll","url":"http://127.0.0.1:3000/","viewport":{"width":1280,"height":585},"payload":{"scrollX":0,"scrollY":3370,"documentHeight":7783,"viewportHeight":585}}
[2026-10-01T14:16:00.906Z] {"timestamp":1790864158679,"kind":"scroll","url":"http://127.0.0.1:3000/","viewport":{"width":1280,"height":585},"payload":{"scrollX":0,"scrollY":3497.333251953125,"documentHeight":7783,"viewportHeight":585}}
[2026-10-01T14:16:00.906Z] {"timestamp":1790864159346,"kind":"scroll","url":"http://127.0.0.1:3000/","viewport":{"width":1280,"height":585},"payload":{"scrollX":0,"scrollY":3797.333251953125,"documentHeight":7783,"viewportHeight":585}}
[2026-10-01T14:16:00.906Z] {"timestamp":1790864159863,"kind":"scroll","url":"http://127.0.0.1:3000/","viewport":{"width":1280,"height":585},"payload":{"scrollX":0,"scrollY":4152,"documentHeight":7783,"viewportHeight":585}}
[2026-10-01T14:16:00.906Z] {"timestamp":1790864160379,"kind":"scroll","url":"http://127.0.0.1:3000/","viewport":{"width":1280,"height":585},"payload":{"scrollX":0,"scrollY":4796,"documentHeight":7783,"viewportHeight":585}}
[2026-10-01T14:16:02.725Z] {"timestamp":1790864161297,"kind":"scroll","url":"http://127.0.0.1:3000/","viewport":{"width":1280,"height":585},"payload":{"scrollX":0,"scrollY":4797.33349609375,"documentHeight":7783,"viewportHeight":585}}
[2026-10-01T14:16:02.725Z] {"timestamp":1790864161822,"kind":"scroll","url":"http://127.0.0.1:3000/","viewport":{"width":1280,"height":585},"payload":{"scrollX":0,"scrollY":5194.66650390625,"documentHeight":7783,"viewportHeight":585}}
[2026-10-01T14:16:04.732Z] {"timestamp":1790864162862,"kind":"scroll","url":"http://127.0.0.1:3000/","viewport":{"width":1280,"height":585},"payload":{"scrollX":0,"scrollY":4997.33349609375,"documentHeight":7783,"viewportHeight":585}}
[2026-10-01T14:16:04.732Z] {"timestamp":1790864163362,"kind":"scroll","url":"http://127.0.0.1:3000/","viewport":{"width":1280,"height":585},"payload":{"scrollX":0,"scrollY":5575.33349609375,"documentHeight":7783,"viewportHeight":585}}
[2026-10-01T14:16:06.727Z] {"timestamp":1790864164874,"kind":"scroll","url":"http://127.0.0.1:3000/","viewport":{"width":1280,"height":585},"payload":{"scrollX":0,"scrollY":5697.33349609375,"documentHeight":7783,"viewportHeight":585}}
[2026-10-01T14:16:06.727Z] {"timestamp":1790864165378,"kind":"scroll","url":"http://127.0.0.1:3000/","viewport":{"width":1280,"height":585},"payload":{"scrollX":0,"scrollY":6014.66650390625,"documentHeight":7783,"viewportHeight":585}}
[2026-10-01T14:16:06.727Z] {"timestamp":1790864166013,"kind":"scroll","url":"http://127.0.0.1:3000/","viewport":{"width":1280,"height":585},"payload":{"scrollX":0,"scrollY":6497.33349609375,"documentHeight":7783,"viewportHeight":585}}
[2026-10-01T14:16:08.731Z] {"timestamp":1790864166646,"kind":"scroll","url":"http://127.0.0.1:3000/","viewport":{"width":1280,"height":585},"payload":{"scrollX":0,"scrollY":6797.33349609375,"documentHeight":7783,"viewportHeight":585}}
[2026-10-01T14:16:08.731Z] {"timestamp":1790864167162,"kind":"scroll","url":"http://127.0.0.1:3000/","viewport":{"width":1280,"height":585},"payload":{"scrollX":0,"scrollY":7140.66650390625,"documentHeight":7783,"viewportHeight":585}}
[2026-10-01T14:16:08.731Z] {"timestamp":1790864167723,"kind":"scroll","url":"http://127.0.0.1:3000/","viewport":{"width":1280,"height":585},"payload":{"scrollX":0,"scrollY":6896.66650390625,"documentHeight":7783,"viewportHeight":585}}
[2026-10-01T14:16:08.731Z] {"timestamp":1790864168306,"kind":"scroll","url":"http://127.0.0.1:3000/","viewport":{"width":1280,"height":585},"payload":{"scrollX":0,"scrollY":6196.66650390625,"documentHeight":7783,"viewportHeight":585}}
[2026-10-01T14:16:10.728Z] {"timestamp":1790864168906,"kind":"scroll","url":"http://127.0.0.1:3000/","viewport":{"width":1280,"height":585},"payload":{"scrollX":0,"scrollY":5196.66650390625,"documentHeight":7783,"viewportHeight":585}}
[2026-10-01T14:16:10.728Z] {"timestamp":1790864169506,"kind":"scroll","url":"http://127.0.0.1:3000/","viewport":{"width":1280,"height":585},"payload":{"scrollX":0,"scrollY":4396.66650390625,"documentHeight":7783,"viewportHeight":585}}
[2026-10-01T14:16:10.728Z] {"timestamp":1790864170023,"kind":"scroll","url":"http://127.0.0.1:3000/","viewport":{"width":1280,"height":585},"payload":{"scrollX":0,"scrollY":4399.33349609375,"documentHeight":7783,"viewportHeight":585}}
[2026-10-01T14:16:12.728Z] {"timestamp":1790864172623,"kind":"scroll","url":"http://127.0.0.1:3000/","viewport":{"width":1280,"height":585},"payload":{"scrollX":0,"scrollY":5092.66650390625,"documentHeight":7783,"viewportHeight":585}}
[2026-10-01T14:16:14.733Z] {"timestamp":1790864173139,"kind":"scroll","url":"http://127.0.0.1:3000/","viewport":{"width":1280,"height":585},"payload":{"scrollX":0,"scrollY":4292.66650390625,"documentHeight":7783,"viewportHeight":585}}
[2026-10-01T14:16:14.733Z] {"timestamp":1790864173673,"kind":"scroll","url":"http://127.0.0.1:3000/","viewport":{"width":1280,"height":585},"payload":{"scrollX":0,"scrollY":3496.666748046875,"documentHeight":7783,"viewportHeight":585}}
[2026-10-01T14:16:14.733Z] {"timestamp":1790864174256,"kind":"scroll","url":"http://127.0.0.1:3000/","viewport":{"width":1280,"height":585},"payload":{"scrollX":0,"scrollY":2696.666748046875,"documentHeight":7783,"viewportHeight":585}}
[2026-10-01T14:21:32.879Z] {"timestamp":1790864490735,"kind":"scroll","url":"http://127.0.0.1:3000/","viewport":{"width":1280,"height":585},"payload":{"scrollX":0,"scrollY":1799.3333740234375,"documentHeight":7783,"viewportHeight":585}}
[2026-10-01T14:21:32.879Z] {"timestamp":1790864491686,"kind":"scroll","url":"http://127.0.0.1:3000/","viewport":{"width":1280,"height":585},"payload":{"scrollX":0,"scrollY":2199.333251953125,"documentHeight":7783,"viewportHeight":585}}
[2026-10-01T14:50:34.037Z] {"timestamp":1790866231562,"kind":"scroll","url":"http://127.0.0.1:3000/","viewport":{"width":1280,"height":585},"payload":{"scrollX":0,"scrollY":2298,"documentHeight":7403,"viewportHeight":585}}
[2026-10-01T14:57:26.395Z] {"timestamp":1790866645966,"kind":"scroll","url":"http://127.0.0.1:3000/","viewport":{"width":1280,"height":585},"payload":{"scrollX":0,"scrollY":2366,"documentHeight":7427,"viewportHeight":585}}
[2026-10-01T14:57:27.460Z] {"timestamp":1790866645966,"kind":"scroll","url":"http://127.0.0.1:3000/","viewport":{"width":1280,"height":585},"payload":{"scrollX":0,"scrollY":2366,"documentHeight":7427,"viewportHeight":585}}
[2026-10-01T15:06:49.481Z] {"timestamp":1790867208450,"kind":"scroll","url":"http://127.0.0.1:3000/","viewport":{"width":1280,"height":585},"payload":{"scrollX":0,"scrollY":2416,"documentHeight":7427,"viewportHeight":585}}
[2026-10-01T23:49:23.822Z] {"timestamp":1790898564946,"kind":"scroll","url":"http://127.0.0.1:3000/","viewport":{"width":1172,"height":386},"payload":{"scrollX":0,"scrollY":42.400001525878906,"documentHeight":7145,"viewportHeight":386}}
[2026-10-01T23:49:23.822Z] {"timestamp":1790898565444,"kind":"scroll","url":"http://127.0.0.1:3000/","viewport":{"width":1172,"height":386},"payload":{"scrollX":0,"scrollY":376,"documentHeight":7145,"viewportHeight":386}}
[2026-10-01T23:49:23.822Z] {"timestamp":1790898565971,"kind":"scroll","url":"http://127.0.0.1:3000/","viewport":{"width":1172,"height":386},"payload":{"scrollX":0,"scrollY":836,"documentHeight":7145,"viewportHeight":386}}
[2026-10-01T23:49:25.823Z] {"timestamp":1790898566478,"kind":"scroll","url":"http://127.0.0.1:3000/","viewport":{"width":1172,"height":386},"payload":{"scrollX":0,"scrollY":1552.800048828125,"documentHeight":7145,"viewportHeight":386}}
[2026-10-01T23:49:25.823Z] {"timestamp":1790898567046,"kind":"scroll","url":"http://127.0.0.1:3000/","viewport":{"width":1172,"height":386},"payload":{"scrollX":0,"scrollY":1664.800048828125,"documentHeight":7145,"viewportHeight":386}}
[2026-10-01T23:49:25.823Z] {"timestamp":1790898567578,"kind":"scroll","url":"http://127.0.0.1:3000/","viewport":{"width":1172,"height":386},"payload":{"scrollX":0,"scrollY":1308,"documentHeight":7145,"viewportHeight":386}}
[2026-10-01T23:49:25.823Z] {"timestamp":1790898568093,"kind":"scroll","url":"http://127.0.0.1:3000/","viewport":{"width":1172,"height":386},"payload":{"scrollX":0,"scrollY":1372.800048828125,"documentHeight":7145,"viewportHeight":386}}
[2026-10-01T23:49:27.826Z] {"timestamp":1790898569094,"kind":"scroll","url":"http://127.0.0.1:3000/","viewport":{"width":1172,"height":386},"payload":{"scrollX":0,"scrollY":1399.199951171875,"documentHeight":7145,"viewportHeight":386}}
[2026-10-01T23:49:27.826Z] {"timestamp":1790898569660,"kind":"scroll","url":"http://127.0.0.1:3000/","viewport":{"width":1172,"height":386},"payload":{"scrollX":0,"scrollY":1975.199951171875,"documentHeight":7145,"viewportHeight":386}}
[2026-10-01T23:49:29.819Z] {"timestamp":1790898570177,"kind":"scroll","url":"http://127.0.0.1:3000/","viewport":{"width":1172,"height":386},"payload":{"scrollX":0,"scrollY":2082.39990234375,"documentHeight":7145,"viewportHeight":386}}
[2026-10-01T23:49:29.819Z] {"timestamp":1790898570961,"kind":"scroll","url":"http://127.0.0.1:3000/","viewport":{"width":1172,"height":386},"payload":{"scrollX":0,"scrollY":2195.199951171875,"documentHeight":7145,"viewportHeight":386}}
[2026-10-01T23:49:29.819Z] {"timestamp":1790898571493,"kind":"scroll","url":"http://127.0.0.1:3000/","viewport":{"width":1172,"height":386},"payload":{"scrollX":0,"scrollY":2491.199951171875,"documentHeight":7145,"viewportHeight":386}}
[2026-10-01T23:49:29.819Z] {"timestamp":1790898572043,"kind":"scroll","url":"http://127.0.0.1:3000/","viewport":{"width":1172,"height":386},"payload":{"scrollX":0,"scrollY":2684,"documentHeight":7145,"viewportHeight":386}}
[2026-10-01T23:49:31.831Z] {"timestamp":1790898572576,"kind":"scroll","url":"http://127.0.0.1:3000/","viewport":{"width":1172,"height":386},"payload":{"scrollX":0,"scrollY":2652.800048828125,"documentHeight":7145,"viewportHeight":386}}
[2026-10-01T23:49:31.831Z] {"timestamp":1790898573576,"kind":"scroll","url":"http://127.0.0.1:3000/","viewport":{"width":1172,"height":386},"payload":{"scrollX":0,"scrollY":2614.39990234375,"documentHeight":7145,"viewportHeight":386}}
[2026-10-01T23:49:31.831Z] {"timestamp":1790898574093,"kind":"scroll","url":"http://127.0.0.1:3000/","viewport":{"width":1172,"height":386},"payload":{"scrollX":0,"scrollY":2414.39990234375,"documentHeight":7145,"viewportHeight":386}}
[2026-10-01T23:49:34.523Z] {"timestamp":1790898574610,"kind":"scroll","url":"http://127.0.0.1:3000/","viewport":{"width":1172,"height":386},"payload":{"scrollX":0,"scrollY":2807.199951171875,"documentHeight":7145,"viewportHeight":386}}
[2026-10-01T23:49:34.523Z] {"timestamp":1790898575111,"kind":"scroll","url":"http://127.0.0.1:3000/","viewport":{"width":1172,"height":386},"payload":{"scrollX":0,"scrollY":4202.39990234375,"documentHeight":7145,"viewportHeight":386}}
[2026-10-01T23:49:34.523Z] {"timestamp":1790898575726,"kind":"scroll","url":"http://127.0.0.1:3000/","viewport":{"width":1172,"height":386},"payload":{"scrollX":0,"scrollY":5896,"documentHeight":7145,"viewportHeight":386}}
[2026-10-01T23:49:35.980Z] {"timestamp":1790898576263,"kind":"scroll","url":"http://127.0.0.1:3000/","viewport":{"width":1172,"height":386},"payload":{"scrollX":0,"scrollY":5590.39990234375,"documentHeight":7145,"viewportHeight":386}}
[2026-10-01T23:49:35.980Z] {"timestamp":1790898576776,"kind":"scroll","url":"http://127.0.0.1:3000/","viewport":{"width":1172,"height":386},"payload":{"scrollX":0,"scrollY":5844.7998046875,"documentHeight":7145,"viewportHeight":386}}
[2026-10-01T23:49:35.980Z] {"timestamp":1790898577503,"kind":"focusin","url":"http://127.0.0.1:3000/","viewport":{"width":1172,"height":386},"payload":{"target":{"tag":"video","id":null,"name":null,"type":null,"role":null,"ariaLabel":null,"testId":null,"dataLoc":"client/src/pages/Home.tsx:732","href":null,"text":"Seu navegador não suporta a reprodução de vídeos.","selectorHint":"[data-loc=\"client/src/pages/Home.tsx:732\"]"}}}
[2026-10-01T23:49:35.980Z] {"timestamp":1790898577715,"kind":"click","url":"http://127.0.0.1:3000/","viewport":{"width":1172,"height":386},"payload":{"target":{"tag":"video","id":null,"name":null,"type":null,"role":null,"ariaLabel":null,"testId":null,"dataLoc":"client/src/pages/Home.tsx:732","href":null,"text":"Seu navegador não suporta a reprodução de vídeos.","selectorHint":"[data-loc=\"client/src/pages/Home.tsx:732\"]"},"x":552,"y":115}}
[2026-10-01T23:49:48.007Z] {"timestamp":1790898588277,"kind":"click","url":"http://127.0.0.1:3000/","viewport":{"width":1172,"height":386},"payload":{"target":{"tag":"video","id":null,"name":null,"type":null,"role":null,"ariaLabel":null,"testId":null,"dataLoc":"client/src/pages/Home.tsx:732","href":null,"text":"Seu navegador não suporta a reprodução de vídeos.","selectorHint":"[data-loc=\"client/src/pages/Home.tsx:732\"]"},"x":634,"y":195}}
[2026-10-01T23:49:48.007Z] {"timestamp":1790898589885,"kind":"focusout","url":"http://127.0.0.1:3000/","viewport":{"width":1172,"height":386},"payload":{"target":{"tag":"video","id":null,"name":null,"type":null,"role":null,"ariaLabel":null,"testId":null,"dataLoc":"client/src/pages/Home.tsx:732","href":null,"text":"Seu navegador não suporta a reprodução de vídeos.","selectorHint":"[data-loc=\"client/src/pages/Home.tsx:732\"]"},"value":null}}
[2026-10-01T23:50:00.628Z] {"timestamp":1790898602044,"kind":"focusin","url":"http://localhost:3000/","viewport":{"width":1707,"height":917},"payload":{"target":{"tag":"a","id":null,"name":null,"type":null,"role":null,"ariaLabel":"Projeto Nexus início","testId":null,"dataLoc":"client/src/pages/Home.tsx:211","href":"#top","text":"PROJETO NEXUS","selectorHint":"[data-loc=\"client/src/pages/Home.tsx:211\"]"}}}
[2026-10-01T23:50:00.628Z] {"timestamp":1790898602077,"kind":"scroll","url":"http://localhost:3000/","viewport":{"width":1707,"height":917},"payload":{"scrollX":0,"scrollY":1.7777777910232544,"documentHeight":8182,"viewportHeight":917}}
[2026-10-01T23:50:03.158Z] {"timestamp":1790898604165,"kind":"focusout","url":"http://localhost:3000/","viewport":{"width":1707,"height":917},"payload":{"target":{"tag":"a","id":null,"name":null,"type":null,"role":null,"ariaLabel":"Projeto Nexus início","testId":null,"dataLoc":"client/src/pages/Home.tsx:211","href":"#top","text":"PROJETO NEXUS","selectorHint":"[data-loc=\"client/src/pages/Home.tsx:211\"]"},"value":null}}
[2026-10-01T23:50:06.623Z] {"timestamp":1790898607736,"kind":"focusin","url":"http://localhost:3000/","viewport":{"width":1707,"height":917},"payload":{"target":{"tag":"a","id":null,"name":null,"type":null,"role":null,"ariaLabel":"Projeto Nexus início","testId":null,"dataLoc":"client/src/pages/Home.tsx:211","href":"#top","text":"PROJETO NEXUS","selectorHint":"[data-loc=\"client/src/pages/Home.tsx:211\"]"}}}
[2026-10-01T23:50:06.623Z] {"timestamp":1790898608527,"kind":"scroll","url":"http://localhost:3000/","viewport":{"width":1707,"height":917},"payload":{"scrollX":0,"scrollY":612.4444580078125,"documentHeight":8182,"viewportHeight":917}}
[2026-10-01T23:50:09.002Z] {"timestamp":1790898609065,"kind":"scroll","url":"http://localhost:3000/","viewport":{"width":1707,"height":917},"payload":{"scrollX":0,"scrollY":3496.888916015625,"documentHeight":8182,"viewportHeight":917}}
[2026-10-01T23:50:09.002Z] {"timestamp":1790898610094,"kind":"scroll","url":"http://localhost:3000/","viewport":{"width":1707,"height":917},"payload":{"scrollX":0,"scrollY":7144,"documentHeight":8182,"viewportHeight":917}}
[2026-10-01T23:50:09.002Z] {"timestamp":1790898610677,"kind":"scroll","url":"http://localhost:3000/","viewport":{"width":1707,"height":917},"payload":{"scrollX":0,"scrollY":6745.77783203125,"documentHeight":8182,"viewportHeight":917}}
[2026-10-01T23:50:10.617Z] {"timestamp":1790898611325,"kind":"focusout","url":"http://localhost:3000/","viewport":{"width":1707,"height":917},"payload":{"target":{"tag":"a","id":null,"name":null,"type":null,"role":null,"ariaLabel":"Projeto Nexus início","testId":null,"dataLoc":"client/src/pages/Home.tsx:211","href":"#top","text":"PROJETO NEXUS","selectorHint":"[data-loc=\"client/src/pages/Home.tsx:211\"]"},"value":null}}
[2026-10-01T23:50:10.617Z] {"timestamp":1790898611326,"kind":"focusin","url":"http://localhost:3000/","viewport":{"width":1707,"height":917},"payload":{"target":{"tag":"video","id":null,"name":null,"type":null,"role":null,"ariaLabel":null,"testId":null,"dataLoc":"client/src/pages/Home.tsx:732","href":null,"text":"Seu navegador não suporta a reprodução de vídeos.","selectorHint":"[data-loc=\"client/src/pages/Home.tsx:732\"]"}}}
[2026-10-01T23:50:10.617Z] {"timestamp":1790898611550,"kind":"click","url":"http://localhost:3000/","viewport":{"width":1707,"height":917},"payload":{"target":{"tag":"video","id":null,"name":null,"type":null,"role":null,"ariaLabel":null,"testId":null,"dataLoc":"client/src/pages/Home.tsx:732","href":null,"text":"Seu navegador não suporta a reprodução de vídeos.","selectorHint":"[data-loc=\"client/src/pages/Home.tsx:732\"]"},"x":815,"y":375}}
[2026-10-01T23:50:22.822Z] {"timestamp":1790898623011,"kind":"scroll","url":"http://localhost:3000/","viewport":{"width":1707,"height":917},"payload":{"scrollX":0,"scrollY":6788.4443359375,"documentHeight":8182,"viewportHeight":917}}
[2026-10-01T23:50:22.822Z] {"timestamp":1790898623513,"kind":"scroll","url":"http://localhost:3000/","viewport":{"width":1707,"height":917},"payload":{"scrollX":0,"scrollY":7063.111328125,"documentHeight":8182,"viewportHeight":917}}
[2026-10-01T23:50:22.822Z] {"timestamp":1790898624026,"kind":"scroll","url":"http://localhost:3000/","viewport":{"width":1707,"height":917},"payload":{"scrollX":0,"scrollY":7208,"documentHeight":8182,"viewportHeight":917}}
[2026-10-01T23:50:24.619Z] {"timestamp":1790898625626,"kind":"scroll","url":"http://localhost:3000/","viewport":{"width":1707,"height":917},"payload":{"scrollX":0,"scrollY":7250.66650390625,"documentHeight":8182,"viewportHeight":917}}
[2026-10-01T23:50:24.619Z] {"timestamp":1790898626245,"kind":"scroll","url":"http://localhost:3000/","viewport":{"width":1707,"height":917},"payload":{"scrollX":0,"scrollY":6912.888671875,"documentHeight":8182,"viewportHeight":917}}
[2026-10-01T23:50:26.619Z] {"timestamp":1790898627623,"kind":"focusout","url":"http://localhost:3000/","viewport":{"width":1707,"height":917},"payload":{"target":{"tag":"video","id":null,"name":null,"type":null,"role":null,"ariaLabel":null,"testId":null,"dataLoc":"client/src/pages/Home.tsx:732","href":null,"text":"Seu navegador não suporta a reprodução de vídeos.","selectorHint":"[data-loc=\"client/src/pages/Home.tsx:732\"]"},"value":null}}
[2026-10-01T23:50:32.615Z] {"timestamp":1790898634833,"kind":"focusin","url":"http://localhost:3000/","viewport":{"width":1707,"height":917},"payload":{"target":{"tag":"video","id":null,"name":null,"type":null,"role":null,"ariaLabel":null,"testId":null,"dataLoc":"client/src/pages/Home.tsx:732","href":null,"text":"Seu navegador não suporta a reprodução de vídeos.","selectorHint":"[data-loc=\"client/src/pages/Home.tsx:732\"]"}}}
[2026-10-01T23:50:34.627Z] {"timestamp":1790898635858,"kind":"focusout","url":"http://localhost:3000/","viewport":{"width":1707,"height":917},"payload":{"target":{"tag":"video","id":null,"name":null,"type":null,"role":null,"ariaLabel":null,"testId":null,"dataLoc":"client/src/pages/Home.tsx:732","href":null,"text":"Seu navegador não suporta a reprodução de vídeos.","selectorHint":"[data-loc=\"client/src/pages/Home.tsx:732\"]"},"value":null}}
[2026-10-01T23:51:22.787Z] {"timestamp":1790898684443,"kind":"focusin","url":"http://localhost:3000/","viewport":{"width":1707,"height":917},"payload":{"target":{"tag":"video","id":null,"name":null,"type":null,"role":null,"ariaLabel":null,"testId":null,"dataLoc":"client/src/pages/Home.tsx:732","href":null,"text":"Seu navegador não suporta a reprodução de vídeos.","selectorHint":"[data-loc=\"client/src/pages/Home.tsx:732\"]"}}}
[2026-10-01T23:51:24.612Z] {"timestamp":1790898685510,"kind":"scroll","url":"http://localhost:3000/","viewport":{"width":1707,"height":917},"payload":{"scrollX":0,"scrollY":6597.33349609375,"documentHeight":8182,"viewportHeight":917}}
[2026-10-01T23:51:24.612Z] {"timestamp":1790898686076,"kind":"scroll","url":"http://localhost:3000/","viewport":{"width":1707,"height":917},"payload":{"scrollX":0,"scrollY":6979.5556640625,"documentHeight":8182,"viewportHeight":917}}
[2026-10-01T23:51:24.612Z] {"timestamp":1790898686610,"kind":"scroll","url":"http://localhost:3000/","viewport":{"width":1707,"height":917},"payload":{"scrollX":0,"scrollY":5611.5556640625,"documentHeight":8182,"viewportHeight":917}}
[2026-10-01T23:51:26.619Z] {"timestamp":1790898687127,"kind":"scroll","url":"http://localhost:3000/","viewport":{"width":1707,"height":917},"payload":{"scrollX":0,"scrollY":4611.5556640625,"documentHeight":8182,"viewportHeight":917}}
[2026-10-01T23:51:26.619Z] {"timestamp":1790898687759,"kind":"scroll","url":"http://localhost:3000/","viewport":{"width":1707,"height":917},"payload":{"scrollX":0,"scrollY":4383.111328125,"documentHeight":8182,"viewportHeight":917}}
[2026-10-01T23:51:26.619Z] {"timestamp":1790898688372,"kind":"scroll","url":"http://localhost:3000/","viewport":{"width":1707,"height":917},"payload":{"scrollX":0,"scrollY":4456,"documentHeight":8182,"viewportHeight":917}}
[2026-10-01T23:51:28.613Z] {"timestamp":1790898690031,"kind":"focusout","url":"http://localhost:3000/","viewport":{"width":1707,"height":917},"payload":{"target":{"tag":"video","id":null,"name":null,"type":null,"role":null,"ariaLabel":null,"testId":null,"dataLoc":"client/src/pages/Home.tsx:732","href":null,"text":"Seu navegador não suporta a reprodução de vídeos.","selectorHint":"[data-loc=\"client/src/pages/Home.tsx:732\"]"},"value":null}}
[2026-10-01T23:51:34.613Z] {"timestamp":1790898695479,"kind":"focusin","url":"http://localhost:3000/","viewport":{"width":1707,"height":917},"payload":{"target":{"tag":"video","id":null,"name":null,"type":null,"role":null,"ariaLabel":null,"testId":null,"dataLoc":"client/src/pages/Home.tsx:732","href":null,"text":"Seu navegador não suporta a reprodução de vídeos.","selectorHint":"[data-loc=\"client/src/pages/Home.tsx:732\"]"}}}
[2026-10-01T23:51:43.310Z] {"timestamp":1790898704117,"kind":"focusout","url":"http://localhost:3000/","viewport":{"width":1707,"height":917},"payload":{"target":{"tag":"video","id":null,"name":null,"type":null,"role":null,"ariaLabel":null,"testId":null,"dataLoc":"client/src/pages/Home.tsx:732","href":null,"text":"Seu navegador não suporta a reprodução de vídeos.","selectorHint":"[data-loc=\"client/src/pages/Home.tsx:732\"]"},"value":null}}
[2026-10-01T23:51:56.760Z] {"timestamp":1790898717364,"kind":"focusin","url":"http://localhost:3000/","viewport":{"width":1707,"height":917},"payload":{"target":{"tag":"video","id":null,"name":null,"type":null,"role":null,"ariaLabel":null,"testId":null,"dataLoc":"client/src/pages/Home.tsx:732","href":null,"text":"Seu navegador não suporta a reprodução de vídeos.","selectorHint":"[data-loc=\"client/src/pages/Home.tsx:732\"]"}}}
[2026-10-01T23:51:59.162Z] {"timestamp":1790898719632,"kind":"focusout","url":"http://localhost:3000/","viewport":{"width":1707,"height":917},"payload":{"target":{"tag":"video","id":null,"name":null,"type":null,"role":null,"ariaLabel":null,"testId":null,"dataLoc":"client/src/pages/Home.tsx:732","href":null,"text":"Seu navegador não suporta a reprodução de vídeos.","selectorHint":"[data-loc=\"client/src/pages/Home.tsx:732\"]"},"value":null}}
[2026-10-01T23:52:45.982Z] {"timestamp":1790898766300,"kind":"focusin","url":"http://127.0.0.1:3000/","viewport":{"width":1172,"height":386},"payload":{"target":{"tag":"video","id":null,"name":null,"type":null,"role":null,"ariaLabel":null,"testId":null,"dataLoc":"client/src/pages/Home.tsx:732","href":null,"text":"Seu navegador não suporta a reprodução de vídeos.","selectorHint":"[data-loc=\"client/src/pages/Home.tsx:732\"]"}}}
[2026-10-01T23:52:45.982Z] {"timestamp":1790898766517,"kind":"click","url":"http://127.0.0.1:3000/","viewport":{"width":1172,"height":386},"payload":{"target":{"tag":"video","id":null,"name":null,"type":null,"role":null,"ariaLabel":null,"testId":null,"dataLoc":"client/src/pages/Home.tsx:732","href":null,"text":"Seu navegador não suporta a reprodução de vídeos.","selectorHint":"[data-loc=\"client/src/pages/Home.tsx:732\"]"},"x":293,"y":178}}
[2026-10-01T23:52:45.982Z] {"timestamp":1790898768095,"kind":"click","url":"http://127.0.0.1:3000/","viewport":{"width":1172,"height":386},"payload":{"target":{"tag":"video","id":null,"name":null,"type":null,"role":null,"ariaLabel":null,"testId":null,"dataLoc":"client/src/pages/Home.tsx:732","href":null,"text":"Seu navegador não suporta a reprodução de vídeos.","selectorHint":"[data-loc=\"client/src/pages/Home.tsx:732\"]"},"x":197,"y":175}}
[2026-10-01T23:52:47.824Z] {"timestamp":1790898769210,"kind":"focusout","url":"http://127.0.0.1:3000/","viewport":{"width":1172,"height":386},"payload":{"target":{"tag":"video","id":null,"name":null,"type":null,"role":null,"ariaLabel":null,"testId":null,"dataLoc":"client/src/pages/Home.tsx:732","href":null,"text":"Seu navegador não suporta a reprodução de vídeos.","selectorHint":"[data-loc=\"client/src/pages/Home.tsx:732\"]"},"value":null}}
[2026-10-01T23:52:47.824Z] {"timestamp":1790898769585,"kind":"focusin","url":"http://127.0.0.1:3000/","viewport":{"width":1172,"height":386},"payload":{"target":{"tag":"video","id":null,"name":null,"type":null,"role":null,"ariaLabel":null,"testId":null,"dataLoc":"client/src/pages/Home.tsx:732","href":null,"text":"Seu navegador não suporta a reprodução de vídeos.","selectorHint":"[data-loc=\"client/src/pages/Home.tsx:732\"]"}}}
[2026-10-01T23:52:55.967Z] {"timestamp":1790898777090,"kind":"focusout","url":"http://127.0.0.1:3000/","viewport":{"width":1172,"height":386},"payload":{"target":{"tag":"video","id":null,"name":null,"type":null,"role":null,"ariaLabel":null,"testId":null,"dataLoc":"client/src/pages/Home.tsx:732","href":null,"text":"Seu navegador não suporta a reprodução de vídeos.","selectorHint":"[data-loc=\"client/src/pages/Home.tsx:732\"]"},"value":null}}
[2026-10-02T00:07:08.619Z] {"timestamp":1790899629281,"kind":"focusin","url":"http://localhost:3000/","viewport":{"width":1707,"height":917},"payload":{"target":{"tag":"video","id":null,"name":null,"type":null,"role":null,"ariaLabel":null,"testId":null,"dataLoc":"client/src/pages/Home.tsx:732","href":null,"text":"Seu navegador não suporta a reprodução de vídeos.","selectorHint":"[data-loc=\"client/src/pages/Home.tsx:732\"]"}}}
[2026-10-02T00:07:12.308Z] {"timestamp":1790899633171,"kind":"scroll","url":"http://localhost:3000/","viewport":{"width":1707,"height":917},"payload":{"scrollX":0,"scrollY":4500.4443359375,"documentHeight":7826,"viewportHeight":917}}
[2026-10-02T00:07:16.319Z] {"timestamp":1790899637500,"kind":"scroll","url":"http://localhost:3000/","viewport":{"width":1707,"height":917},"payload":{"scrollX":0,"scrollY":4463.111328125,"documentHeight":8182,"viewportHeight":917}}
[2026-10-02T00:07:16.319Z] {"timestamp":1790899638034,"kind":"scroll","url":"http://localhost:3000/","viewport":{"width":1707,"height":917},"payload":{"scrollX":0,"scrollY":4367.111328125,"documentHeight":8182,"viewportHeight":917}}
[2026-10-02T00:07:16.319Z] {"timestamp":1790899638566,"kind":"scroll","url":"http://localhost:3000/","viewport":{"width":1707,"height":917},"payload":{"scrollX":0,"scrollY":4228.4443359375,"documentHeight":8182,"viewportHeight":917}}
[2026-10-02T00:07:18.327Z] {"timestamp":1790899639070,"kind":"scroll","url":"http://localhost:3000/","viewport":{"width":1707,"height":917},"payload":{"scrollX":0,"scrollY":4656,"documentHeight":8182,"viewportHeight":917}}
[2026-10-02T00:07:18.327Z] {"timestamp":1790899639583,"kind":"scroll","url":"http://localhost:3000/","viewport":{"width":1707,"height":917},"payload":{"scrollX":0,"scrollY":5701.33349609375,"documentHeight":8182,"viewportHeight":917}}
[2026-10-02T00:07:18.327Z] {"timestamp":1790899640118,"kind":"scroll","url":"http://localhost:3000/","viewport":{"width":1707,"height":917},"payload":{"scrollX":0,"scrollY":6696,"documentHeight":8182,"viewportHeight":917}}
[2026-10-02T00:07:20.315Z] {"timestamp":1790899640662,"kind":"scroll","url":"http://localhost:3000/","viewport":{"width":1707,"height":917},"payload":{"scrollX":0,"scrollY":4728,"documentHeight":8182,"viewportHeight":917}}
[2026-10-02T00:07:20.315Z] {"timestamp":1790899641235,"kind":"scroll","url":"http://localhost:3000/","viewport":{"width":1707,"height":917},"payload":{"scrollX":0,"scrollY":3634.666748046875,"documentHeight":8182,"viewportHeight":917}}
[2026-10-02T00:07:20.315Z] {"timestamp":1790899641768,"kind":"scroll","url":"http://localhost:3000/","viewport":{"width":1707,"height":917},"payload":{"scrollX":0,"scrollY":4463.111328125,"documentHeight":8182,"viewportHeight":917}}
[2026-10-02T00:07:20.315Z] {"timestamp":1790899642278,"kind":"scroll","url":"http://localhost:3000/","viewport":{"width":1707,"height":917},"payload":{"scrollX":0,"scrollY":3917.333251953125,"documentHeight":8182,"viewportHeight":917}}
[2026-10-02T00:07:22.321Z] {"timestamp":1790899642818,"kind":"scroll","url":"http://localhost:3000/","viewport":{"width":1707,"height":917},"payload":{"scrollX":0,"scrollY":3009.77783203125,"documentHeight":8182,"viewportHeight":917}}
[2026-10-02T00:07:22.321Z] {"timestamp":1790899643418,"kind":"scroll","url":"http://localhost:3000/","viewport":{"width":1707,"height":917},"payload":{"scrollX":0,"scrollY":2830.22216796875,"documentHeight":8182,"viewportHeight":917}}
[2026-10-02T00:07:22.321Z] {"timestamp":1790899643951,"kind":"scroll","url":"http://localhost:3000/","viewport":{"width":1707,"height":917},"payload":{"scrollX":0,"scrollY":3227.5556640625,"documentHeight":8182,"viewportHeight":917}}
[2026-10-02T00:07:22.321Z] {"timestamp":1790899644485,"kind":"scroll","url":"http://localhost:3000/","viewport":{"width":1707,"height":917},"payload":{"scrollX":0,"scrollY":3081.77783203125,"documentHeight":8182,"viewportHeight":917}}
[2026-10-02T00:07:24.301Z] {"timestamp":1790899645001,"kind":"scroll","url":"http://localhost:3000/","viewport":{"width":1707,"height":917},"payload":{"scrollX":0,"scrollY":2932.4443359375,"documentHeight":8182,"viewportHeight":917}}
[2026-10-02T00:07:24.301Z] {"timestamp":1790899645966,"kind":"scroll","url":"http://localhost:3000/","viewport":{"width":1707,"height":917},"payload":{"scrollX":0,"scrollY":2912,"documentHeight":8182,"viewportHeight":917}}
[2026-10-02T00:07:28.302Z] {"timestamp":1790899650272,"kind":"scroll","url":"http://localhost:3000/","viewport":{"width":1707,"height":917},"payload":{"scrollX":0,"scrollY":2940.4443359375,"documentHeight":8182,"viewportHeight":917}}
[2026-10-02T00:07:30.299Z] {"timestamp":1790899650783,"kind":"scroll","url":"http://localhost:3000/","viewport":{"width":1707,"height":917},"payload":{"scrollX":0,"scrollY":3774.22216796875,"documentHeight":8182,"viewportHeight":917}}
[2026-10-02T00:07:30.299Z] {"timestamp":1790899651295,"kind":"scroll","url":"http://localhost:3000/","viewport":{"width":1707,"height":917},"payload":{"scrollX":0,"scrollY":4181.33349609375,"documentHeight":8182,"viewportHeight":917}}
[2026-10-02T00:07:30.299Z] {"timestamp":1790899651816,"kind":"scroll","url":"http://localhost:3000/","viewport":{"width":1707,"height":917},"payload":{"scrollX":0,"scrollY":4752,"documentHeight":8182,"viewportHeight":917}}
[2026-10-02T00:07:30.299Z] {"timestamp":1790899652351,"kind":"scroll","url":"http://localhost:3000/","viewport":{"width":1707,"height":917},"payload":{"scrollX":0,"scrollY":4529.77783203125,"documentHeight":8182,"viewportHeight":917}}
[2026-10-02T00:07:32.307Z] {"timestamp":1790899652984,"kind":"scroll","url":"http://localhost:3000/","viewport":{"width":1707,"height":917},"payload":{"scrollX":0,"scrollY":4525.33349609375,"documentHeight":8182,"viewportHeight":917}}
[2026-10-02T00:07:34.298Z] {"timestamp":1790899655516,"kind":"scroll","url":"http://localhost:3000/","viewport":{"width":1707,"height":917},"payload":{"scrollX":0,"scrollY":4509.33349609375,"documentHeight":8182,"viewportHeight":917}}
[2026-10-02T00:07:34.298Z] {"timestamp":1790899656059,"kind":"scroll","url":"http://localhost:3000/","viewport":{"width":1707,"height":917},"payload":{"scrollX":0,"scrollY":4451.5556640625,"documentHeight":8182,"viewportHeight":917}}
[2026-10-02T00:07:34.298Z] {"timestamp":1790899656565,"kind":"scroll","url":"http://localhost:3000/","viewport":{"width":1707,"height":917},"payload":{"scrollX":0,"scrollY":4439.111328125,"documentHeight":8182,"viewportHeight":917}}
[2026-10-02T00:07:36.311Z] {"timestamp":1790899658166,"kind":"scroll","url":"http://localhost:3000/","viewport":{"width":1707,"height":917},"payload":{"scrollX":0,"scrollY":4437.33349609375,"documentHeight":8182,"viewportHeight":917}}
[2026-10-02T00:07:38.297Z] {"timestamp":1790899658696,"kind":"scroll","url":"http://localhost:3000/","viewport":{"width":1707,"height":917},"payload":{"scrollX":0,"scrollY":4329.77783203125,"documentHeight":8182,"viewportHeight":917}}
[2026-10-02T00:07:38.297Z] {"timestamp":1790899659219,"kind":"scroll","url":"http://localhost:3000/","viewport":{"width":1707,"height":917},"payload":{"scrollX":0,"scrollY":4042.666748046875,"documentHeight":8182,"viewportHeight":917}}
[2026-10-02T00:07:38.297Z] {"timestamp":1790899659720,"kind":"scroll","url":"http://localhost:3000/","viewport":{"width":1707,"height":917},"payload":{"scrollX":0,"scrollY":3926.22216796875,"documentHeight":8182,"viewportHeight":917}}
[2026-10-02T00:07:38.297Z] {"timestamp":1790899660236,"kind":"scroll","url":"http://localhost:3000/","viewport":{"width":1707,"height":917},"payload":{"scrollX":0,"scrollY":3672.888916015625,"documentHeight":8182,"viewportHeight":917}}
[2026-10-02T00:07:40.302Z] {"timestamp":1790899660768,"kind":"scroll","url":"http://localhost:3000/","viewport":{"width":1707,"height":917},"payload":{"scrollX":0,"scrollY":3096.888916015625,"documentHeight":8182,"viewportHeight":917}}
[2026-10-02T00:07:40.302Z] {"timestamp":1790899661383,"kind":"scroll","url":"http://localhost:3000/","viewport":{"width":1707,"height":917},"payload":{"scrollX":0,"scrollY":2825.77783203125,"documentHeight":8182,"viewportHeight":917}}
[2026-10-02T00:07:40.302Z] {"timestamp":1790899662066,"kind":"scroll","url":"http://localhost:3000/","viewport":{"width":1707,"height":917},"payload":{"scrollX":0,"scrollY":2846.22216796875,"documentHeight":8182,"viewportHeight":917}}
[2026-10-02T00:07:42.299Z] {"timestamp":1790899662638,"kind":"scroll","url":"http://localhost:3000/","viewport":{"width":1707,"height":917},"payload":{"scrollX":0,"scrollY":2850.666748046875,"documentHeight":8182,"viewportHeight":917}}
[2026-10-02T00:07:42.299Z] {"timestamp":1790899664032,"kind":"scroll","url":"http://localhost:3000/","viewport":{"width":1707,"height":917},"payload":{"scrollX":0,"scrollY":2860.4443359375,"documentHeight":8182,"viewportHeight":917}}
[2026-10-02T00:07:42.299Z] {"timestamp":1790899664549,"kind":"scroll","url":"http://localhost:3000/","viewport":{"width":1707,"height":917},"payload":{"scrollX":0,"scrollY":4720.888671875,"documentHeight":8182,"viewportHeight":917}}
[2026-10-02T00:07:44.308Z] {"timestamp":1790899665116,"kind":"scroll","url":"http://localhost:3000/","viewport":{"width":1707,"height":917},"payload":{"scrollX":0,"scrollY":4876.4443359375,"documentHeight":8182,"viewportHeight":917}}
[2026-10-02T00:07:44.308Z] {"timestamp":1790899666107,"kind":"click","url":"http://localhost:3000/","viewport":{"width":1707,"height":917},"payload":{"target":{"tag":"article","id":null,"name":null,"type":null,"role":null,"ariaLabel":null,"testId":null,"dataLoc":"client/src/pages/Home.tsx:536","href":null,"text":"PLANEJAMENTO & CONTROLE NXS / 02 Torre de Amostra Grátis Livre, quarentena, rest…","selectorHint":"[data-loc=\"client/src/pages/Home.tsx:536\"]"},"x":556,"y":327}}
[2026-10-02T00:07:46.297Z] {"timestamp":1790899668316,"kind":"click","url":"http://localhost:3000/","viewport":{"width":1707,"height":917},"payload":{"target":{"tag":"img","id":null,"name":null,"type":null,"role":null,"ariaLabel":null,"testId":null,"dataLoc":"client/src/pages/Home.tsx:587","href":null,"text":"","selectorHint":"[data-loc=\"client/src/pages/Home.tsx:587\"]"},"x":556,"y":327}}
[2026-10-02T00:08:00.527Z] {"timestamp":1790899681299,"kind":"scroll","url":"http://localhost:3000/","viewport":{"width":1707,"height":917},"payload":{"scrollX":0,"scrollY":4442.66650390625,"documentHeight":8182,"viewportHeight":917}}
[2026-10-02T00:08:00.527Z] {"timestamp":1790899681834,"kind":"scroll","url":"http://localhost:3000/","viewport":{"width":1707,"height":917},"payload":{"scrollX":0,"scrollY":3438.22216796875,"documentHeight":8182,"viewportHeight":917}}
[2026-10-02T00:08:00.527Z] {"timestamp":1790899682352,"kind":"scroll","url":"http://localhost:3000/","viewport":{"width":1707,"height":917},"payload":{"scrollX":0,"scrollY":2889.77783203125,"documentHeight":8182,"viewportHeight":917}}
[2026-10-02T00:17:12.470Z] {"timestamp":1790900234611,"kind":"scroll","url":"http://localhost:3000/","viewport":{"width":1707,"height":917},"payload":{"scrollX":0,"scrollY":2944.888916015625,"documentHeight":8182,"viewportHeight":917}}
[2026-10-02T00:17:14.303Z] {"timestamp":1790900235129,"kind":"scroll","url":"http://localhost:3000/","viewport":{"width":1707,"height":917},"payload":{"scrollX":0,"scrollY":4695.111328125,"documentHeight":8182,"viewportHeight":917}}
[2026-10-02T00:17:14.303Z] {"timestamp":1790900235660,"kind":"scroll","url":"http://localhost:3000/","viewport":{"width":1707,"height":917},"payload":{"scrollX":0,"scrollY":4469.33349609375,"documentHeight":8182,"viewportHeight":917}}
[2026-10-02T00:17:14.303Z] {"timestamp":1790900236184,"kind":"scroll","url":"http://localhost:3000/","viewport":{"width":1707,"height":917},"payload":{"scrollX":0,"scrollY":4224,"documentHeight":8182,"viewportHeight":917}}
[2026-10-02T00:17:36.444Z] {"timestamp":1790900256779,"kind":"scroll","url":"http://localhost:3000/","viewport":{"width":1707,"height":917},"payload":{"scrollX":0,"scrollY":4334.22216796875,"documentHeight":8182,"viewportHeight":917}}
[2026-10-02T00:17:36.444Z] {"timestamp":1790900257296,"kind":"scroll","url":"http://localhost:3000/","viewport":{"width":1707,"height":917},"payload":{"scrollX":0,"scrollY":4744,"documentHeight":8182,"viewportHeight":917}}
[2026-10-02T00:17:36.444Z] {"timestamp":1790900257845,"kind":"scroll","url":"http://localhost:3000/","viewport":{"width":1707,"height":917},"payload":{"scrollX":0,"scrollY":4648,"documentHeight":8182,"viewportHeight":917}}
[2026-10-02T00:17:38.328Z] {"timestamp":1790900258743,"kind":"scroll","url":"http://localhost:3000/","viewport":{"width":1707,"height":917},"payload":{"scrollX":0,"scrollY":4553.77783203125,"documentHeight":8182,"viewportHeight":917}}
[2026-10-02T00:17:38.328Z] {"timestamp":1790900259262,"kind":"scroll","url":"http://localhost:3000/","viewport":{"width":1707,"height":917},"payload":{"scrollX":0,"scrollY":4472,"documentHeight":8182,"viewportHeight":917}}
[2026-10-02T00:17:38.328Z] {"timestamp":1790900259776,"kind":"scroll","url":"http://localhost:3000/","viewport":{"width":1707,"height":917},"payload":{"scrollX":0,"scrollY":4338.66650390625,"documentHeight":8182,"viewportHeight":917}}
[2026-10-02T00:17:38.328Z] {"timestamp":1790900260330,"kind":"scroll","url":"http://localhost:3000/","viewport":{"width":1707,"height":917},"payload":{"scrollX":0,"scrollY":2925.333251953125,"documentHeight":8182,"viewportHeight":917}}
[2026-10-02T00:17:40.306Z] {"timestamp":1790900260878,"kind":"scroll","url":"http://localhost:3000/","viewport":{"width":1707,"height":917},"payload":{"scrollX":0,"scrollY":1277.3333740234375,"documentHeight":8182,"viewportHeight":917}}
[2026-10-02T00:17:40.306Z] {"timestamp":1790900261396,"kind":"scroll","url":"http://localhost:3000/","viewport":{"width":1707,"height":917},"payload":{"scrollX":0,"scrollY":6178.66650390625,"documentHeight":8182,"viewportHeight":917}}
[2026-10-02T00:17:40.306Z] {"timestamp":1790900261945,"kind":"scroll","url":"http://localhost:3000/","viewport":{"width":1707,"height":917},"payload":{"scrollX":0,"scrollY":5692.4443359375,"documentHeight":8182,"viewportHeight":917}}
[2026-10-02T00:17:40.306Z] {"timestamp":1790900262593,"kind":"scroll","url":"http://localhost:3000/","viewport":{"width":1707,"height":917},"payload":{"scrollX":0,"scrollY":2197.333251953125,"documentHeight":8182,"viewportHeight":917}}
[2026-10-02T00:17:42.295Z] {"timestamp":1790900263095,"kind":"scroll","url":"http://localhost:3000/","viewport":{"width":1707,"height":917},"payload":{"scrollX":0,"scrollY":2443.5556640625,"documentHeight":8182,"viewportHeight":917}}
[2026-10-02T00:17:42.295Z] {"timestamp":1790900263595,"kind":"scroll","url":"http://localhost:3000/","viewport":{"width":1707,"height":917},"payload":{"scrollX":0,"scrollY":2895.111083984375,"documentHeight":8182,"viewportHeight":917}}
[2026-10-02T00:17:42.295Z] {"timestamp":1790900264127,"kind":"scroll","url":"http://localhost:3000/","viewport":{"width":1707,"height":917},"payload":{"scrollX":0,"scrollY":3048,"documentHeight":8182,"viewportHeight":917}}
[2026-10-02T00:17:44.308Z] {"timestamp":1790900264628,"kind":"scroll","url":"http://localhost:3000/","viewport":{"width":1707,"height":917},"payload":{"scrollX":0,"scrollY":4532.4443359375,"documentHeight":8182,"viewportHeight":917}}
[2026-10-02T00:17:44.308Z] {"timestamp":1790900265145,"kind":"scroll","url":"http://localhost:3000/","viewport":{"width":1707,"height":917},"payload":{"scrollX":0,"scrollY":4629.33349609375,"documentHeight":8182,"viewportHeight":917}}
[2026-10-02T00:17:50.298Z] {"timestamp":1790900272427,"kind":"scroll","url":"http://localhost:3000/","viewport":{"width":1707,"height":917},"payload":{"scrollX":0,"scrollY":4615.111328125,"documentHeight":8182,"viewportHeight":917}}
[2026-10-02T00:17:52.298Z] {"timestamp":1790900272944,"kind":"scroll","url":"http://localhost:3000/","viewport":{"width":1707,"height":917},"payload":{"scrollX":0,"scrollY":4441.77783203125,"documentHeight":8182,"viewportHeight":917}}
[2026-10-02T00:17:52.298Z] {"timestamp":1790900273679,"kind":"scroll","url":"http://localhost:3000/","viewport":{"width":1707,"height":917},"payload":{"scrollX":0,"scrollY":4432.888671875,"documentHeight":8182,"viewportHeight":917}}
[2026-10-02T00:17:52.298Z] {"timestamp":1790900274195,"kind":"scroll","url":"http://localhost:3000/","viewport":{"width":1707,"height":917},"payload":{"scrollX":0,"scrollY":4274.66650390625,"documentHeight":8182,"viewportHeight":917}}
[2026-10-02T00:17:54.297Z] {"timestamp":1790900274730,"kind":"scroll","url":"http://localhost:3000/","viewport":{"width":1707,"height":917},"payload":{"scrollX":0,"scrollY":4088,"documentHeight":8182,"viewportHeight":917}}
[2026-10-02T00:17:54.298Z] {"timestamp":1790900275343,"kind":"scroll","url":"http://localhost:3000/","viewport":{"width":1707,"height":917},"payload":{"scrollX":0,"scrollY":3732.4443359375,"documentHeight":8182,"viewportHeight":917}}
[2026-10-02T00:17:54.298Z] {"timestamp":1790900275844,"kind":"scroll","url":"http://localhost:3000/","viewport":{"width":1707,"height":917},"payload":{"scrollX":0,"scrollY":3006.22216796875,"documentHeight":8182,"viewportHeight":917}}
[2026-10-02T00:17:56.299Z] {"timestamp":1790900278536,"kind":"scroll","url":"http://localhost:3000/","viewport":{"width":1707,"height":917},"payload":{"scrollX":0,"scrollY":2997.333251953125,"documentHeight":8182,"viewportHeight":917}}
[2026-10-02T00:17:58.308Z] {"timestamp":1790900279079,"kind":"scroll","url":"http://localhost:3000/","viewport":{"width":1707,"height":917},"payload":{"scrollX":0,"scrollY":3670.22216796875,"documentHeight":8182,"viewportHeight":917}}
[2026-10-02T00:17:58.308Z] {"timestamp":1790900279581,"kind":"scroll","url":"http://localhost:3000/","viewport":{"width":1707,"height":917},"payload":{"scrollX":0,"scrollY":4292.4443359375,"documentHeight":8182,"viewportHeight":917}}
[2026-10-02T00:17:58.308Z] {"timestamp":1790900280079,"kind":"scroll","url":"http://localhost:3000/","viewport":{"width":1707,"height":917},"payload":{"scrollX":0,"scrollY":4416.888671875,"documentHeight":8182,"viewportHeight":917}}
[2026-10-02T00:17:58.308Z] {"timestamp":1790900280579,"kind":"scroll","url":"http://localhost:3000/","viewport":{"width":1707,"height":917},"payload":{"scrollX":0,"scrollY":3518.22216796875,"documentHeight":8182,"viewportHeight":917}}
[2026-10-02T00:18:00.297Z] {"timestamp":1790900281080,"kind":"scroll","url":"http://localhost:3000/","viewport":{"width":1707,"height":917},"payload":{"scrollX":0,"scrollY":2558.22216796875,"documentHeight":8182,"viewportHeight":917}}
[2026-10-02T00:18:00.297Z] {"timestamp":1790900281743,"kind":"scroll","url":"http://localhost:3000/","viewport":{"width":1707,"height":917},"payload":{"scrollX":0,"scrollY":3034.666748046875,"documentHeight":8182,"viewportHeight":917}}
[2026-10-02T00:18:00.297Z] {"timestamp":1790900282493,"kind":"scroll","url":"http://localhost:3000/","viewport":{"width":1707,"height":917},"payload":{"scrollX":0,"scrollY":3003.5556640625,"documentHeight":8182,"viewportHeight":917}}
[2026-10-02T00:22:58.659Z] {"timestamp":1790900579310,"kind":"scroll","url":"http://localhost:3000/","viewport":{"width":1707,"height":917},"payload":{"scrollX":0,"scrollY":29.33333396911621,"documentHeight":8182,"viewportHeight":917}}
[2026-10-02T00:22:58.659Z] {"timestamp":1790900579815,"kind":"scroll","url":"http://localhost:3000/","viewport":{"width":1707,"height":917},"payload":{"scrollX":0,"scrollY":265.77777099609375,"documentHeight":8182,"viewportHeight":917}}
[2026-10-02T00:22:58.659Z] {"timestamp":1790900580347,"kind":"scroll","url":"http://localhost:3000/","viewport":{"width":1707,"height":917},"payload":{"scrollX":0,"scrollY":683.5555419921875,"documentHeight":8182,"viewportHeight":917}}
[2026-10-02T00:22:58.659Z] {"timestamp":1790900580893,"kind":"scroll","url":"http://localhost:3000/","viewport":{"width":1707,"height":917},"payload":{"scrollX":0,"scrollY":835.5555419921875,"documentHeight":8182,"viewportHeight":917}}
[2026-10-02T00:23:00.661Z] {"timestamp":1790900581791,"kind":"scroll","url":"http://localhost:3000/","viewport":{"width":1707,"height":917},"payload":{"scrollX":0,"scrollY":853.3333129882812,"documentHeight":8182,"viewportHeight":917}}
[2026-10-02T00:23:00.661Z] {"timestamp":1790900582441,"kind":"scroll","url":"http://localhost:3000/","viewport":{"width":1707,"height":917},"payload":{"scrollX":0,"scrollY":1038.22216796875,"documentHeight":8182,"viewportHeight":917}}
[2026-10-02T00:23:02.668Z] {"timestamp":1790900583175,"kind":"scroll","url":"http://localhost:3000/","viewport":{"width":1707,"height":917},"payload":{"scrollX":0,"scrollY":1483.5555419921875,"documentHeight":8182,"viewportHeight":917}}
[2026-10-02T00:23:02.668Z] {"timestamp":1790900583708,"kind":"scroll","url":"http://localhost:3000/","viewport":{"width":1707,"height":917},"payload":{"scrollX":0,"scrollY":1592,"documentHeight":8182,"viewportHeight":917}}
[2026-10-02T00:23:02.668Z] {"timestamp":1790900584258,"kind":"scroll","url":"http://localhost:3000/","viewport":{"width":1707,"height":917},"payload":{"scrollX":0,"scrollY":1599.111083984375,"documentHeight":8182,"viewportHeight":917}}
[2026-10-02T00:23:02.668Z] {"timestamp":1790900584923,"kind":"scroll","url":"http://localhost:3000/","viewport":{"width":1707,"height":917},"payload":{"scrollX":0,"scrollY":1787.5555419921875,"documentHeight":8182,"viewportHeight":917}}
[2026-10-02T00:23:04.661Z] {"timestamp":1790900585523,"kind":"scroll","url":"http://localhost:3000/","viewport":{"width":1707,"height":917},"payload":{"scrollX":0,"scrollY":2022.22216796875,"documentHeight":8182,"viewportHeight":917}}
[2026-10-02T00:23:04.661Z] {"timestamp":1790900586126,"kind":"scroll","url":"http://localhost:3000/","viewport":{"width":1707,"height":917},"payload":{"scrollX":0,"scrollY":2266.666748046875,"documentHeight":8182,"viewportHeight":917}}
[2026-10-02T00:23:04.661Z] {"timestamp":1790900586739,"kind":"scroll","url":"http://localhost:3000/","viewport":{"width":1707,"height":917},"payload":{"scrollX":0,"scrollY":2501.333251953125,"documentHeight":8182,"viewportHeight":917}}
[2026-10-02T00:23:06.659Z] {"timestamp":1790900587373,"kind":"scroll","url":"http://localhost:3000/","viewport":{"width":1707,"height":917},"payload":{"scrollX":0,"scrollY":2643.5556640625,"documentHeight":8182,"viewportHeight":917}}
[2026-10-02T00:23:06.659Z] {"timestamp":1790900587874,"kind":"scroll","url":"http://localhost:3000/","viewport":{"width":1707,"height":917},"payload":{"scrollX":0,"scrollY":2865.77783203125,"documentHeight":8182,"viewportHeight":917}}
[2026-10-02T00:23:06.659Z] {"timestamp":1790900588374,"kind":"scroll","url":"http://localhost:3000/","viewport":{"width":1707,"height":917},"payload":{"scrollX":0,"scrollY":2982.22216796875,"documentHeight":8182,"viewportHeight":917}}
[2026-10-02T00:23:08.656Z] {"timestamp":1790900589197,"kind":"click","url":"http://localhost:3000/","viewport":{"width":1707,"height":917},"payload":{"target":{"tag":"div","id":null,"name":null,"type":null,"role":null,"ariaLabel":null,"testId":null,"dataLoc":"client/src/pages/Home.tsx:397","href":null,"text":"10 min TEMPO GASTO","selectorHint":"[data-loc=\"client/src/pages/Home.tsx:397\"]"},"x":1073,"y":410}}
[2026-10-02T00:23:08.656Z] {"timestamp":1790900590730,"kind":"click","url":"http://localhost:3000/","viewport":{"width":1707,"height":917},"payload":{"target":{"tag":"img","id":null,"name":null,"type":null,"role":null,"ariaLabel":null,"testId":null,"dataLoc":"client/src/pages/Home.tsx:433","href":null,"text":"","selectorHint":"[data-loc=\"client/src/pages/Home.tsx:433\"]"},"x":1073,"y":410}}
[2026-10-02T00:23:16.819Z] {"timestamp":1790900598357,"kind":"scroll","url":"http://localhost:3000/","viewport":{"width":1707,"height":917},"payload":{"scrollX":0,"scrollY":3017.77783203125,"documentHeight":8182,"viewportHeight":917}}
[2026-10-02T00:23:16.819Z] {"timestamp":1790900598957,"kind":"scroll","url":"http://localhost:3000/","viewport":{"width":1707,"height":917},"payload":{"scrollX":0,"scrollY":3454.22216796875,"documentHeight":8182,"viewportHeight":917}}
[2026-10-02T00:23:18.655Z] {"timestamp":1790900599469,"kind":"scroll","url":"http://localhost:3000/","viewport":{"width":1707,"height":917},"payload":{"scrollX":0,"scrollY":3724.4443359375,"documentHeight":8182,"viewportHeight":917}}
[2026-10-02T00:23:18.655Z] {"timestamp":1790900600274,"kind":"scroll","url":"http://localhost:3000/","viewport":{"width":1707,"height":917},"payload":{"scrollX":0,"scrollY":4296,"documentHeight":8182,"viewportHeight":917}}
[2026-10-02T00:23:18.655Z] {"timestamp":1790900600891,"kind":"scroll","url":"http://localhost:3000/","viewport":{"width":1707,"height":917},"payload":{"scrollX":0,"scrollY":4324.4443359375,"documentHeight":8182,"viewportHeight":917}}
[2026-10-02T00:23:44.880Z] {"timestamp":1790900625257,"kind":"scroll","url":"http://localhost:3000/","viewport":{"width":1707,"height":917},"payload":{"scrollX":0,"scrollY":4341.33349609375,"documentHeight":8182,"viewportHeight":917}}
[2026-10-02T00:23:44.880Z] {"timestamp":1790900625772,"kind":"scroll","url":"http://localhost:3000/","viewport":{"width":1707,"height":917},"payload":{"scrollX":0,"scrollY":4478.22216796875,"documentHeight":8182,"viewportHeight":917}}
[2026-10-02T00:23:44.880Z] {"timestamp":1790900626324,"kind":"scroll","url":"http://localhost:3000/","viewport":{"width":1707,"height":917},"payload":{"scrollX":0,"scrollY":4669.33349609375,"documentHeight":8182,"viewportHeight":917}}
[2026-10-02T00:23:44.880Z] {"timestamp":1790900626859,"kind":"scroll","url":"http://localhost:3000/","viewport":{"width":1707,"height":917},"payload":{"scrollX":0,"scrollY":5244.4443359375,"documentHeight":8182,"viewportHeight":917}}
[2026-10-02T00:23:46.657Z] {"timestamp":1790900627373,"kind":"scroll","url":"http://localhost:3000/","viewport":{"width":1707,"height":917},"payload":{"scrollX":0,"scrollY":4776.888671875,"documentHeight":8182,"viewportHeight":917}}
[2026-10-02T00:23:46.657Z] {"timestamp":1790900627876,"kind":"scroll","url":"http://localhost:3000/","viewport":{"width":1707,"height":917},"payload":{"scrollX":0,"scrollY":3633.77783203125,"documentHeight":8182,"viewportHeight":917}}
[2026-10-02T00:23:46.657Z] {"timestamp":1790900628392,"kind":"scroll","url":"http://localhost:3000/","viewport":{"width":1707,"height":917},"payload":{"scrollX":0,"scrollY":2589.333251953125,"documentHeight":8182,"viewportHeight":917}}
[2026-10-02T00:23:46.657Z] {"timestamp":1790900628907,"kind":"scroll","url":"http://localhost:3000/","viewport":{"width":1707,"height":917},"payload":{"scrollX":0,"scrollY":1790.22216796875,"documentHeight":8182,"viewportHeight":917}}
[2026-10-02T00:23:48.655Z] {"timestamp":1790900629422,"kind":"scroll","url":"http://localhost:3000/","viewport":{"width":1707,"height":917},"payload":{"scrollX":0,"scrollY":2506.666748046875,"documentHeight":8182,"viewportHeight":917}}
[2026-10-02T00:23:48.655Z] {"timestamp":1790900630506,"kind":"scroll","url":"http://localhost:3000/","viewport":{"width":1707,"height":917},"payload":{"scrollX":0,"scrollY":2536.888916015625,"documentHeight":8182,"viewportHeight":917}}
[2026-10-02T00:23:50.652Z] {"timestamp":1790900631989,"kind":"scroll","url":"http://localhost:3000/","viewport":{"width":1707,"height":917},"payload":{"scrollX":0,"scrollY":2536,"documentHeight":8182,"viewportHeight":917}}
[2026-10-02T00:23:58.900Z] {"timestamp":1790900640740,"kind":"scroll","url":"http://localhost:3000/","viewport":{"width":1707,"height":917},"payload":{"scrollX":0,"scrollY":2541.333251953125,"documentHeight":8182,"viewportHeight":917}}
[2026-10-02T00:24:00.672Z] {"timestamp":1790900641839,"kind":"scroll","url":"http://localhost:3000/","viewport":{"width":1707,"height":917},"payload":{"scrollX":0,"scrollY":2580.4443359375,"documentHeight":8182,"viewportHeight":917}}
[2026-10-02T00:24:00.672Z] {"timestamp":1790900642490,"kind":"scroll","url":"http://localhost:3000/","viewport":{"width":1707,"height":917},"payload":{"scrollX":0,"scrollY":2972.4443359375,"documentHeight":8182,"viewportHeight":917}}
[2026-10-02T00:24:02.652Z] {"timestamp":1790900643042,"kind":"scroll","url":"http://localhost:3000/","viewport":{"width":1707,"height":917},"payload":{"scrollX":0,"scrollY":3621.333251953125,"documentHeight":8182,"viewportHeight":917}}
[2026-10-02T00:24:06.653Z] {"timestamp":1790900647790,"kind":"scroll","url":"http://localhost:3000/","viewport":{"width":1707,"height":917},"payload":{"scrollX":0,"scrollY":4045.333251953125,"documentHeight":8182,"viewportHeight":917}}
[2026-10-02T00:26:36.661Z] {"timestamp":1790900797323,"kind":"scroll","url":"http://localhost:3000/","viewport":{"width":1707,"height":917},"payload":{"scrollX":0,"scrollY":4036.4443359375,"documentHeight":8140,"viewportHeight":917}}
[2026-10-02T00:26:36.661Z] {"timestamp":1790900797838,"kind":"scroll","url":"http://localhost:3000/","viewport":{"width":1707,"height":917},"payload":{"scrollX":0,"scrollY":3993.77783203125,"documentHeight":8140,"viewportHeight":917}}
[2026-10-02T00:29:00.885Z] {"timestamp":1790900941328,"kind":"scroll","url":"http://localhost:3000/","viewport":{"width":1707,"height":917},"payload":{"scrollX":0,"scrollY":3978.666748046875,"documentHeight":8140,"viewportHeight":917}}
[2026-10-02T00:29:00.886Z] {"timestamp":1790900941856,"kind":"scroll","url":"http://localhost:3000/","viewport":{"width":1707,"height":917},"payload":{"scrollX":0,"scrollY":4198.22216796875,"documentHeight":8140,"viewportHeight":917}}
[2026-10-02T00:29:02.655Z] {"timestamp":1790900943486,"kind":"scroll","url":"http://localhost:3000/","viewport":{"width":1707,"height":917},"payload":{"scrollX":0,"scrollY":4235.5556640625,"documentHeight":8140,"viewportHeight":917}}
[2026-10-02T00:29:02.655Z] {"timestamp":1790900944104,"kind":"scroll","url":"http://localhost:3000/","viewport":{"width":1707,"height":917},"payload":{"scrollX":0,"scrollY":4310.22216796875,"documentHeight":8140,"viewportHeight":917}}
[2026-10-02T00:29:02.655Z] {"timestamp":1790900944772,"kind":"click","url":"http://localhost:3000/","viewport":{"width":1707,"height":917},"payload":{"target":{"tag":"div","id":null,"name":null,"type":null,"role":null,"ariaLabel":null,"testId":null,"dataLoc":"client/src/pages/Home.tsx:551","href":null,"text":"Torre de Amostra Grátis","selectorHint":"[data-loc=\"client/src/pages/Home.tsx:551\"]"},"x":1199,"y":342}}
[2026-10-02T00:29:04.655Z] {"timestamp":1790900946730,"kind":"click","url":"http://localhost:3000/","viewport":{"width":1707,"height":917},"payload":{"target":{"tag":"img","id":null,"name":null,"type":null,"role":null,"ariaLabel":null,"testId":null,"dataLoc":"client/src/pages/Home.tsx:602","href":null,"text":"","selectorHint":"[data-loc=\"client/src/pages/Home.tsx:602\"]"},"x":1199,"y":342}}
[2026-10-02T00:29:06.653Z] {"timestamp":1790900947719,"kind":"scroll","url":"http://localhost:3000/","viewport":{"width":1707,"height":917},"payload":{"scrollX":0,"scrollY":4368,"documentHeight":8140,"viewportHeight":917}}
[2026-10-02T00:29:06.654Z] {"timestamp":1790900948228,"kind":"scroll","url":"http://localhost:3000/","viewport":{"width":1707,"height":917},"payload":{"scrollX":0,"scrollY":4856,"documentHeight":8140,"viewportHeight":917}}
[2026-10-02T00:29:06.654Z] {"timestamp":1790900948737,"kind":"scroll","url":"http://localhost:3000/","viewport":{"width":1707,"height":917},"payload":{"scrollX":0,"scrollY":5400,"documentHeight":8140,"viewportHeight":917}}
[2026-10-02T00:29:08.659Z] {"timestamp":1790900949246,"kind":"scroll","url":"http://localhost:3000/","viewport":{"width":1707,"height":917},"payload":{"scrollX":0,"scrollY":5394.66650390625,"documentHeight":8140,"viewportHeight":917}}
[2026-10-02T00:29:08.659Z] {"timestamp":1790900949763,"kind":"scroll","url":"http://localhost:3000/","viewport":{"width":1707,"height":917},"payload":{"scrollX":0,"scrollY":5264.888671875,"documentHeight":8140,"viewportHeight":917}}
[2026-10-02T00:29:08.659Z] {"timestamp":1790900950287,"kind":"scroll","url":"http://localhost:3000/","viewport":{"width":1707,"height":917},"payload":{"scrollX":0,"scrollY":4798.22216796875,"documentHeight":8140,"viewportHeight":917}}
[2026-10-02T00:29:08.659Z] {"timestamp":1790900950869,"kind":"scroll","url":"http://localhost:3000/","viewport":{"width":1707,"height":917},"payload":{"scrollX":0,"scrollY":4491.5556640625,"documentHeight":8140,"viewportHeight":917}}
[2026-10-02T00:29:10.649Z] {"timestamp":1790900952287,"kind":"scroll","url":"http://localhost:3000/","viewport":{"width":1707,"height":917},"payload":{"scrollX":0,"scrollY":4452.4443359375,"documentHeight":8140,"viewportHeight":917}}
[2026-10-02T00:29:12.651Z] {"timestamp":1790900953320,"kind":"scroll","url":"http://localhost:3000/","viewport":{"width":1707,"height":917},"payload":{"scrollX":0,"scrollY":4422.22216796875,"documentHeight":8140,"viewportHeight":917}}
[2026-10-02T00:29:12.651Z] {"timestamp":1790900953821,"kind":"scroll","url":"http://localhost:3000/","viewport":{"width":1707,"height":917},"payload":{"scrollX":0,"scrollY":4420.4443359375,"documentHeight":8140,"viewportHeight":917}}
[2026-10-02T00:29:12.651Z] {"timestamp":1790900954336,"kind":"scroll","url":"http://localhost:3000/","viewport":{"width":1707,"height":917},"payload":{"scrollX":0,"scrollY":6060.4443359375,"documentHeight":8140,"viewportHeight":917}}
[2026-10-02T00:29:12.651Z] {"timestamp":1790900954845,"kind":"scroll","url":"http://localhost:3000/","viewport":{"width":1707,"height":917},"payload":{"scrollX":0,"scrollY":7223.111328125,"documentHeight":8140,"viewportHeight":917}}
[2026-10-02T00:29:14.651Z] {"timestamp":1790900955386,"kind":"scroll","url":"http://localhost:3000/","viewport":{"width":1707,"height":917},"payload":{"scrollX":0,"scrollY":7134.22216796875,"documentHeight":8140,"viewportHeight":917}}
[2026-10-02T00:29:14.651Z] {"timestamp":1790900955905,"kind":"scroll","url":"http://localhost:3000/","viewport":{"width":1707,"height":917},"payload":{"scrollX":0,"scrollY":6738.66650390625,"documentHeight":8140,"viewportHeight":917}}
[2026-10-02T00:29:14.651Z] {"timestamp":1790900956841,"kind":"focusin","url":"http://localhost:3000/","viewport":{"width":1707,"height":917},"payload":{"target":{"tag":"video","id":null,"name":null,"type":null,"role":null,"ariaLabel":null,"testId":null,"dataLoc":"client/src/pages/Home.tsx:747","href":null,"text":"Seu navegador não suporta a reprodução de vídeos.","selectorHint":"[data-loc=\"client/src/pages/Home.tsx:747\"]"}}}
[2026-10-02T00:29:16.656Z] {"timestamp":1790900957054,"kind":"click","url":"http://localhost:3000/","viewport":{"width":1707,"height":917},"payload":{"target":{"tag":"video","id":null,"name":null,"type":null,"role":null,"ariaLabel":null,"testId":null,"dataLoc":"client/src/pages/Home.tsx:747","href":null,"text":"Seu navegador não suporta a reprodução de vídeos.","selectorHint":"[data-loc=\"client/src/pages/Home.tsx:747\"]"},"x":963,"y":386}}
[2026-10-02T00:29:26.799Z] {"timestamp":1790900968923,"kind":"scroll","url":"http://localhost:3000/","viewport":{"width":1707,"height":917},"payload":{"scrollX":0,"scrollY":6637.33349609375,"documentHeight":8140,"viewportHeight":917}}
[2026-10-02T00:29:28.650Z] {"timestamp":1790900969455,"kind":"scroll","url":"http://localhost:3000/","viewport":{"width":1707,"height":917},"payload":{"scrollX":0,"scrollY":7063.111328125,"documentHeight":8140,"viewportHeight":917}}
[2026-10-02T00:29:28.650Z] {"timestamp":1790900970291,"kind":"scroll","url":"http://localhost:3000/","viewport":{"width":1707,"height":917},"payload":{"scrollX":0,"scrollY":7168.888671875,"documentHeight":8140,"viewportHeight":917}}
[2026-10-02T00:29:28.650Z] {"timestamp":1790900970823,"kind":"scroll","url":"http://localhost:3000/","viewport":{"width":1707,"height":917},"payload":{"scrollX":0,"scrollY":5817.77783203125,"documentHeight":8140,"viewportHeight":917}}
[2026-10-02T00:29:30.668Z] {"timestamp":1790900971331,"kind":"scroll","url":"http://localhost:3000/","viewport":{"width":1707,"height":917},"payload":{"scrollX":0,"scrollY":4440,"documentHeight":8140,"viewportHeight":917}}
[2026-10-02T00:29:30.668Z] {"timestamp":1790900971853,"kind":"scroll","url":"http://localhost:3000/","viewport":{"width":1707,"height":917},"payload":{"scrollX":0,"scrollY":3461.333251953125,"documentHeight":8140,"viewportHeight":917}}
[2026-10-02T00:29:30.668Z] {"timestamp":1790900972355,"kind":"scroll","url":"http://localhost:3000/","viewport":{"width":1707,"height":917},"payload":{"scrollX":0,"scrollY":2357.333251953125,"documentHeight":8140,"viewportHeight":917}}
[2026-10-02T00:29:30.668Z] {"timestamp":1790900972953,"kind":"scroll","url":"http://localhost:3000/","viewport":{"width":1707,"height":917},"payload":{"scrollX":0,"scrollY":1910.22216796875,"documentHeight":8140,"viewportHeight":917}}
[2026-10-02T00:29:32.672Z] {"timestamp":1790900973466,"kind":"scroll","url":"http://localhost:3000/","viewport":{"width":1707,"height":917},"payload":{"scrollX":0,"scrollY":1582.22216796875,"documentHeight":8140,"viewportHeight":917}}
[2026-10-02T00:29:32.672Z] {"timestamp":1790900973989,"kind":"scroll","url":"http://localhost:3000/","viewport":{"width":1707,"height":917},"payload":{"scrollX":0,"scrollY":1556.4444580078125,"documentHeight":8140,"viewportHeight":917}}
[2026-10-02T00:29:32.672Z] {"timestamp":1790900974736,"kind":"scroll","url":"http://localhost:3000/","viewport":{"width":1707,"height":917},"payload":{"scrollX":0,"scrollY":1452.4444580078125,"documentHeight":8140,"viewportHeight":917}}
[2026-10-02T00:29:34.664Z] {"timestamp":1790900975469,"kind":"scroll","url":"http://localhost:3000/","viewport":{"width":1707,"height":917},"payload":{"scrollX":0,"scrollY":1306.6666259765625,"documentHeight":8140,"viewportHeight":917}}
[2026-10-02T00:29:34.664Z] {"timestamp":1790900975972,"kind":"scroll","url":"http://localhost:3000/","viewport":{"width":1707,"height":917},"payload":{"scrollX":0,"scrollY":1152,"documentHeight":8140,"viewportHeight":917}}
[2026-10-02T00:29:34.664Z] {"timestamp":1790900976505,"kind":"scroll","url":"http://localhost:3000/","viewport":{"width":1707,"height":917},"payload":{"scrollX":0,"scrollY":943.111083984375,"documentHeight":8140,"viewportHeight":917}}
[2026-10-02T00:29:36.653Z] {"timestamp":1790900977017,"kind":"scroll","url":"http://localhost:3000/","viewport":{"width":1707,"height":917},"payload":{"scrollX":0,"scrollY":888,"documentHeight":8140,"viewportHeight":917}}
[2026-10-02T00:29:36.653Z] {"timestamp":1790900977554,"kind":"scroll","url":"http://localhost:3000/","viewport":{"width":1707,"height":917},"payload":{"scrollX":0,"scrollY":1129.77783203125,"documentHeight":8140,"viewportHeight":917}}
[2026-10-02T00:29:36.653Z] {"timestamp":1790900978072,"kind":"scroll","url":"http://localhost:3000/","viewport":{"width":1707,"height":917},"payload":{"scrollX":0,"scrollY":1350.22216796875,"documentHeight":8140,"viewportHeight":917}}
[2026-10-02T00:29:36.653Z] {"timestamp":1790900978652,"kind":"scroll","url":"http://localhost:3000/","viewport":{"width":1707,"height":917},"payload":{"scrollX":0,"scrollY":1470.22216796875,"documentHeight":8140,"viewportHeight":917}}
[2026-10-02T00:29:38.654Z] {"timestamp":1790900979169,"kind":"scroll","url":"http://localhost:3000/","viewport":{"width":1707,"height":917},"payload":{"scrollX":0,"scrollY":2126.22216796875,"documentHeight":8140,"viewportHeight":917}}
[2026-10-02T00:29:38.654Z] {"timestamp":1790900979677,"kind":"scroll","url":"http://localhost:3000/","viewport":{"width":1707,"height":917},"payload":{"scrollX":0,"scrollY":2254.22216796875,"documentHeight":8140,"viewportHeight":917}}
[2026-10-02T00:29:40.653Z] {"timestamp":1790900981519,"kind":"focusout","url":"http://localhost:3000/","viewport":{"width":1707,"height":917},"payload":{"target":{"tag":"video","id":null,"name":null,"type":null,"role":null,"ariaLabel":null,"testId":null,"dataLoc":"client/src/pages/Home.tsx:747","href":null,"text":"Seu navegador não suporta a reprodução de vídeos.","selectorHint":"[data-loc=\"client/src/pages/Home.tsx:747\"]"},"value":null}}
[2026-10-02T00:29:42.660Z] {"timestamp":1790900983855,"kind":"focusin","url":"http://localhost:3000/","viewport":{"width":1707,"height":917},"payload":{"target":{"tag":"video","id":null,"name":null,"type":null,"role":null,"ariaLabel":null,"testId":null,"dataLoc":"client/src/pages/Home.tsx:747","href":null,"text":"Seu navegador não suporta a reprodução de vídeos.","selectorHint":"[data-loc=\"client/src/pages/Home.tsx:747\"]"}}}
[2026-10-02T00:29:42.660Z] {"timestamp":1790900984861,"kind":"focusout","url":"http://localhost:3000/","viewport":{"width":1707,"height":917},"payload":{"target":{"tag":"video","id":null,"name":null,"type":null,"role":null,"ariaLabel":null,"testId":null,"dataLoc":"client/src/pages/Home.tsx:747","href":null,"text":"Seu navegador não suporta a reprodução de vídeos.","selectorHint":"[data-loc=\"client/src/pages/Home.tsx:747\"]"},"value":null}}
[2026-10-02T00:30:00.891Z] {"timestamp":1790901001520,"kind":"focusin","url":"http://localhost:3000/","viewport":{"width":1707,"height":917},"payload":{"target":{"tag":"video","id":null,"name":null,"type":null,"role":null,"ariaLabel":null,"testId":null,"dataLoc":"client/src/pages/Home.tsx:747","href":null,"text":"Seu navegador não suporta a reprodução de vídeos.","selectorHint":"[data-loc=\"client/src/pages/Home.tsx:747\"]"}}}
[2026-10-02T00:30:00.891Z] {"timestamp":1790901002319,"kind":"scroll","url":"http://localhost:3000/","viewport":{"width":1707,"height":917},"payload":{"scrollX":0,"scrollY":2204.4443359375,"documentHeight":8140,"viewportHeight":917}}
[2026-10-02T00:30:00.891Z] {"timestamp":1790901002821,"kind":"scroll","url":"http://localhost:3000/","viewport":{"width":1707,"height":917},"payload":{"scrollX":0,"scrollY":1477.3333740234375,"documentHeight":8140,"viewportHeight":917}}
[2026-10-02T00:30:02.651Z] {"timestamp":1790901003322,"kind":"scroll","url":"http://localhost:3000/","viewport":{"width":1707,"height":917},"payload":{"scrollX":0,"scrollY":1409.77783203125,"documentHeight":8140,"viewportHeight":917}}
[2026-10-02T00:30:02.651Z] {"timestamp":1790901003838,"kind":"scroll","url":"http://localhost:3000/","viewport":{"width":1707,"height":917},"payload":{"scrollX":0,"scrollY":988.4444580078125,"documentHeight":8140,"viewportHeight":917}}
[2026-10-02T00:30:02.651Z] {"timestamp":1790901004502,"kind":"scroll","url":"http://localhost:3000/","viewport":{"width":1707,"height":917},"payload":{"scrollX":0,"scrollY":917.3333129882812,"documentHeight":8140,"viewportHeight":917}}
[2026-10-02T00:30:04.651Z] {"timestamp":1790901006597,"kind":"focusout","url":"http://localhost:3000/","viewport":{"width":1707,"height":917},"payload":{"target":{"tag":"video","id":null,"name":null,"type":null,"role":null,"ariaLabel":null,"testId":null,"dataLoc":"client/src/pages/Home.tsx:747","href":null,"text":"Seu navegador não suporta a reprodução de vídeos.","selectorHint":"[data-loc=\"client/src/pages/Home.tsx:747\"]"},"value":null}}
[2026-10-02T00:30:09.195Z] {"timestamp":1790901009707,"kind":"focusin","url":"http://localhost:3000/","viewport":{"width":1707,"height":917},"payload":{"target":{"tag":"video","id":null,"name":null,"type":null,"role":null,"ariaLabel":null,"testId":null,"dataLoc":"client/src/pages/Home.tsx:747","href":null,"text":"Seu navegador não suporta a reprodução de vídeos.","selectorHint":"[data-loc=\"client/src/pages/Home.tsx:747\"]"}}}
[2026-10-02T00:30:09.195Z] {"timestamp":1790901010934,"kind":"focusout","url":"http://localhost:3000/","viewport":{"width":1707,"height":917},"payload":{"target":{"tag":"video","id":null,"name":null,"type":null,"role":null,"ariaLabel":null,"testId":null,"dataLoc":"client/src/pages/Home.tsx:747","href":null,"text":"Seu navegador não suporta a reprodução de vídeos.","selectorHint":"[data-loc=\"client/src/pages/Home.tsx:747\"]"},"value":null}}
[2026-10-02T00:30:20.859Z] {"timestamp":1790901022689,"kind":"focusin","url":"http://localhost:3000/","viewport":{"width":1707,"height":917},"payload":{"target":{"tag":"video","id":null,"name":null,"type":null,"role":null,"ariaLabel":null,"testId":null,"dataLoc":"client/src/pages/Home.tsx:747","href":null,"text":"Seu navegador não suporta a reprodução de vídeos.","selectorHint":"[data-loc=\"client/src/pages/Home.tsx:747\"]"}}}
[2026-10-02T00:30:22.656Z] {"timestamp":1790901023671,"kind":"scroll","url":"http://localhost:3000/","viewport":{"width":1707,"height":917},"payload":{"scrollX":0,"scrollY":1049.77783203125,"documentHeight":8140,"viewportHeight":917}}
[2026-10-02T00:30:22.656Z] {"timestamp":1790901024186,"kind":"scroll","url":"http://localhost:3000/","viewport":{"width":1707,"height":917},"payload":{"scrollX":0,"scrollY":1488.888916015625,"documentHeight":8140,"viewportHeight":917}}
[2026-10-02T00:30:22.656Z] {"timestamp":1790901024687,"kind":"scroll","url":"http://localhost:3000/","viewport":{"width":1707,"height":917},"payload":{"scrollX":0,"scrollY":2043.5555419921875,"documentHeight":8140,"viewportHeight":917}}
[2026-10-02T00:30:24.653Z] {"timestamp":1790901025187,"kind":"scroll","url":"http://localhost:3000/","viewport":{"width":1707,"height":917},"payload":{"scrollX":0,"scrollY":3083.5556640625,"documentHeight":8140,"viewportHeight":917}}
[2026-10-02T00:30:24.653Z] {"timestamp":1790901025704,"kind":"scroll","url":"http://localhost:3000/","viewport":{"width":1707,"height":917},"payload":{"scrollX":0,"scrollY":4440,"documentHeight":8140,"viewportHeight":917}}
[2026-10-02T00:30:24.653Z] {"timestamp":1790901026236,"kind":"scroll","url":"http://localhost:3000/","viewport":{"width":1707,"height":917},"payload":{"scrollX":0,"scrollY":5743.111328125,"documentHeight":8140,"viewportHeight":917}}
[2026-10-02T00:30:24.653Z] {"timestamp":1790901026777,"kind":"scroll","url":"http://localhost:3000/","viewport":{"width":1707,"height":917},"payload":{"scrollX":0,"scrollY":6248.888671875,"documentHeight":8140,"viewportHeight":917}}
[2026-10-02T00:30:26.653Z] {"timestamp":1790901027303,"kind":"scroll","url":"http://localhost:3000/","viewport":{"width":1707,"height":917},"payload":{"scrollX":0,"scrollY":5819.5556640625,"documentHeight":8140,"viewportHeight":917}}
[2026-10-02T00:30:26.653Z] {"timestamp":1790901028003,"kind":"scroll","url":"http://localhost:3000/","viewport":{"width":1707,"height":917},"payload":{"scrollX":0,"scrollY":5832,"documentHeight":8140,"viewportHeight":917}}
[2026-10-02T00:30:26.653Z] {"timestamp":1790901028520,"kind":"scroll","url":"http://localhost:3000/","viewport":{"width":1707,"height":917},"payload":{"scrollX":0,"scrollY":6145.77783203125,"documentHeight":8140,"viewportHeight":917}}
[2026-10-02T00:30:28.654Z] {"timestamp":1790901029071,"kind":"scroll","url":"http://localhost:3000/","viewport":{"width":1707,"height":917},"payload":{"scrollX":0,"scrollY":6213.33349609375,"documentHeight":8140,"viewportHeight":917}}
[2026-10-02T00:30:28.654Z] {"timestamp":1790901029621,"kind":"scroll","url":"http://localhost:3000/","viewport":{"width":1707,"height":917},"payload":{"scrollX":0,"scrollY":7147.5556640625,"documentHeight":8140,"viewportHeight":917}}
[2026-10-02T00:30:28.654Z] {"timestamp":1790901030238,"kind":"scroll","url":"http://localhost:3000/","viewport":{"width":1707,"height":917},"payload":{"scrollX":0,"scrollY":7216.888671875,"documentHeight":8140,"viewportHeight":917}}
[2026-10-02T00:30:28.654Z] {"timestamp":1790901030768,"kind":"scroll","url":"http://localhost:3000/","viewport":{"width":1707,"height":917},"payload":{"scrollX":0,"scrollY":3488.888916015625,"documentHeight":8140,"viewportHeight":917}}
[2026-10-02T00:30:30.651Z] {"timestamp":1790901031270,"kind":"scroll","url":"http://localhost:3000/","viewport":{"width":1707,"height":917},"payload":{"scrollX":0,"scrollY":2366.22216796875,"documentHeight":8140,"viewportHeight":917}}
[2026-10-02T00:30:30.651Z] {"timestamp":1790901031771,"kind":"scroll","url":"http://localhost:3000/","viewport":{"width":1707,"height":917},"payload":{"scrollX":0,"scrollY":1472,"documentHeight":8140,"viewportHeight":917}}
[2026-10-02T00:30:30.651Z] {"timestamp":1790901032303,"kind":"scroll","url":"http://localhost:3000/","viewport":{"width":1707,"height":917},"payload":{"scrollX":0,"scrollY":1425.77783203125,"documentHeight":8140,"viewportHeight":917}}
[2026-10-02T00:30:30.651Z] {"timestamp":1790901032803,"kind":"scroll","url":"http://localhost:3000/","viewport":{"width":1707,"height":917},"payload":{"scrollX":0,"scrollY":1342.22216796875,"documentHeight":8140,"viewportHeight":917}}
[2026-10-02T00:30:32.660Z] {"timestamp":1790901033304,"kind":"scroll","url":"http://localhost:3000/","viewport":{"width":1707,"height":917},"payload":{"scrollX":0,"scrollY":1200,"documentHeight":8140,"viewportHeight":917}}
[2026-10-02T00:30:32.660Z] {"timestamp":1790901033805,"kind":"scroll","url":"http://localhost:3000/","viewport":{"width":1707,"height":917},"payload":{"scrollX":0,"scrollY":1139.5555419921875,"documentHeight":8140,"viewportHeight":917}}
[2026-10-02T00:30:32.660Z] {"timestamp":1790901034331,"kind":"scroll","url":"http://localhost:3000/","viewport":{"width":1707,"height":917},"payload":{"scrollX":0,"scrollY":1105.77783203125,"documentHeight":8140,"viewportHeight":917}}
[2026-10-02T00:31:09.299Z] {"timestamp":1790901070087,"kind":"focusout","url":"http://localhost:3000/","viewport":{"width":1707,"height":917},"payload":{"target":{"tag":"video","id":null,"name":null,"type":null,"role":null,"ariaLabel":null,"testId":null,"dataLoc":"client/src/pages/Home.tsx:747","href":null,"text":"Seu navegador não suporta a reprodução de vídeos.","selectorHint":"[data-loc=\"client/src/pages/Home.tsx:747\"]"},"value":null}}
[2026-10-02T00:32:58.806Z] {"timestamp":1790901179070,"kind":"focusin","url":"http://localhost:3000/","viewport":{"width":1707,"height":917},"payload":{"target":{"tag":"video","id":null,"name":null,"type":null,"role":null,"ariaLabel":null,"testId":null,"dataLoc":"client/src/pages/Home.tsx:747","href":null,"text":"Seu navegador não suporta a reprodução de vídeos.","selectorHint":"[data-loc=\"client/src/pages/Home.tsx:747\"]"}}}
[2026-10-02T00:33:01.180Z] {"timestamp":1790901181093,"kind":"focusout","url":"http://localhost:3000/","viewport":{"width":1707,"height":917},"payload":{"target":{"tag":"video","id":null,"name":null,"type":null,"role":null,"ariaLabel":null,"testId":null,"dataLoc":"client/src/pages/Home.tsx:747","href":null,"text":"Seu navegador não suporta a reprodução de vídeos.","selectorHint":"[data-loc=\"client/src/pages/Home.tsx:747\"]"},"value":null}}
[2026-10-02T00:33:40.659Z] {"timestamp":1790901222494,"kind":"focusin","url":"http://localhost:3000/","viewport":{"width":1707,"height":917},"payload":{"target":{"tag":"video","id":null,"name":null,"type":null,"role":null,"ariaLabel":null,"testId":null,"dataLoc":"client/src/pages/Home.tsx:748","href":null,"text":"Seu navegador não suporta a reprodução de vídeos.","selectorHint":"[data-loc=\"client/src/pages/Home.tsx:748\"]"}}}
[2026-10-02T00:33:40.659Z] {"timestamp":1790901222495,"kind":"scroll","url":"http://localhost:3000/","viewport":{"width":1707,"height":917},"payload":{"scrollX":0,"scrollY":1109.3333740234375,"documentHeight":8254,"viewportHeight":917}}
[2026-10-02T00:33:42.660Z] {"timestamp":1790901223785,"kind":"scroll","url":"http://localhost:3000/","viewport":{"width":1707,"height":917},"payload":{"scrollX":0,"scrollY":1056,"documentHeight":8254,"viewportHeight":917}}
[2026-10-02T00:33:42.660Z] {"timestamp":1790901224320,"kind":"scroll","url":"http://localhost:3000/","viewport":{"width":1707,"height":917},"payload":{"scrollX":0,"scrollY":377.77777099609375,"documentHeight":8254,"viewportHeight":917}}
[2026-10-02T00:33:42.660Z] {"timestamp":1790901224837,"kind":"scroll","url":"http://localhost:3000/","viewport":{"width":1707,"height":917},"payload":{"scrollX":0,"scrollY":1049.77783203125,"documentHeight":8254,"viewportHeight":917}}
[2026-10-02T00:33:44.655Z] {"timestamp":1790901225517,"kind":"scroll","url":"http://localhost:3000/","viewport":{"width":1707,"height":917},"payload":{"scrollX":0,"scrollY":1453.3333740234375,"documentHeight":8254,"viewportHeight":917}}
[2026-10-02T00:33:44.655Z] {"timestamp":1790901226117,"kind":"scroll","url":"http://localhost:3000/","viewport":{"width":1707,"height":917},"payload":{"scrollX":0,"scrollY":1986.6666259765625,"documentHeight":8254,"viewportHeight":917}}
[2026-10-02T00:33:44.655Z] {"timestamp":1790901226750,"kind":"scroll","url":"http://localhost:3000/","viewport":{"width":1707,"height":917},"payload":{"scrollX":0,"scrollY":2022.22216796875,"documentHeight":8254,"viewportHeight":917}}
[2026-10-02T00:33:46.651Z] {"timestamp":1790901227329,"kind":"scroll","url":"http://localhost:3000/","viewport":{"width":1707,"height":917},"payload":{"scrollX":0,"scrollY":2238.22216796875,"documentHeight":8254,"viewportHeight":917}}
[2026-10-02T00:33:46.651Z] {"timestamp":1790901228383,"kind":"scroll","url":"http://localhost:3000/","viewport":{"width":1707,"height":917},"payload":{"scrollX":0,"scrollY":2243.5556640625,"documentHeight":8254,"viewportHeight":917}}
[2026-10-02T00:33:48.656Z] {"timestamp":1790901228969,"kind":"scroll","url":"http://localhost:3000/","viewport":{"width":1707,"height":917},"payload":{"scrollX":0,"scrollY":2738.666748046875,"documentHeight":8254,"viewportHeight":917}}
[2026-10-02T00:33:48.657Z] {"timestamp":1790901229485,"kind":"scroll","url":"http://localhost:3000/","viewport":{"width":1707,"height":917},"payload":{"scrollX":0,"scrollY":3667.5556640625,"documentHeight":8254,"viewportHeight":917}}
[2026-10-02T00:33:48.657Z] {"timestamp":1790901230001,"kind":"scroll","url":"http://localhost:3000/","viewport":{"width":1707,"height":917},"payload":{"scrollX":0,"scrollY":2626.666748046875,"documentHeight":8254,"viewportHeight":917}}
[2026-10-02T00:33:50.653Z] {"timestamp":1790901232033,"kind":"scroll","url":"http://localhost:3000/","viewport":{"width":1707,"height":917},"payload":{"scrollX":0,"scrollY":3171.5556640625,"documentHeight":8254,"viewportHeight":917}}
[2026-10-02T00:33:52.657Z] {"timestamp":1790901234318,"kind":"scroll","url":"http://localhost:3000/","viewport":{"width":1707,"height":917},"payload":{"scrollX":0,"scrollY":3159.111083984375,"documentHeight":8254,"viewportHeight":917}}
[2026-10-02T00:33:52.657Z] {"timestamp":1790901234818,"kind":"scroll","url":"http://localhost:3000/","viewport":{"width":1707,"height":917},"payload":{"scrollX":0,"scrollY":3494.22216796875,"documentHeight":8254,"viewportHeight":917}}
[2026-10-02T00:33:54.651Z] {"timestamp":1790901235351,"kind":"scroll","url":"http://localhost:3000/","viewport":{"width":1707,"height":917},"payload":{"scrollX":0,"scrollY":4493.33349609375,"documentHeight":8254,"viewportHeight":917}}
[2026-10-02T00:34:02.866Z] {"timestamp":1790901243068,"kind":"scroll","url":"http://localhost:3000/","viewport":{"width":1707,"height":917},"payload":{"scrollX":0,"scrollY":4516.4443359375,"documentHeight":8254,"viewportHeight":917}}
[2026-10-02T00:34:02.866Z] {"timestamp":1790901243600,"kind":"scroll","url":"http://localhost:3000/","viewport":{"width":1707,"height":917},"payload":{"scrollX":0,"scrollY":4543.111328125,"documentHeight":8254,"viewportHeight":917}}
[2026-10-02T00:34:02.866Z] {"timestamp":1790901244103,"kind":"scroll","url":"http://localhost:3000/","viewport":{"width":1707,"height":917},"payload":{"scrollX":0,"scrollY":4436.4443359375,"documentHeight":8254,"viewportHeight":917}}
[2026-10-02T00:34:02.866Z] {"timestamp":1790901244733,"kind":"scroll","url":"http://localhost:3000/","viewport":{"width":1707,"height":917},"payload":{"scrollX":0,"scrollY":4394.66650390625,"documentHeight":8254,"viewportHeight":917}}
[2026-10-02T00:34:04.651Z] {"timestamp":1790901245251,"kind":"scroll","url":"http://localhost:3000/","viewport":{"width":1707,"height":917},"payload":{"scrollX":0,"scrollY":4057.77783203125,"documentHeight":8254,"viewportHeight":917}}
[2026-10-02T00:34:04.651Z] {"timestamp":1790901245805,"kind":"scroll","url":"http://localhost:3000/","viewport":{"width":1707,"height":917},"payload":{"scrollX":0,"scrollY":2684.4443359375,"documentHeight":8254,"viewportHeight":917}}
[2026-10-02T00:34:04.651Z] {"timestamp":1790901246318,"kind":"scroll","url":"http://localhost:3000/","viewport":{"width":1707,"height":917},"payload":{"scrollX":0,"scrollY":2576.888916015625,"documentHeight":8254,"viewportHeight":917}}
[2026-10-02T00:34:04.651Z] {"timestamp":1790901246849,"kind":"scroll","url":"http://localhost:3000/","viewport":{"width":1707,"height":917},"payload":{"scrollX":0,"scrollY":4405.33349609375,"documentHeight":8254,"viewportHeight":917}}
[2026-10-02T00:34:06.653Z] {"timestamp":1790901247802,"kind":"scroll","url":"http://localhost:3000/","viewport":{"width":1707,"height":917},"payload":{"scrollX":0,"scrollY":4425.77783203125,"documentHeight":8254,"viewportHeight":917}}
[2026-10-02T00:34:06.653Z] {"timestamp":1790901248318,"kind":"scroll","url":"http://localhost:3000/","viewport":{"width":1707,"height":917},"payload":{"scrollX":0,"scrollY":3256,"documentHeight":8254,"viewportHeight":917}}
[2026-10-02T00:34:06.653Z] {"timestamp":1790901248833,"kind":"scroll","url":"http://localhost:3000/","viewport":{"width":1707,"height":917},"payload":{"scrollX":0,"scrollY":2480.888916015625,"documentHeight":8254,"viewportHeight":917}}
[2026-10-02T00:34:08.652Z] {"timestamp":1790901249368,"kind":"scroll","url":"http://localhost:3000/","viewport":{"width":1707,"height":917},"payload":{"scrollX":0,"scrollY":2070.22216796875,"documentHeight":8254,"viewportHeight":917}}
[2026-10-02T00:34:08.652Z] {"timestamp":1790901249901,"kind":"scroll","url":"http://localhost:3000/","viewport":{"width":1707,"height":917},"payload":{"scrollX":0,"scrollY":712,"documentHeight":8254,"viewportHeight":917}}
[2026-10-02T00:34:08.652Z] {"timestamp":1790901250433,"kind":"scroll","url":"http://localhost:3000/","viewport":{"width":1707,"height":917},"payload":{"scrollX":0,"scrollY":56,"documentHeight":8254,"viewportHeight":917}}
[2026-10-02T00:34:10.654Z] {"timestamp":1790901250968,"kind":"scroll","url":"http://localhost:3000/","viewport":{"width":1707,"height":917},"payload":{"scrollX":0,"scrollY":62.22222137451172,"documentHeight":8254,"viewportHeight":917}}
[2026-10-02T00:34:10.654Z] {"timestamp":1790901251483,"kind":"scroll","url":"http://localhost:3000/","viewport":{"width":1707,"height":917},"payload":{"scrollX":0,"scrollY":755.5555419921875,"documentHeight":8254,"viewportHeight":917}}
[2026-10-02T00:34:17.305Z] {"timestamp":1790901258008,"kind":"focusout","url":"http://localhost:3000/","viewport":{"width":1707,"height":917},"payload":{"target":{"tag":"video","id":null,"name":null,"type":null,"role":null,"ariaLabel":null,"testId":null,"dataLoc":"client/src/pages/Home.tsx:748","href":null,"text":"Seu navegador não suporta a reprodução de vídeos.","selectorHint":"[data-loc=\"client/src/pages/Home.tsx:748\"]"},"value":null}}
[2026-10-02T00:38:08.833Z] {"timestamp":1790901488890,"kind":"focusin","url":"http://localhost:3000/","viewport":{"width":1707,"height":917},"payload":{"target":{"tag":"video","id":null,"name":null,"type":null,"role":null,"ariaLabel":null,"testId":null,"dataLoc":"client/src/pages/Home.tsx:748","href":null,"text":"Seu navegador não suporta a reprodução de vídeos.","selectorHint":"[data-loc=\"client/src/pages/Home.tsx:748\"]"}}}
[2026-10-02T00:38:11.148Z] {"timestamp":1790901492067,"kind":"focusout","url":"http://localhost:3000/","viewport":{"width":1707,"height":917},"payload":{"target":{"tag":"video","id":null,"name":null,"type":null,"role":null,"ariaLabel":null,"testId":null,"dataLoc":"client/src/pages/Home.tsx:748","href":null,"text":"Seu navegador não suporta a reprodução de vídeos.","selectorHint":"[data-loc=\"client/src/pages/Home.tsx:748\"]"},"value":null}}
[2026-10-02T00:39:54.653Z] {"timestamp":1790901594896,"kind":"focusin","url":"http://localhost:3000/","viewport":{"width":1707,"height":917},"payload":{"target":{"tag":"video","id":null,"name":null,"type":null,"role":null,"ariaLabel":null,"testId":null,"dataLoc":"client/src/pages/Home.tsx:748","href":null,"text":"Seu navegador não suporta a reprodução de vídeos.","selectorHint":"[data-loc=\"client/src/pages/Home.tsx:748\"]"}}}
[2026-10-02T00:40:01.374Z] {"timestamp":1790901601969,"kind":"focusout","url":"http://localhost:3000/","viewport":{"width":1707,"height":917},"payload":{"target":{"tag":"video","id":null,"name":null,"type":null,"role":null,"ariaLabel":null,"testId":null,"dataLoc":"client/src/pages/Home.tsx:748","href":null,"text":"Seu navegador não suporta a reprodução de vídeos.","selectorHint":"[data-loc=\"client/src/pages/Home.tsx:748\"]"},"value":null}}
[2026-10-02T00:41:30.811Z] {"timestamp":1790901691096,"kind":"focusin","url":"http://localhost:3000/","viewport":{"width":1707,"height":917},"payload":{"target":{"tag":"video","id":null,"name":null,"type":null,"role":null,"ariaLabel":null,"testId":null,"dataLoc":"client/src/pages/Home.tsx:748","href":null,"text":"Seu navegador não suporta a reprodução de vídeos.","selectorHint":"[data-loc=\"client/src/pages/Home.tsx:748\"]"}}}
[2026-10-02T00:41:30.811Z] {"timestamp":1790901692394,"kind":"scroll","url":"http://localhost:3000/","viewport":{"width":1707,"height":917},"payload":{"scrollX":0,"scrollY":823.111083984375,"documentHeight":8254,"viewportHeight":917}}
[2026-10-02T00:41:30.811Z] {"timestamp":1790901692912,"kind":"scroll","url":"http://localhost:3000/","viewport":{"width":1707,"height":917},"payload":{"scrollX":0,"scrollY":587.5555419921875,"documentHeight":8254,"viewportHeight":917}}
[2026-10-02T00:41:32.657Z] {"timestamp":1790901694796,"kind":"scroll","url":"http://localhost:3000/","viewport":{"width":1707,"height":917},"payload":{"scrollX":0,"scrollY":8.88888931274414,"documentHeight":8254,"viewportHeight":917}}
[2026-10-02T00:41:34.651Z] {"timestamp":1790901695328,"kind":"scroll","url":"http://localhost:3000/","viewport":{"width":1707,"height":917},"payload":{"scrollX":0,"scrollY":328.8888854980469,"documentHeight":8254,"viewportHeight":917}}
[2026-10-02T00:41:34.651Z] {"timestamp":1790901695998,"kind":"scroll","url":"http://localhost:3000/","viewport":{"width":1707,"height":917},"payload":{"scrollX":0,"scrollY":745.7777709960938,"documentHeight":8254,"viewportHeight":917}}
[2026-10-02T00:41:34.651Z] {"timestamp":1790901696645,"kind":"scroll","url":"http://localhost:3000/","viewport":{"width":1707,"height":917},"payload":{"scrollX":0,"scrollY":849.7777709960938,"documentHeight":8254,"viewportHeight":917}}
[2026-10-02T00:41:36.656Z] {"timestamp":1790901697147,"kind":"scroll","url":"http://localhost:3000/","viewport":{"width":1707,"height":917},"payload":{"scrollX":0,"scrollY":940.4444580078125,"documentHeight":8254,"viewportHeight":917}}
[2026-10-02T00:41:36.656Z] {"timestamp":1790901697647,"kind":"scroll","url":"http://localhost:3000/","viewport":{"width":1707,"height":917},"payload":{"scrollX":0,"scrollY":1138.6666259765625,"documentHeight":8254,"viewportHeight":917}}
[2026-10-02T00:41:36.656Z] {"timestamp":1790901698180,"kind":"scroll","url":"http://localhost:3000/","viewport":{"width":1707,"height":917},"payload":{"scrollX":0,"scrollY":1591.111083984375,"documentHeight":8254,"viewportHeight":917}}
[2026-10-02T00:41:40.656Z] {"timestamp":1790901701494,"kind":"scroll","url":"http://localhost:3000/","viewport":{"width":1707,"height":917},"payload":{"scrollX":0,"scrollY":1627.5555419921875,"documentHeight":8254,"viewportHeight":917}}
[2026-10-02T00:41:40.656Z] {"timestamp":1790901702013,"kind":"scroll","url":"http://localhost:3000/","viewport":{"width":1707,"height":917},"payload":{"scrollX":0,"scrollY":1689.77783203125,"documentHeight":8254,"viewportHeight":917}}
[2026-10-02T00:41:40.656Z] {"timestamp":1790901702544,"kind":"scroll","url":"http://localhost:3000/","viewport":{"width":1707,"height":917},"payload":{"scrollX":0,"scrollY":1697.77783203125,"documentHeight":8254,"viewportHeight":917}}
[2026-10-02T00:41:44.653Z] {"timestamp":1790901706913,"kind":"scroll","url":"http://localhost:3000/","viewport":{"width":1707,"height":917},"payload":{"scrollX":0,"scrollY":1696.888916015625,"documentHeight":8254,"viewportHeight":917}}
[2026-10-02T00:41:46.648Z] {"timestamp":1790901707546,"kind":"scroll","url":"http://localhost:3000/","viewport":{"width":1707,"height":917},"payload":{"scrollX":0,"scrollY":1694.22216796875,"documentHeight":8254,"viewportHeight":917}}
[2026-10-02T00:41:48.650Z] {"timestamp":1790901709294,"kind":"scroll","url":"http://localhost:3000/","viewport":{"width":1707,"height":917},"payload":{"scrollX":0,"scrollY":1723.5555419921875,"documentHeight":8254,"viewportHeight":917}}
[2026-10-02T00:41:48.650Z] {"timestamp":1790901709810,"kind":"scroll","url":"http://localhost:3000/","viewport":{"width":1707,"height":917},"payload":{"scrollX":0,"scrollY":1949.3333740234375,"documentHeight":8254,"viewportHeight":917}}
[2026-10-02T00:41:48.650Z] {"timestamp":1790901710311,"kind":"scroll","url":"http://localhost:3000/","viewport":{"width":1707,"height":917},"payload":{"scrollX":0,"scrollY":2084.4443359375,"documentHeight":8254,"viewportHeight":917}}
[2026-10-02T00:41:48.650Z] {"timestamp":1790901710811,"kind":"scroll","url":"http://localhost:3000/","viewport":{"width":1707,"height":917},"payload":{"scrollX":0,"scrollY":2147.5556640625,"documentHeight":8254,"viewportHeight":917}}
[2026-10-02T00:41:50.653Z] {"timestamp":1790901711426,"kind":"scroll","url":"http://localhost:3000/","viewport":{"width":1707,"height":917},"payload":{"scrollX":0,"scrollY":2187.5556640625,"documentHeight":8254,"viewportHeight":917}}
[2026-10-02T00:41:50.653Z] {"timestamp":1790901711944,"kind":"scroll","url":"http://localhost:3000/","viewport":{"width":1707,"height":917},"payload":{"scrollX":0,"scrollY":2316.4443359375,"documentHeight":8254,"viewportHeight":917}}
[2026-10-02T00:41:50.653Z] {"timestamp":1790901712561,"kind":"scroll","url":"http://localhost:3000/","viewport":{"width":1707,"height":917},"payload":{"scrollX":0,"scrollY":2336.888916015625,"documentHeight":8254,"viewportHeight":917}}
[2026-10-02T00:41:54.658Z] {"timestamp":1790901716162,"kind":"scroll","url":"http://localhost:3000/","viewport":{"width":1707,"height":917},"payload":{"scrollX":0,"scrollY":2489.77783203125,"documentHeight":8254,"viewportHeight":917}}
[2026-10-02T00:41:54.658Z] {"timestamp":1790901716846,"kind":"scroll","url":"http://localhost:3000/","viewport":{"width":1707,"height":917},"payload":{"scrollX":0,"scrollY":2959.111083984375,"documentHeight":8254,"viewportHeight":917}}
[2026-10-02T00:41:56.650Z] {"timestamp":1790901717545,"kind":"scroll","url":"http://localhost:3000/","viewport":{"width":1707,"height":917},"payload":{"scrollX":0,"scrollY":3075.5556640625,"documentHeight":8254,"viewportHeight":917}}
[2026-10-02T00:41:56.650Z] {"timestamp":1790901718549,"kind":"focusout","url":"http://localhost:3000/","viewport":{"width":1707,"height":917},"payload":{"target":{"tag":"video","id":null,"name":null,"type":null,"role":null,"ariaLabel":null,"testId":null,"dataLoc":"client/src/pages/Home.tsx:748","href":null,"text":"Seu navegador não suporta a reprodução de vídeos.","selectorHint":"[data-loc=\"client/src/pages/Home.tsx:748\"]"},"value":null}}
[2026-10-02T00:41:56.650Z] {"timestamp":1790901718761,"kind":"click","url":"http://localhost:3000/","viewport":{"width":1707,"height":917},"payload":{"target":{"tag":"span","id":null,"name":null,"type":null,"role":null,"ariaLabel":null,"testId":null,"dataLoc":"client/src/pages/Home.tsx:387","href":null,"text":"Intercompany","selectorHint":"[data-loc=\"client/src/pages/Home.tsx:387\"]"},"x":600,"y":258}}
[2026-10-02T00:42:00.655Z] {"timestamp":1790901721460,"kind":"scroll","url":"http://localhost:3000/","viewport":{"width":1707,"height":917},"payload":{"scrollX":0,"scrollY":3050.666748046875,"documentHeight":8254,"viewportHeight":917}}
[2026-10-02T00:42:00.655Z] {"timestamp":1790901721993,"kind":"scroll","url":"http://localhost:3000/","viewport":{"width":1707,"height":917},"payload":{"scrollX":0,"scrollY":3007.111083984375,"documentHeight":8254,"viewportHeight":917}}
[2026-10-02T00:42:00.655Z] {"timestamp":1790901722494,"kind":"scroll","url":"http://localhost:3000/","viewport":{"width":1707,"height":917},"payload":{"scrollX":0,"scrollY":2807.111083984375,"documentHeight":8254,"viewportHeight":917}}
[2026-10-02T00:42:02.658Z] {"timestamp":1790901723007,"kind":"scroll","url":"http://localhost:3000/","viewport":{"width":1707,"height":917},"payload":{"scrollX":0,"scrollY":2046.22216796875,"documentHeight":8254,"viewportHeight":917}}
[2026-10-02T00:42:02.658Z] {"timestamp":1790901723546,"kind":"scroll","url":"http://localhost:3000/","viewport":{"width":1707,"height":917},"payload":{"scrollX":0,"scrollY":133.3333282470703,"documentHeight":8254,"viewportHeight":917}}
[2026-10-02T00:42:02.658Z] {"timestamp":1790901724382,"kind":"scroll","url":"http://localhost:3000/","viewport":{"width":1707,"height":917},"payload":{"scrollX":0,"scrollY":98.66666412353516,"documentHeight":8254,"viewportHeight":917}}
[2026-10-02T00:42:02.658Z] {"timestamp":1790901724946,"kind":"scroll","url":"http://localhost:3000/","viewport":{"width":1707,"height":917},"payload":{"scrollX":0,"scrollY":1444.4444580078125,"documentHeight":8254,"viewportHeight":917}}
[2026-10-02T00:42:04.680Z] {"timestamp":1790901725482,"kind":"scroll","url":"http://localhost:3000/","viewport":{"width":1707,"height":917},"payload":{"scrollX":0,"scrollY":2813.333251953125,"documentHeight":8254,"viewportHeight":917}}
[2026-10-02T00:42:04.680Z] {"timestamp":1790901726030,"kind":"scroll","url":"http://localhost:3000/","viewport":{"width":1707,"height":917},"payload":{"scrollX":0,"scrollY":5621.33349609375,"documentHeight":8254,"viewportHeight":917}}
[2026-10-02T00:42:04.680Z] {"timestamp":1790901726530,"kind":"scroll","url":"http://localhost:3000/","viewport":{"width":1707,"height":917},"payload":{"scrollX":0,"scrollY":5888.888671875,"documentHeight":8254,"viewportHeight":917}}
[2026-10-02T00:42:06.672Z] {"timestamp":1790901727097,"kind":"scroll","url":"http://localhost:3000/","viewport":{"width":1707,"height":917},"payload":{"scrollX":0,"scrollY":7300.4443359375,"documentHeight":8254,"viewportHeight":917}}
[2026-10-02T00:42:06.672Z] {"timestamp":1790901728031,"kind":"scroll","url":"http://localhost:3000/","viewport":{"width":1707,"height":917},"payload":{"scrollX":0,"scrollY":7312,"documentHeight":8254,"viewportHeight":917}}
[2026-10-02T00:42:06.672Z] {"timestamp":1790901728565,"kind":"scroll","url":"http://localhost:3000/","viewport":{"width":1707,"height":917},"payload":{"scrollX":0,"scrollY":6679.111328125,"documentHeight":8254,"viewportHeight":917}}
[2026-10-02T00:42:08.672Z] {"timestamp":1790901729096,"kind":"scroll","url":"http://localhost:3000/","viewport":{"width":1707,"height":917},"payload":{"scrollX":0,"scrollY":5894.22216796875,"documentHeight":8254,"viewportHeight":917}}
[2026-10-02T00:42:08.672Z] {"timestamp":1790901729762,"kind":"scroll","url":"http://localhost:3000/","viewport":{"width":1707,"height":917},"payload":{"scrollX":0,"scrollY":5625.77783203125,"documentHeight":8254,"viewportHeight":917}}
[2026-10-02T00:42:08.672Z] {"timestamp":1790901730262,"kind":"scroll","url":"http://localhost:3000/","viewport":{"width":1707,"height":917},"payload":{"scrollX":0,"scrollY":6632,"documentHeight":8254,"viewportHeight":917}}
[2026-10-02T00:42:08.672Z] {"timestamp":1790901730795,"kind":"scroll","url":"http://localhost:3000/","viewport":{"width":1707,"height":917},"payload":{"scrollX":0,"scrollY":6479.111328125,"documentHeight":8254,"viewportHeight":917}}
[2026-10-02T00:42:10.657Z] {"timestamp":1790901731363,"kind":"scroll","url":"http://localhost:3000/","viewport":{"width":1707,"height":917},"payload":{"scrollX":0,"scrollY":6202.66650390625,"documentHeight":8254,"viewportHeight":917}}
[2026-10-02T00:42:10.657Z] {"timestamp":1790901731895,"kind":"scroll","url":"http://localhost:3000/","viewport":{"width":1707,"height":917},"payload":{"scrollX":0,"scrollY":6155.5556640625,"documentHeight":8254,"viewportHeight":917}}
[2026-10-02T00:42:10.657Z] {"timestamp":1790901732430,"kind":"scroll","url":"http://localhost:3000/","viewport":{"width":1707,"height":917},"payload":{"scrollX":0,"scrollY":6105.77783203125,"documentHeight":8254,"viewportHeight":917}}
[2026-10-02T00:42:12.667Z] {"timestamp":1790901733764,"kind":"scroll","url":"http://localhost:3000/","viewport":{"width":1707,"height":917},"payload":{"scrollX":0,"scrollY":6102.22216796875,"documentHeight":8254,"viewportHeight":917}}
[2026-10-02T00:42:12.667Z] {"timestamp":1790901734277,"kind":"scroll","url":"http://localhost:3000/","viewport":{"width":1707,"height":917},"payload":{"scrollX":0,"scrollY":6085.33349609375,"documentHeight":8254,"viewportHeight":917}}
[2026-10-02T00:42:12.667Z] {"timestamp":1790901734794,"kind":"scroll","url":"http://localhost:3000/","viewport":{"width":1707,"height":917},"payload":{"scrollX":0,"scrollY":6027.5556640625,"documentHeight":8254,"viewportHeight":917}}
[2026-10-02T00:42:56.653Z] {"timestamp":1790901778513,"kind":"scroll","url":"http://localhost:3000/","viewport":{"width":1707,"height":917},"payload":{"scrollX":0,"scrollY":5973.33349609375,"documentHeight":8099,"viewportHeight":917}}
[2026-10-02T00:43:00.665Z] {"timestamp":1790901781978,"kind":"scroll","url":"http://localhost:3000/","viewport":{"width":1707,"height":917},"payload":{"scrollX":0,"scrollY":5829.33349609375,"documentHeight":8099,"viewportHeight":917}}
[2026-10-02T00:43:28.668Z] {"timestamp":1790901810794,"kind":"scroll","url":"http://localhost:3000/","viewport":{"width":1707,"height":917},"payload":{"scrollX":0,"scrollY":5860.4443359375,"documentHeight":8105,"viewportHeight":917}}
[2026-10-02T00:43:30.661Z] {"timestamp":1790901811294,"kind":"scroll","url":"http://localhost:3000/","viewport":{"width":1707,"height":917},"payload":{"scrollX":0,"scrollY":5949.33349609375,"documentHeight":8105,"viewportHeight":917}}
[2026-10-02T00:43:44.670Z] {"timestamp":1790901826960,"kind":"scroll","url":"http://localhost:3000/","viewport":{"width":1707,"height":917},"payload":{"scrollX":0,"scrollY":5928.888671875,"documentHeight":8105,"viewportHeight":917}}
[2026-10-02T00:43:46.655Z] {"timestamp":1790901827794,"kind":"scroll","url":"http://localhost:3000/","viewport":{"width":1707,"height":917},"payload":{"scrollX":0,"scrollY":5860.4443359375,"documentHeight":8105,"viewportHeight":917}}
[2026-10-02T00:43:46.655Z] {"timestamp":1790901828345,"kind":"scroll","url":"http://localhost:3000/","viewport":{"width":1707,"height":917},"payload":{"scrollX":0,"scrollY":5938.66650390625,"documentHeight":8105,"viewportHeight":917}}
[2026-10-02T00:43:48.651Z] {"timestamp":1790901829092,"kind":"scroll","url":"http://localhost:3000/","viewport":{"width":1707,"height":917},"payload":{"scrollX":0,"scrollY":6016,"documentHeight":8105,"viewportHeight":917}}
[2026-10-02T00:43:48.651Z] {"timestamp":1790901830463,"kind":"scroll","url":"http://localhost:3000/","viewport":{"width":1707,"height":917},"payload":{"scrollX":0,"scrollY":5947.5556640625,"documentHeight":8105,"viewportHeight":917}}
[2026-10-02T00:43:50.651Z] {"timestamp":1790901831095,"kind":"scroll","url":"http://localhost:3000/","viewport":{"width":1707,"height":917},"payload":{"scrollX":0,"scrollY":5923.5556640625,"documentHeight":8105,"viewportHeight":917}}
[2026-10-02T00:43:50.651Z] {"timestamp":1790901831763,"kind":"scroll","url":"http://localhost:3000/","viewport":{"width":1707,"height":917},"payload":{"scrollX":0,"scrollY":5874.66650390625,"documentHeight":8105,"viewportHeight":917}}
[2026-10-02T00:43:50.651Z] {"timestamp":1790901832263,"kind":"scroll","url":"http://localhost:3000/","viewport":{"width":1707,"height":917},"payload":{"scrollX":0,"scrollY":5770.66650390625,"documentHeight":8105,"viewportHeight":917}}
[2026-10-02T00:43:52.654Z] {"timestamp":1790901833993,"kind":"scroll","url":"http://localhost:3000/","viewport":{"width":1707,"height":917},"payload":{"scrollX":0,"scrollY":5716.4443359375,"documentHeight":8105,"viewportHeight":917}}
[2026-10-02T00:43:52.654Z] {"timestamp":1790901834495,"kind":"scroll","url":"http://localhost:3000/","viewport":{"width":1707,"height":917},"payload":{"scrollX":0,"scrollY":5496.888671875,"documentHeight":8105,"viewportHeight":917}}
[2026-10-02T00:43:54.664Z] {"timestamp":1790901834995,"kind":"scroll","url":"http://localhost:3000/","viewport":{"width":1707,"height":917},"payload":{"scrollX":0,"scrollY":5188.4443359375,"documentHeight":8105,"viewportHeight":917}}
[2026-10-02T00:43:54.664Z] {"timestamp":1790901835527,"kind":"scroll","url":"http://localhost:3000/","viewport":{"width":1707,"height":917},"payload":{"scrollX":0,"scrollY":4858.66650390625,"documentHeight":8105,"viewportHeight":917}}
[2026-10-02T00:43:54.664Z] {"timestamp":1790901836028,"kind":"scroll","url":"http://localhost:3000/","viewport":{"width":1707,"height":917},"payload":{"scrollX":0,"scrollY":6632,"documentHeight":8105,"viewportHeight":917}}
[2026-10-02T00:43:54.664Z] {"timestamp":1790901836530,"kind":"scroll","url":"http://localhost:3000/","viewport":{"width":1707,"height":917},"payload":{"scrollX":0,"scrollY":6910.22216796875,"documentHeight":8105,"viewportHeight":917}}
[2026-10-02T00:43:56.672Z] {"timestamp":1790901837064,"kind":"scroll","url":"http://localhost:3000/","viewport":{"width":1707,"height":917},"payload":{"scrollX":0,"scrollY":6502.22216796875,"documentHeight":8105,"viewportHeight":917}}
[2026-10-02T00:43:56.672Z] {"timestamp":1790901838762,"kind":"scroll","url":"http://localhost:3000/","viewport":{"width":1707,"height":917},"payload":{"scrollX":0,"scrollY":6347.5556640625,"documentHeight":8105,"viewportHeight":917}}
[2026-10-02T00:43:58.653Z] {"timestamp":1790901839295,"kind":"scroll","url":"http://localhost:3000/","viewport":{"width":1707,"height":917},"payload":{"scrollX":0,"scrollY":5792.888671875,"documentHeight":8105,"viewportHeight":917}}
[2026-10-02T00:43:58.653Z] {"timestamp":1790901839830,"kind":"scroll","url":"http://localhost:3000/","viewport":{"width":1707,"height":917},"payload":{"scrollX":0,"scrollY":5666.66650390625,"documentHeight":8105,"viewportHeight":917}}
[2026-10-02T00:43:58.653Z] {"timestamp":1790901840628,"kind":"scroll","url":"http://localhost:3000/","viewport":{"width":1707,"height":917},"payload":{"scrollX":0,"scrollY":5663.111328125,"documentHeight":8105,"viewportHeight":917}}
[2026-10-02T00:44:00.651Z] {"timestamp":1790901841129,"kind":"scroll","url":"http://localhost:3000/","viewport":{"width":1707,"height":917},"payload":{"scrollX":0,"scrollY":5680.888671875,"documentHeight":8105,"viewportHeight":917}}
[2026-10-02T00:44:08.886Z] {"timestamp":1790901850772,"kind":"scroll","url":"http://localhost:3000/","viewport":{"width":1707,"height":917},"payload":{"scrollX":0,"scrollY":5649.77783203125,"documentHeight":8105,"viewportHeight":917}}
[2026-10-02T00:44:10.653Z] {"timestamp":1790901851329,"kind":"scroll","url":"http://localhost:3000/","viewport":{"width":1707,"height":917},"payload":{"scrollX":0,"scrollY":5227.5556640625,"documentHeight":8105,"viewportHeight":917}}
[2026-10-02T00:44:12.674Z] {"timestamp":1790901853511,"kind":"scroll","url":"http://localhost:3000/","viewport":{"width":1707,"height":917},"payload":{"scrollX":0,"scrollY":5148.4443359375,"documentHeight":8105,"viewportHeight":917}}
[2026-10-02T00:44:12.674Z] {"timestamp":1790901854029,"kind":"scroll","url":"http://localhost:3000/","viewport":{"width":1707,"height":917},"payload":{"scrollX":0,"scrollY":4617.77783203125,"documentHeight":8105,"viewportHeight":917}}
[2026-10-02T00:44:12.674Z] {"timestamp":1790901854561,"kind":"scroll","url":"http://localhost:3000/","viewport":{"width":1707,"height":917},"payload":{"scrollX":0,"scrollY":4299.5556640625,"documentHeight":8105,"viewportHeight":917}}
[2026-10-02T00:44:14.673Z] {"timestamp":1790901855061,"kind":"scroll","url":"http://localhost:3000/","viewport":{"width":1707,"height":917},"payload":{"scrollX":0,"scrollY":3875.5556640625,"documentHeight":8105,"viewportHeight":917}}
[2026-10-02T00:44:14.673Z] {"timestamp":1790901855562,"kind":"scroll","url":"http://localhost:3000/","viewport":{"width":1707,"height":917},"payload":{"scrollX":0,"scrollY":3749.333251953125,"documentHeight":8105,"viewportHeight":917}}
[2026-10-02T00:44:14.673Z] {"timestamp":1790901856062,"kind":"scroll","url":"http://localhost:3000/","viewport":{"width":1707,"height":917},"payload":{"scrollX":0,"scrollY":3320,"documentHeight":8105,"viewportHeight":917}}
[2026-10-02T00:44:14.673Z] {"timestamp":1790901856628,"kind":"scroll","url":"http://localhost:3000/","viewport":{"width":1707,"height":917},"payload":{"scrollX":0,"scrollY":1565.3333740234375,"documentHeight":8105,"viewportHeight":917}}
[2026-10-02T00:44:16.670Z] {"timestamp":1790901857138,"kind":"scroll","url":"http://localhost:3000/","viewport":{"width":1707,"height":917},"payload":{"scrollX":0,"scrollY":577.7777709960938,"documentHeight":8105,"viewportHeight":917}}
[2026-10-02T00:44:16.670Z] {"timestamp":1790901857694,"kind":"scroll","url":"http://localhost:3000/","viewport":{"width":1707,"height":917},"payload":{"scrollX":0,"scrollY":326.22222900390625,"documentHeight":8105,"viewportHeight":917}}
[2026-10-02T00:44:16.670Z] {"timestamp":1790901858260,"kind":"scroll","url":"http://localhost:3000/","viewport":{"width":1707,"height":917},"payload":{"scrollX":0,"scrollY":992,"documentHeight":8105,"viewportHeight":917}}
[2026-10-02T00:44:16.670Z] {"timestamp":1790901858863,"kind":"scroll","url":"http://localhost:3000/","viewport":{"width":1707,"height":917},"payload":{"scrollX":0,"scrollY":1509.3333740234375,"documentHeight":8105,"viewportHeight":917}}
[2026-10-02T00:44:18.673Z] {"timestamp":1790901859695,"kind":"scroll","url":"http://localhost:3000/","viewport":{"width":1707,"height":917},"payload":{"scrollX":0,"scrollY":1809.77783203125,"documentHeight":8105,"viewportHeight":917}}
[2026-10-02T00:44:18.673Z] {"timestamp":1790901860295,"kind":"scroll","url":"http://localhost:3000/","viewport":{"width":1707,"height":917},"payload":{"scrollX":0,"scrollY":2081.77783203125,"documentHeight":8105,"viewportHeight":917}}
[2026-10-02T00:44:18.673Z] {"timestamp":1790901860839,"kind":"scroll","url":"http://localhost:3000/","viewport":{"width":1707,"height":917},"payload":{"scrollX":0,"scrollY":2246.22216796875,"documentHeight":8105,"viewportHeight":917}}
[2026-10-02T00:44:20.653Z] {"timestamp":1790901861405,"kind":"scroll","url":"http://localhost:3000/","viewport":{"width":1707,"height":917},"payload":{"scrollX":0,"scrollY":151.11111450195312,"documentHeight":8105,"viewportHeight":917}}
[2026-10-02T00:44:24.441Z] {"timestamp":1790901865262,"kind":"click","url":"http://localhost:3000/","viewport":{"width":1707,"height":917},"payload":{"target":{"tag":"div","id":null,"name":null,"type":null,"role":null,"ariaLabel":null,"testId":null,"dataLoc":"client/src/pages/Home.tsx:108","href":null,"text":"","selectorHint":"[data-loc=\"client/src/pages/Home.tsx:108\"]"},"x":693,"y":412}}
[2026-10-02T00:44:31.280Z] {"timestamp":1790901871694,"kind":"scroll","url":"http://localhost:3000/","viewport":{"width":1707,"height":917},"payload":{"scrollX":0,"scrollY":103.11111450195312,"documentHeight":8105,"viewportHeight":917}}
[2026-10-02T00:44:31.280Z] {"timestamp":1790901872496,"kind":"scroll","url":"http://localhost:3000/","viewport":{"width":1707,"height":917},"payload":{"scrollX":0,"scrollY":328.8888854980469,"documentHeight":8105,"viewportHeight":917}}
[2026-10-02T00:44:31.280Z] {"timestamp":1790901873026,"kind":"scroll","url":"http://localhost:3000/","viewport":{"width":1707,"height":917},"payload":{"scrollX":0,"scrollY":620.4444580078125,"documentHeight":8105,"viewportHeight":917}}
[2026-10-02T00:44:33.283Z] {"timestamp":1790901873631,"kind":"scroll","url":"http://localhost:3000/","viewport":{"width":1707,"height":917},"payload":{"scrollX":0,"scrollY":928.888916015625,"documentHeight":8105,"viewportHeight":917}}
[2026-10-02T00:44:33.283Z] {"timestamp":1790901874630,"kind":"scroll","url":"http://localhost:3000/","viewport":{"width":1707,"height":917},"payload":{"scrollX":0,"scrollY":919.111083984375,"documentHeight":8105,"viewportHeight":917}}
[2026-10-02T00:44:33.283Z] {"timestamp":1790901875129,"kind":"scroll","url":"http://localhost:3000/","viewport":{"width":1707,"height":917},"payload":{"scrollX":0,"scrollY":1261.3333740234375,"documentHeight":8105,"viewportHeight":917}}
[2026-10-02T00:44:35.305Z] {"timestamp":1790901875630,"kind":"scroll","url":"http://localhost:3000/","viewport":{"width":1707,"height":917},"payload":{"scrollX":0,"scrollY":1416.888916015625,"documentHeight":8105,"viewportHeight":917}}
[2026-10-02T00:44:35.305Z] {"timestamp":1790901876194,"kind":"scroll","url":"http://localhost:3000/","viewport":{"width":1707,"height":917},"payload":{"scrollX":0,"scrollY":1458.6666259765625,"documentHeight":8105,"viewportHeight":917}}
[2026-10-02T00:44:35.305Z] {"timestamp":1790901877594,"kind":"scroll","url":"http://localhost:3000/","viewport":{"width":1707,"height":917},"payload":{"scrollX":0,"scrollY":1474.6666259765625,"documentHeight":8105,"viewportHeight":917}}
[2026-10-02T00:44:37.305Z] {"timestamp":1790901878227,"kind":"scroll","url":"http://localhost:3000/","viewport":{"width":1707,"height":917},"payload":{"scrollX":0,"scrollY":1529.77783203125,"documentHeight":8105,"viewportHeight":917}}
[2026-10-02T00:44:37.305Z] {"timestamp":1790901878727,"kind":"scroll","url":"http://localhost:3000/","viewport":{"width":1707,"height":917},"payload":{"scrollX":0,"scrollY":1593.77783203125,"documentHeight":8105,"viewportHeight":917}}
[2026-10-02T00:44:37.305Z] {"timestamp":1790901879262,"kind":"scroll","url":"http://localhost:3000/","viewport":{"width":1707,"height":917},"payload":{"scrollX":0,"scrollY":1649.77783203125,"documentHeight":8105,"viewportHeight":917}}
[2026-10-02T00:44:39.282Z] {"timestamp":1790901879793,"kind":"scroll","url":"http://localhost:3000/","viewport":{"width":1707,"height":917},"payload":{"scrollX":0,"scrollY":1763.5555419921875,"documentHeight":8105,"viewportHeight":917}}
[2026-10-02T00:44:39.282Z] {"timestamp":1790901880329,"kind":"scroll","url":"http://localhost:3000/","viewport":{"width":1707,"height":917},"payload":{"scrollX":0,"scrollY":1879.111083984375,"documentHeight":8105,"viewportHeight":917}}
[2026-10-02T00:44:39.282Z] {"timestamp":1790901880859,"kind":"scroll","url":"http://localhost:3000/","viewport":{"width":1707,"height":917},"payload":{"scrollX":0,"scrollY":2065.77783203125,"documentHeight":8105,"viewportHeight":917}}
[2026-10-02T00:44:39.282Z] {"timestamp":1790901881438,"kind":"scroll","url":"http://localhost:3000/","viewport":{"width":1707,"height":917},"payload":{"scrollX":0,"scrollY":2091.5556640625,"documentHeight":8105,"viewportHeight":917}}
[2026-10-02T00:44:41.278Z] {"timestamp":1790901881959,"kind":"scroll","url":"http://localhost:3000/","viewport":{"width":1707,"height":917},"payload":{"scrollX":0,"scrollY":2138.666748046875,"documentHeight":8105,"viewportHeight":917}}
[2026-10-02T00:44:41.278Z] {"timestamp":1790901882459,"kind":"scroll","url":"http://localhost:3000/","viewport":{"width":1707,"height":917},"payload":{"scrollX":0,"scrollY":2190.22216796875,"documentHeight":8105,"viewportHeight":917}}
[2026-10-02T00:44:41.278Z] {"timestamp":1790901882958,"kind":"scroll","url":"http://localhost:3000/","viewport":{"width":1707,"height":917},"payload":{"scrollX":0,"scrollY":2243.5556640625,"documentHeight":8105,"viewportHeight":917}}
[2026-10-02T00:44:49.498Z] {"timestamp":1790901890111,"kind":"scroll","url":"http://localhost:3000/","viewport":{"width":1707,"height":917},"payload":{"scrollX":0,"scrollY":2254.22216796875,"documentHeight":8105,"viewportHeight":917}}
[2026-10-02T00:44:49.498Z] {"timestamp":1790901890678,"kind":"scroll","url":"http://localhost:3000/","viewport":{"width":1707,"height":917},"payload":{"scrollX":0,"scrollY":2510.22216796875,"documentHeight":8105,"viewportHeight":917}}
[2026-10-02T00:44:49.498Z] {"timestamp":1790901891193,"kind":"scroll","url":"http://localhost:3000/","viewport":{"width":1707,"height":917},"payload":{"scrollX":0,"scrollY":2955.5556640625,"documentHeight":8105,"viewportHeight":917}}
[2026-10-02T01:07:27.666Z] {"timestamp":1790903248933,"kind":"scroll","url":"http://localhost:3000/","viewport":{"width":1707,"height":917},"payload":{"scrollX":0,"scrollY":3008,"documentHeight":7748,"viewportHeight":917}}
[2026-10-02T01:07:35.877Z] {"timestamp":1790903256969,"kind":"scroll","url":"http://localhost:3000/","viewport":{"width":1707,"height":917},"payload":{"scrollX":0,"scrollY":2997.333251953125,"documentHeight":8105,"viewportHeight":917}}
[2026-10-02T01:07:35.877Z] {"timestamp":1790903257484,"kind":"scroll","url":"http://localhost:3000/","viewport":{"width":1707,"height":917},"payload":{"scrollX":0,"scrollY":2526.22216796875,"documentHeight":8105,"viewportHeight":917}}
[2026-10-02T01:07:37.648Z] {"timestamp":1790903258018,"kind":"scroll","url":"http://localhost:3000/","viewport":{"width":1707,"height":917},"payload":{"scrollX":0,"scrollY":2514.666748046875,"documentHeight":8105,"viewportHeight":917}}
[2026-10-02T01:07:37.648Z] {"timestamp":1790903258518,"kind":"scroll","url":"http://localhost:3000/","viewport":{"width":1707,"height":917},"payload":{"scrollX":0,"scrollY":2486.22216796875,"documentHeight":8105,"viewportHeight":917}}
[2026-10-02T01:07:37.648Z] {"timestamp":1790903259018,"kind":"scroll","url":"http://localhost:3000/","viewport":{"width":1707,"height":917},"payload":{"scrollX":0,"scrollY":1861.3333740234375,"documentHeight":8105,"viewportHeight":917}}
[2026-10-02T01:07:39.651Z] {"timestamp":1790903260402,"kind":"scroll","url":"http://localhost:3000/","viewport":{"width":1707,"height":917},"payload":{"scrollX":0,"scrollY":25.77777862548828,"documentHeight":8105,"viewportHeight":917}}
[2026-10-02T01:07:39.651Z] {"timestamp":1790903260919,"kind":"scroll","url":"http://localhost:3000/","viewport":{"width":1707,"height":917},"payload":{"scrollX":0,"scrollY":483.5555419921875,"documentHeight":8105,"viewportHeight":917}}
[2026-10-02T01:07:39.651Z] {"timestamp":1790903261551,"kind":"scroll","url":"http://localhost:3000/","viewport":{"width":1707,"height":917},"payload":{"scrollX":0,"scrollY":871.111083984375,"documentHeight":8105,"viewportHeight":917}}
[2026-10-02T01:07:47.852Z] {"timestamp":1790903269390,"kind":"scroll","url":"http://localhost:3000/","viewport":{"width":1707,"height":917},"payload":{"scrollX":0,"scrollY":884.4444580078125,"documentHeight":8105,"viewportHeight":917}}
[2026-10-02T01:07:47.852Z] {"timestamp":1790903269952,"kind":"scroll","url":"http://localhost:3000/","viewport":{"width":1707,"height":917},"payload":{"scrollX":0,"scrollY":931.5555419921875,"documentHeight":8105,"viewportHeight":917}}
[2026-10-02T01:07:49.661Z] {"timestamp":1790903270653,"kind":"scroll","url":"http://localhost:3000/","viewport":{"width":1707,"height":917},"payload":{"scrollX":0,"scrollY":934.2222290039062,"documentHeight":8105,"viewportHeight":917}}
[2026-10-02T01:07:49.661Z] {"timestamp":1790903271153,"kind":"scroll","url":"http://localhost:3000/","viewport":{"width":1707,"height":917},"payload":{"scrollX":0,"scrollY":964.4444580078125,"documentHeight":8105,"viewportHeight":917}}
[2026-10-02T01:07:49.661Z] {"timestamp":1790903271652,"kind":"scroll","url":"http://localhost:3000/","viewport":{"width":1707,"height":917},"payload":{"scrollX":0,"scrollY":994.6666870117188,"documentHeight":8105,"viewportHeight":917}}
[2026-10-02T01:07:51.654Z] {"timestamp":1790903273556,"kind":"scroll","url":"http://localhost:3000/","viewport":{"width":1707,"height":917},"payload":{"scrollX":0,"scrollY":1031.111083984375,"documentHeight":8105,"viewportHeight":917}}
[2026-10-02T01:07:53.650Z] {"timestamp":1790903274085,"kind":"scroll","url":"http://localhost:3000/","viewport":{"width":1707,"height":917},"payload":{"scrollX":0,"scrollY":911.111083984375,"documentHeight":8105,"viewportHeight":917}}
[2026-10-02T01:07:53.650Z] {"timestamp":1790903274720,"kind":"scroll","url":"http://localhost:3000/","viewport":{"width":1707,"height":917},"payload":{"scrollX":0,"scrollY":901.3333129882812,"documentHeight":8105,"viewportHeight":917}}
[2026-10-02T01:08:01.792Z] {"timestamp":1790903283334,"kind":"scroll","url":"http://localhost:3000/","viewport":{"width":1707,"height":917},"payload":{"scrollX":0,"scrollY":919.111083984375,"documentHeight":8105,"viewportHeight":917}}
[2026-10-02T01:08:01.792Z] {"timestamp":1790903283852,"kind":"scroll","url":"http://localhost:3000/","viewport":{"width":1707,"height":917},"payload":{"scrollX":0,"scrollY":1092.4444580078125,"documentHeight":8105,"viewportHeight":917}}
[2026-10-02T01:08:03.649Z] {"timestamp":1790903284386,"kind":"scroll","url":"http://localhost:3000/","viewport":{"width":1707,"height":917},"payload":{"scrollX":0,"scrollY":1273.77783203125,"documentHeight":8105,"viewportHeight":917}}
[2026-10-02T01:08:03.649Z] {"timestamp":1790903284918,"kind":"scroll","url":"http://localhost:3000/","viewport":{"width":1707,"height":917},"payload":{"scrollX":0,"scrollY":1396.4444580078125,"documentHeight":8105,"viewportHeight":917}}
[2026-10-02T01:08:03.649Z] {"timestamp":1790903285418,"kind":"scroll","url":"http://localhost:3000/","viewport":{"width":1707,"height":917},"payload":{"scrollX":0,"scrollY":1512,"documentHeight":8105,"viewportHeight":917}}
[2026-10-02T01:08:05.648Z] {"timestamp":1790903285984,"kind":"scroll","url":"http://localhost:3000/","viewport":{"width":1707,"height":917},"payload":{"scrollX":0,"scrollY":1555.5555419921875,"documentHeight":8105,"viewportHeight":917}}
[2026-10-02T01:08:07.657Z] {"timestamp":1790903288836,"kind":"scroll","url":"http://localhost:3000/","viewport":{"width":1707,"height":917},"payload":{"scrollX":0,"scrollY":1569.77783203125,"documentHeight":8105,"viewportHeight":917}}
[2026-10-02T01:08:07.657Z] {"timestamp":1790903289553,"kind":"scroll","url":"http://localhost:3000/","viewport":{"width":1707,"height":917},"payload":{"scrollX":0,"scrollY":1767.111083984375,"documentHeight":8105,"viewportHeight":917}}
[2026-10-02T01:08:09.649Z] {"timestamp":1790903290333,"kind":"scroll","url":"http://localhost:3000/","viewport":{"width":1707,"height":917},"payload":{"scrollX":0,"scrollY":1936,"documentHeight":8105,"viewportHeight":917}}
[2026-10-02T01:08:09.649Z] {"timestamp":1790903290851,"kind":"scroll","url":"http://localhost:3000/","viewport":{"width":1707,"height":917},"payload":{"scrollX":0,"scrollY":2076.4443359375,"documentHeight":8105,"viewportHeight":917}}
[2026-10-02T01:08:09.649Z] {"timestamp":1790903291384,"kind":"scroll","url":"http://localhost:3000/","viewport":{"width":1707,"height":917},"payload":{"scrollX":0,"scrollY":1976,"documentHeight":8105,"viewportHeight":917}}
[2026-10-02T01:08:11.651Z] {"timestamp":1790903292117,"kind":"scroll","url":"http://localhost:3000/","viewport":{"width":1707,"height":917},"payload":{"scrollX":0,"scrollY":1960.888916015625,"documentHeight":8105,"viewportHeight":917}}
[2026-10-02T01:08:11.651Z] {"timestamp":1790903292618,"kind":"scroll","url":"http://localhost:3000/","viewport":{"width":1707,"height":917},"payload":{"scrollX":0,"scrollY":1986.6666259765625,"documentHeight":8105,"viewportHeight":917}}
[2026-10-02T01:08:11.651Z] {"timestamp":1790903293151,"kind":"scroll","url":"http://localhost:3000/","viewport":{"width":1707,"height":917},"payload":{"scrollX":0,"scrollY":2113.77783203125,"documentHeight":8105,"viewportHeight":917}}
[2026-10-02T01:08:11.651Z] {"timestamp":1790903293718,"kind":"scroll","url":"http://localhost:3000/","viewport":{"width":1707,"height":917},"payload":{"scrollX":0,"scrollY":2116.4443359375,"documentHeight":8105,"viewportHeight":917}}
[2026-10-02T01:08:19.878Z] {"timestamp":1790903301703,"kind":"scroll","url":"http://localhost:3000/","viewport":{"width":1707,"height":917},"payload":{"scrollX":0,"scrollY":2262.22216796875,"documentHeight":8105,"viewportHeight":917}}
[2026-10-02T01:08:21.665Z] {"timestamp":1790903302218,"kind":"scroll","url":"http://localhost:3000/","viewport":{"width":1707,"height":917},"payload":{"scrollX":0,"scrollY":2577.77783203125,"documentHeight":8105,"viewportHeight":917}}
[2026-10-02T01:08:21.665Z] {"timestamp":1790903302718,"kind":"scroll","url":"http://localhost:3000/","viewport":{"width":1707,"height":917},"payload":{"scrollX":0,"scrollY":2853.333251953125,"documentHeight":8105,"viewportHeight":917}}
[2026-10-02T01:08:21.665Z] {"timestamp":1790903303219,"kind":"scroll","url":"http://localhost:3000/","viewport":{"width":1707,"height":917},"payload":{"scrollX":0,"scrollY":2616,"documentHeight":8105,"viewportHeight":917}}
[2026-10-02T01:08:21.665Z] {"timestamp":1790903303783,"kind":"scroll","url":"http://localhost:3000/","viewport":{"width":1707,"height":917},"payload":{"scrollX":0,"scrollY":2604.4443359375,"documentHeight":8105,"viewportHeight":917}}
[2026-10-02T01:08:23.652Z] {"timestamp":1790903304283,"kind":"scroll","url":"http://localhost:3000/","viewport":{"width":1707,"height":917},"payload":{"scrollX":0,"scrollY":3271.111083984375,"documentHeight":8105,"viewportHeight":917}}
[2026-10-02T01:08:23.652Z] {"timestamp":1790903304819,"kind":"scroll","url":"http://localhost:3000/","viewport":{"width":1707,"height":917},"payload":{"scrollX":0,"scrollY":3968,"documentHeight":8105,"viewportHeight":917}}
[2026-10-02T01:08:23.652Z] {"timestamp":1790903305784,"kind":"scroll","url":"http://localhost:3000/","viewport":{"width":1707,"height":917},"payload":{"scrollX":0,"scrollY":3971.5556640625,"documentHeight":8105,"viewportHeight":917}}
[2026-10-02T01:08:25.649Z] {"timestamp":1790903307353,"kind":"scroll","url":"http://localhost:3000/","viewport":{"width":1707,"height":917},"payload":{"scrollX":0,"scrollY":3976,"documentHeight":8105,"viewportHeight":917}}
[2026-10-02T01:08:39.811Z] {"timestamp":1790903321269,"kind":"scroll","url":"http://localhost:3000/","viewport":{"width":1707,"height":917},"payload":{"scrollX":0,"scrollY":4011.5556640625,"documentHeight":8105,"viewportHeight":917}}
[2026-10-02T01:08:39.811Z] {"timestamp":1790903321785,"kind":"scroll","url":"http://localhost:3000/","viewport":{"width":1707,"height":917},"payload":{"scrollX":0,"scrollY":4279.111328125,"documentHeight":8105,"viewportHeight":917}}
[2026-10-02T01:08:41.649Z] {"timestamp":1790903322466,"kind":"scroll","url":"http://localhost:3000/","viewport":{"width":1707,"height":917},"payload":{"scrollX":0,"scrollY":4387.5556640625,"documentHeight":8105,"viewportHeight":917}}
[2026-10-02T01:08:41.649Z] {"timestamp":1790903323866,"kind":"click","url":"http://localhost:3000/","viewport":{"width":1707,"height":917},"payload":{"target":{"tag":"div","id":null,"name":null,"type":null,"role":null,"ariaLabel":null,"testId":null,"dataLoc":"client/src/pages/Home.tsx:561","href":null,"text":"100% AUTOMÁTICO 1x ao dia ATUALIZAÇÃO DIÁRIA 360° ANÁLISE DINÂMICA Livre, quaren…","selectorHint":"[data-loc=\"client/src/pages/Home.tsx:561\"]"},"x":1066,"y":581}}
[2026-10-02T01:08:45.644Z] {"timestamp":1790903327389,"kind":"click","url":"http://localhost:3000/","viewport":{"width":1707,"height":917},"payload":{"target":{"tag":"img","id":null,"name":null,"type":null,"role":null,"ariaLabel":null,"testId":null,"dataLoc":"client/src/pages/Home.tsx:603","href":null,"text":"","selectorHint":"[data-loc=\"client/src/pages/Home.tsx:603\"]"},"x":1066,"y":581}}
[2026-10-02T01:08:47.656Z] {"timestamp":1790903328905,"kind":"click","url":"http://localhost:3000/","viewport":{"width":1707,"height":917},"payload":{"target":{"tag":"div","id":null,"name":null,"type":null,"role":null,"ariaLabel":null,"testId":null,"dataLoc":"client/src/pages/Home.tsx:561","href":null,"text":"100% AUTOMÁTICO 1x ao dia ATUALIZAÇÃO DIÁRIA 360° ANÁLISE DINÂMICA Livre, quaren…","selectorHint":"[data-loc=\"client/src/pages/Home.tsx:561\"]"},"x":1066,"y":581}}
[2026-10-02T01:08:49.653Z] {"timestamp":1790903330879,"kind":"click","url":"http://localhost:3000/","viewport":{"width":1707,"height":917},"payload":{"target":{"tag":"img","id":null,"name":null,"type":null,"role":null,"ariaLabel":null,"testId":null,"dataLoc":"client/src/pages/Home.tsx:603","href":null,"text":"","selectorHint":"[data-loc=\"client/src/pages/Home.tsx:603\"]"},"x":1066,"y":581}}
[2026-10-02T01:08:51.658Z] {"timestamp":1790903331986,"kind":"scroll","url":"http://localhost:3000/","viewport":{"width":1707,"height":917},"payload":{"scrollX":0,"scrollY":4411.5556640625,"documentHeight":8105,"viewportHeight":917}}
[2026-10-02T01:08:51.658Z] {"timestamp":1790903332486,"kind":"scroll","url":"http://localhost:3000/","viewport":{"width":1707,"height":917},"payload":{"scrollX":0,"scrollY":4524.4443359375,"documentHeight":8105,"viewportHeight":917}}
[2026-10-02T01:08:51.658Z] {"timestamp":1790903333319,"kind":"scroll","url":"http://localhost:3000/","viewport":{"width":1707,"height":917},"payload":{"scrollX":0,"scrollY":4528.888671875,"documentHeight":8105,"viewportHeight":917}}
[2026-10-02T01:08:51.658Z] {"timestamp":1790903333917,"kind":"scroll","url":"http://localhost:3000/","viewport":{"width":1707,"height":917},"payload":{"scrollX":0,"scrollY":4847.111328125,"documentHeight":8105,"viewportHeight":917}}
[2026-10-02T01:08:53.649Z] {"timestamp":1790903334418,"kind":"scroll","url":"http://localhost:3000/","viewport":{"width":1707,"height":917},"payload":{"scrollX":0,"scrollY":5115.5556640625,"documentHeight":8105,"viewportHeight":917}}
[2026-10-02T01:08:53.649Z] {"timestamp":1790903335701,"kind":"scroll","url":"http://localhost:3000/","viewport":{"width":1707,"height":917},"payload":{"scrollX":0,"scrollY":5153.77783203125,"documentHeight":8105,"viewportHeight":917}}
[2026-10-02T01:08:55.655Z] {"timestamp":1790903336218,"kind":"scroll","url":"http://localhost:3000/","viewport":{"width":1707,"height":917},"payload":{"scrollX":0,"scrollY":5238.22216796875,"documentHeight":8105,"viewportHeight":917}}
[2026-10-02T01:08:55.655Z] {"timestamp":1790903336736,"kind":"scroll","url":"http://localhost:3000/","viewport":{"width":1707,"height":917},"payload":{"scrollX":0,"scrollY":5498.66650390625,"documentHeight":8105,"viewportHeight":917}}
[2026-10-02T01:08:57.652Z] {"timestamp":1790903339621,"kind":"scroll","url":"http://localhost:3000/","viewport":{"width":1707,"height":917},"payload":{"scrollX":0,"scrollY":5870.22216796875,"documentHeight":8105,"viewportHeight":917}}
[2026-10-02T01:08:59.649Z] {"timestamp":1790903340285,"kind":"scroll","url":"http://localhost:3000/","viewport":{"width":1707,"height":917},"payload":{"scrollX":0,"scrollY":6158.22216796875,"documentHeight":8105,"viewportHeight":917}}
[2026-10-02T01:08:59.649Z] {"timestamp":1790903340787,"kind":"scroll","url":"http://localhost:3000/","viewport":{"width":1707,"height":917},"payload":{"scrollX":0,"scrollY":6167.111328125,"documentHeight":8105,"viewportHeight":917}}
[2026-10-02T01:09:01.647Z] {"timestamp":1790903342753,"kind":"scroll","url":"http://localhost:3000/","viewport":{"width":1707,"height":917},"payload":{"scrollX":0,"scrollY":5901.33349609375,"documentHeight":8105,"viewportHeight":917}}
[2026-10-02T01:09:03.648Z] {"timestamp":1790903344253,"kind":"scroll","url":"http://localhost:3000/","viewport":{"width":1707,"height":917},"payload":{"scrollX":0,"scrollY":5900.4443359375,"documentHeight":8105,"viewportHeight":917}}
[2026-10-02T01:09:05.645Z] {"timestamp":1790903346862,"kind":"scroll","url":"http://localhost:3000/","viewport":{"width":1707,"height":917},"payload":{"scrollX":0,"scrollY":5904.888671875,"documentHeight":8105,"viewportHeight":917}}
[2026-10-02T01:09:11.646Z] {"timestamp":1790903353354,"kind":"scroll","url":"http://localhost:3000/","viewport":{"width":1707,"height":917},"payload":{"scrollX":0,"scrollY":6000,"documentHeight":8105,"viewportHeight":917}}
[2026-10-02T01:09:11.646Z] {"timestamp":1790903353886,"kind":"scroll","url":"http://localhost:3000/","viewport":{"width":1707,"height":917},"payload":{"scrollX":0,"scrollY":5746.66650390625,"documentHeight":8105,"viewportHeight":917}}
[2026-10-02T01:09:13.652Z] {"timestamp":1790903354418,"kind":"scroll","url":"http://localhost:3000/","viewport":{"width":1707,"height":917},"payload":{"scrollX":0,"scrollY":5747.5556640625,"documentHeight":8105,"viewportHeight":917}}
[2026-10-02T01:09:13.652Z] {"timestamp":1790903355267,"kind":"scroll","url":"http://localhost:3000/","viewport":{"width":1707,"height":917},"payload":{"scrollX":0,"scrollY":6408.888671875,"documentHeight":8105,"viewportHeight":917}}
[2026-10-02T01:09:13.652Z] {"timestamp":1790903355784,"kind":"scroll","url":"http://localhost:3000/","viewport":{"width":1707,"height":917},"payload":{"scrollX":0,"scrollY":6639.111328125,"documentHeight":8105,"viewportHeight":917}}
[2026-10-02T01:09:15.647Z] {"timestamp":1790903356286,"kind":"scroll","url":"http://localhost:3000/","viewport":{"width":1707,"height":917},"payload":{"scrollX":0,"scrollY":6822.22216796875,"documentHeight":8105,"viewportHeight":917}}
[2026-10-02T01:09:15.647Z] {"timestamp":1790903356852,"kind":"scroll","url":"http://localhost:3000/","viewport":{"width":1707,"height":917},"payload":{"scrollX":0,"scrollY":6831.111328125,"documentHeight":8105,"viewportHeight":917}}
[2026-10-02T01:09:15.647Z] {"timestamp":1790903357527,"kind":"scroll","url":"http://localhost:3000/","viewport":{"width":1707,"height":917},"payload":{"scrollX":0,"scrollY":7187.5556640625,"documentHeight":8105,"viewportHeight":917}}
[2026-10-02T01:09:17.649Z] {"timestamp":1790903358419,"kind":"scroll","url":"http://localhost:3000/","viewport":{"width":1707,"height":917},"payload":{"scrollX":0,"scrollY":7163.5556640625,"documentHeight":8105,"viewportHeight":917}}
[2026-10-02T01:09:17.649Z] {"timestamp":1790903359085,"kind":"scroll","url":"http://localhost:3000/","viewport":{"width":1707,"height":917},"payload":{"scrollX":0,"scrollY":6768.888671875,"documentHeight":8105,"viewportHeight":917}}
[2026-10-02T01:09:19.650Z] {"timestamp":1790903360153,"kind":"scroll","url":"http://localhost:3000/","viewport":{"width":1707,"height":917},"payload":{"scrollX":0,"scrollY":6372.4443359375,"documentHeight":8105,"viewportHeight":917}}
[2026-10-02T01:09:19.650Z] {"timestamp":1790903361018,"kind":"scroll","url":"http://localhost:3000/","viewport":{"width":1707,"height":917},"payload":{"scrollX":0,"scrollY":6409.77783203125,"documentHeight":8105,"viewportHeight":917}}
[2026-10-02T01:09:19.650Z] {"timestamp":1790903361520,"kind":"scroll","url":"http://localhost:3000/","viewport":{"width":1707,"height":917},"payload":{"scrollX":0,"scrollY":6432,"documentHeight":8105,"viewportHeight":917}}
[2026-10-02T01:09:25.647Z] {"timestamp":1790903366584,"kind":"scroll","url":"http://localhost:3000/","viewport":{"width":1707,"height":917},"payload":{"scrollX":0,"scrollY":6434.66650390625,"documentHeight":8105,"viewportHeight":917}}
[2026-10-02T01:09:25.648Z] {"timestamp":1790903367085,"kind":"scroll","url":"http://localhost:3000/","viewport":{"width":1707,"height":917},"payload":{"scrollX":0,"scrollY":6440,"documentHeight":8105,"viewportHeight":917}}
[2026-10-02T01:09:25.648Z] {"timestamp":1790903367619,"kind":"scroll","url":"http://localhost:3000/","viewport":{"width":1707,"height":917},"payload":{"scrollX":0,"scrollY":6532.4443359375,"documentHeight":8105,"viewportHeight":917}}
[2026-10-02T01:09:33.856Z] {"timestamp":1790903374496,"kind":"scroll","url":"http://localhost:3000/","viewport":{"width":1707,"height":917},"payload":{"scrollX":0,"scrollY":6537.77783203125,"documentHeight":8105,"viewportHeight":917}}
[2026-10-02T01:09:33.856Z] {"timestamp":1790903375018,"kind":"scroll","url":"http://localhost:3000/","viewport":{"width":1707,"height":917},"payload":{"scrollX":0,"scrollY":6917.33349609375,"documentHeight":8105,"viewportHeight":917}}
[2026-10-02T01:09:33.856Z] {"timestamp":1790903375551,"kind":"scroll","url":"http://localhost:3000/","viewport":{"width":1707,"height":917},"payload":{"scrollX":0,"scrollY":7103.111328125,"documentHeight":8105,"viewportHeight":917}}
[2026-10-02T01:09:35.645Z] {"timestamp":1790903376052,"kind":"scroll","url":"http://localhost:3000/","viewport":{"width":1707,"height":917},"payload":{"scrollX":0,"scrollY":7133.33349609375,"documentHeight":8105,"viewportHeight":917}}
[2026-10-02T01:09:35.645Z] {"timestamp":1790903376953,"kind":"scroll","url":"http://localhost:3000/","viewport":{"width":1707,"height":917},"payload":{"scrollX":0,"scrollY":7136.888671875,"documentHeight":8105,"viewportHeight":917}}
[2026-10-02T01:09:37.659Z] {"timestamp":1790903378017,"kind":"scroll","url":"http://localhost:3000/","viewport":{"width":1707,"height":917},"payload":{"scrollX":0,"scrollY":7056.888671875,"documentHeight":8105,"viewportHeight":917}}
[2026-10-02T01:09:37.659Z] {"timestamp":1790903378553,"kind":"scroll","url":"http://localhost:3000/","viewport":{"width":1707,"height":917},"payload":{"scrollX":0,"scrollY":6151.111328125,"documentHeight":8105,"viewportHeight":917}}
[2026-10-02T01:09:37.659Z] {"timestamp":1790903379053,"kind":"scroll","url":"http://localhost:3000/","viewport":{"width":1707,"height":917},"payload":{"scrollX":0,"scrollY":5970.66650390625,"documentHeight":8105,"viewportHeight":917}}
[2026-10-02T01:09:37.659Z] {"timestamp":1790903379564,"kind":"scroll","url":"http://localhost:3000/","viewport":{"width":1707,"height":917},"payload":{"scrollX":0,"scrollY":5477.33349609375,"documentHeight":8105,"viewportHeight":917}}
[2026-10-02T01:09:39.650Z] {"timestamp":1790903380219,"kind":"scroll","url":"http://localhost:3000/","viewport":{"width":1707,"height":917},"payload":{"scrollX":0,"scrollY":4015.111083984375,"documentHeight":8105,"viewportHeight":917}}
[2026-10-02T01:09:39.650Z] {"timestamp":1790903380784,"kind":"scroll","url":"http://localhost:3000/","viewport":{"width":1707,"height":917},"payload":{"scrollX":0,"scrollY":2928,"documentHeight":8105,"viewportHeight":917}}
[2026-10-02T01:09:39.650Z] {"timestamp":1790903381352,"kind":"scroll","url":"http://localhost:3000/","viewport":{"width":1707,"height":917},"payload":{"scrollX":0,"scrollY":1944,"documentHeight":8105,"viewportHeight":917}}
[2026-10-02T01:09:39.650Z] {"timestamp":1790903381887,"kind":"scroll","url":"http://localhost:3000/","viewport":{"width":1707,"height":917},"payload":{"scrollX":0,"scrollY":232,"documentHeight":8105,"viewportHeight":917}}
[2026-10-02T01:09:46.040Z] {"timestamp":1790903387131,"kind":"scroll","url":"http://localhost:3000/","viewport":{"width":1707,"height":917},"payload":{"scrollX":0,"scrollY":16,"documentHeight":8105,"viewportHeight":917}}
[2026-10-02T01:09:46.040Z] {"timestamp":1790903387730,"kind":"scroll","url":"http://localhost:3000/","viewport":{"width":1707,"height":917},"payload":{"scrollX":0,"scrollY":217.77777099609375,"documentHeight":8105,"viewportHeight":917}}
[2026-10-02T01:09:47.651Z] {"timestamp":1790903388283,"kind":"scroll","url":"http://localhost:3000/","viewport":{"width":1707,"height":917},"payload":{"scrollX":0,"scrollY":864.888916015625,"documentHeight":8105,"viewportHeight":917}}
[2026-10-02T01:09:47.651Z] {"timestamp":1790903388783,"kind":"scroll","url":"http://localhost:3000/","viewport":{"width":1707,"height":917},"payload":{"scrollX":0,"scrollY":1000,"documentHeight":8105,"viewportHeight":917}}
[2026-10-02T01:09:47.651Z] {"timestamp":1790903389284,"kind":"scroll","url":"http://localhost:3000/","viewport":{"width":1707,"height":917},"payload":{"scrollX":0,"scrollY":878.2222290039062,"documentHeight":8105,"viewportHeight":917}}
[2026-10-02T01:09:49.653Z] {"timestamp":1790903391433,"kind":"scroll","url":"http://localhost:3000/","viewport":{"width":1707,"height":917},"payload":{"scrollX":0,"scrollY":891.5555419921875,"documentHeight":8105,"viewportHeight":917}}
[2026-10-02T01:09:49.653Z] {"timestamp":1790903391933,"kind":"scroll","url":"http://localhost:3000/","viewport":{"width":1707,"height":917},"payload":{"scrollX":0,"scrollY":1065.77783203125,"documentHeight":8105,"viewportHeight":917}}
[2026-10-02T01:09:51.656Z] {"timestamp":1790903392450,"kind":"scroll","url":"http://localhost:3000/","viewport":{"width":1707,"height":917},"payload":{"scrollX":0,"scrollY":1524.4444580078125,"documentHeight":8105,"viewportHeight":917}}
[2026-10-02T01:10:05.806Z] {"timestamp":1790903406299,"kind":"scroll","url":"http://localhost:3000/","viewport":{"width":1707,"height":917},"payload":{"scrollX":0,"scrollY":1545.77783203125,"documentHeight":8105,"viewportHeight":917}}
[2026-10-02T01:10:05.806Z] {"timestamp":1790903406987,"kind":"scroll","url":"http://localhost:3000/","viewport":{"width":1707,"height":917},"payload":{"scrollX":0,"scrollY":1851.5555419921875,"documentHeight":8105,"viewportHeight":917}}
[2026-10-02T01:10:05.806Z] {"timestamp":1790903407637,"kind":"scroll","url":"http://localhost:3000/","viewport":{"width":1707,"height":917},"payload":{"scrollX":0,"scrollY":2323.5556640625,"documentHeight":8105,"viewportHeight":917}}
[2026-10-02T01:10:07.657Z] {"timestamp":1790903408334,"kind":"scroll","url":"http://localhost:3000/","viewport":{"width":1707,"height":917},"payload":{"scrollX":0,"scrollY":2496,"documentHeight":8105,"viewportHeight":917}}
[2026-10-02T01:10:07.657Z] {"timestamp":1790903408987,"kind":"scroll","url":"http://localhost:3000/","viewport":{"width":1707,"height":917},"payload":{"scrollX":0,"scrollY":2704.888916015625,"documentHeight":8105,"viewportHeight":917}}
[2026-10-02T01:10:07.657Z] {"timestamp":1790903409551,"kind":"scroll","url":"http://localhost:3000/","viewport":{"width":1707,"height":917},"payload":{"scrollX":0,"scrollY":3088.888916015625,"documentHeight":8105,"viewportHeight":917}}
[2026-10-02T01:10:09.657Z] {"timestamp":1790903410118,"kind":"scroll","url":"http://localhost:3000/","viewport":{"width":1707,"height":917},"payload":{"scrollX":0,"scrollY":3718.22216796875,"documentHeight":8105,"viewportHeight":917}}
[2026-10-02T01:10:09.657Z] {"timestamp":1790903410619,"kind":"scroll","url":"http://localhost:3000/","viewport":{"width":1707,"height":917},"payload":{"scrollX":0,"scrollY":4338.66650390625,"documentHeight":8105,"viewportHeight":917}}
[2026-10-02T01:10:09.657Z] {"timestamp":1790903411251,"kind":"scroll","url":"http://localhost:3000/","viewport":{"width":1707,"height":917},"payload":{"scrollX":0,"scrollY":4652.4443359375,"documentHeight":8105,"viewportHeight":917}}
[2026-10-02T01:10:09.657Z] {"timestamp":1790903411818,"kind":"scroll","url":"http://localhost:3000/","viewport":{"width":1707,"height":917},"payload":{"scrollX":0,"scrollY":5079.111328125,"documentHeight":8105,"viewportHeight":917}}
[2026-10-02T01:10:11.649Z] {"timestamp":1790903412319,"kind":"scroll","url":"http://localhost:3000/","viewport":{"width":1707,"height":917},"payload":{"scrollX":0,"scrollY":5272,"documentHeight":8105,"viewportHeight":917}}
[2026-10-02T01:10:11.649Z] {"timestamp":1790903413552,"kind":"scroll","url":"http://localhost:3000/","viewport":{"width":1707,"height":917},"payload":{"scrollX":0,"scrollY":5270.22216796875,"documentHeight":8105,"viewportHeight":917}}
[2026-10-02T01:11:11.645Z] {"timestamp":1790903472769,"kind":"scroll","url":"http://localhost:3000/","viewport":{"width":1707,"height":917},"payload":{"scrollX":0,"scrollY":5168,"documentHeight":8105,"viewportHeight":917}}
[2026-10-02T01:11:11.645Z] {"timestamp":1790903473301,"kind":"scroll","url":"http://localhost:3000/","viewport":{"width":1707,"height":917},"payload":{"scrollX":0,"scrollY":3880.888916015625,"documentHeight":8105,"viewportHeight":917}}
[2026-10-02T01:11:11.645Z] {"timestamp":1790903473801,"kind":"scroll","url":"http://localhost:3000/","viewport":{"width":1707,"height":917},"payload":{"scrollX":0,"scrollY":1993.77783203125,"documentHeight":8105,"viewportHeight":917}}
[2026-10-02T01:11:13.653Z] {"timestamp":1790903474933,"kind":"scroll","url":"http://localhost:3000/","viewport":{"width":1707,"height":917},"payload":{"scrollX":0,"scrollY":169.77777099609375,"documentHeight":8105,"viewportHeight":917}}
[2026-10-02T01:11:13.653Z] {"timestamp":1790903475433,"kind":"scroll","url":"http://localhost:3000/","viewport":{"width":1707,"height":917},"payload":{"scrollX":0,"scrollY":656.888916015625,"documentHeight":8105,"viewportHeight":917}}
[2026-10-02T01:11:15.665Z] {"timestamp":1790903476147,"kind":"scroll","url":"http://localhost:3000/","viewport":{"width":1707,"height":917},"payload":{"scrollX":0,"scrollY":1124.4444580078125,"documentHeight":8105,"viewportHeight":917}}
[2026-10-02T01:11:19.649Z] {"timestamp":1790903480701,"kind":"scroll","url":"http://localhost:3000/","viewport":{"width":1707,"height":917},"payload":{"scrollX":0,"scrollY":1725.3333740234375,"documentHeight":8105,"viewportHeight":917}}
[2026-10-02T01:11:19.649Z] {"timestamp":1790903481201,"kind":"scroll","url":"http://localhost:3000/","viewport":{"width":1707,"height":917},"payload":{"scrollX":0,"scrollY":1648,"documentHeight":8105,"viewportHeight":917}}
[2026-10-02T01:11:19.649Z] {"timestamp":1790903481800,"kind":"scroll","url":"http://localhost:3000/","viewport":{"width":1707,"height":917},"payload":{"scrollX":0,"scrollY":1648,"documentHeight":8105,"viewportHeight":917}}
[2026-10-02T01:11:21.648Z] {"timestamp":1790903482300,"kind":"scroll","url":"http://localhost:3000/","viewport":{"width":1707,"height":917},"payload":{"scrollX":0,"scrollY":1725.3333740234375,"documentHeight":8105,"viewportHeight":917}}
[2026-10-02T01:11:21.648Z] {"timestamp":1790903482802,"kind":"scroll","url":"http://localhost:3000/","viewport":{"width":1707,"height":917},"payload":{"scrollX":0,"scrollY":1813.3333740234375,"documentHeight":8105,"viewportHeight":917}}
[2026-10-02T01:11:21.648Z] {"timestamp":1790903483334,"kind":"scroll","url":"http://localhost:3000/","viewport":{"width":1707,"height":917},"payload":{"scrollX":0,"scrollY":2350.22216796875,"documentHeight":8105,"viewportHeight":917}}
[2026-10-02T01:11:21.648Z] {"timestamp":1790903483835,"kind":"scroll","url":"http://localhost:3000/","viewport":{"width":1707,"height":917},"payload":{"scrollX":0,"scrollY":2395.5556640625,"documentHeight":8105,"viewportHeight":917}}
[2026-10-02T01:11:23.646Z] {"timestamp":1790903484369,"kind":"scroll","url":"http://localhost:3000/","viewport":{"width":1707,"height":917},"payload":{"scrollX":0,"scrollY":2416,"documentHeight":8105,"viewportHeight":917}}
[2026-10-02T01:11:23.646Z] {"timestamp":1790903485100,"kind":"scroll","url":"http://localhost:3000/","viewport":{"width":1707,"height":917},"payload":{"scrollX":0,"scrollY":2493.333251953125,"documentHeight":8105,"viewportHeight":917}}
[2026-10-02T01:11:23.646Z] {"timestamp":1790903485601,"kind":"scroll","url":"http://localhost:3000/","viewport":{"width":1707,"height":917},"payload":{"scrollX":0,"scrollY":2611.5556640625,"documentHeight":8105,"viewportHeight":917}}
[2026-10-02T01:11:25.662Z] {"timestamp":1790903486101,"kind":"scroll","url":"http://localhost:3000/","viewport":{"width":1707,"height":917},"payload":{"scrollX":0,"scrollY":2794.666748046875,"documentHeight":8105,"viewportHeight":917}}
[2026-10-02T01:11:25.662Z] {"timestamp":1790903486945,"kind":"scroll","url":"http://localhost:3000/","viewport":{"width":1707,"height":917},"payload":{"scrollX":0,"scrollY":3136,"documentHeight":8105,"viewportHeight":917}}
[2026-10-02T01:11:25.662Z] {"timestamp":1790903487600,"kind":"scroll","url":"http://localhost:3000/","viewport":{"width":1707,"height":917},"payload":{"scrollX":0,"scrollY":3421.333251953125,"documentHeight":8105,"viewportHeight":917}}
[2026-10-02T01:11:27.645Z] {"timestamp":1790903488200,"kind":"scroll","url":"http://localhost:3000/","viewport":{"width":1707,"height":917},"payload":{"scrollX":0,"scrollY":3879.111083984375,"documentHeight":8105,"viewportHeight":917}}
[2026-10-02T01:11:27.645Z] {"timestamp":1790903488767,"kind":"scroll","url":"http://localhost:3000/","viewport":{"width":1707,"height":917},"payload":{"scrollX":0,"scrollY":4543.111328125,"documentHeight":8105,"viewportHeight":917}}
[2026-10-02T01:11:29.656Z] {"timestamp":1790903490810,"kind":"scroll","url":"http://localhost:3000/","viewport":{"width":1707,"height":917},"payload":{"scrollX":0,"scrollY":5257.77783203125,"documentHeight":8105,"viewportHeight":917}}
[2026-10-02T01:11:29.656Z] {"timestamp":1790903491333,"kind":"scroll","url":"http://localhost:3000/","viewport":{"width":1707,"height":917},"payload":{"scrollX":0,"scrollY":5616.888671875,"documentHeight":8105,"viewportHeight":917}}
[2026-10-02T01:11:29.656Z] {"timestamp":1790903491866,"kind":"scroll","url":"http://localhost:3000/","viewport":{"width":1707,"height":917},"payload":{"scrollX":0,"scrollY":6270.22216796875,"documentHeight":8105,"viewportHeight":917}}
[2026-10-02T01:11:31.644Z] {"timestamp":1790903492366,"kind":"scroll","url":"http://localhost:3000/","viewport":{"width":1707,"height":917},"payload":{"scrollX":0,"scrollY":6085.33349609375,"documentHeight":8105,"viewportHeight":917}}
[2026-10-02T01:11:31.644Z] {"timestamp":1790903492899,"kind":"scroll","url":"http://localhost:3000/","viewport":{"width":1707,"height":917},"payload":{"scrollX":0,"scrollY":5790.22216796875,"documentHeight":8105,"viewportHeight":917}}
[2026-10-02T01:11:31.644Z] {"timestamp":1790903493480,"kind":"scroll","url":"http://localhost:3000/","viewport":{"width":1707,"height":917},"payload":{"scrollX":0,"scrollY":5764.4443359375,"documentHeight":8105,"viewportHeight":917}}
[2026-10-02T01:11:33.649Z] {"timestamp":1790903493999,"kind":"scroll","url":"http://localhost:3000/","viewport":{"width":1707,"height":917},"payload":{"scrollX":0,"scrollY":5671.111328125,"documentHeight":8105,"viewportHeight":917}}
[2026-10-02T01:11:33.649Z] {"timestamp":1790903495250,"kind":"scroll","url":"http://localhost:3000/","viewport":{"width":1707,"height":917},"payload":{"scrollX":0,"scrollY":5648.888671875,"documentHeight":8105,"viewportHeight":917}}
[2026-10-02T01:11:33.649Z] {"timestamp":1790903495766,"kind":"scroll","url":"http://localhost:3000/","viewport":{"width":1707,"height":917},"payload":{"scrollX":0,"scrollY":5408.888671875,"documentHeight":8105,"viewportHeight":917}}
[2026-10-02T01:11:35.652Z] {"timestamp":1790903496278,"kind":"scroll","url":"http://localhost:3000/","viewport":{"width":1707,"height":917},"payload":{"scrollX":0,"scrollY":5390.22216796875,"documentHeight":8105,"viewportHeight":917}}
[2026-10-02T01:11:35.652Z] {"timestamp":1790903496833,"kind":"scroll","url":"http://localhost:3000/","viewport":{"width":1707,"height":917},"payload":{"scrollX":0,"scrollY":5288.888671875,"documentHeight":8105,"viewportHeight":917}}
[2026-10-02T01:11:41.950Z] {"timestamp":1790903502621,"kind":"click","url":"http://localhost:3000/","viewport":{"width":1707,"height":917},"payload":{"target":{"tag":"p","id":null,"name":null,"type":null,"role":null,"ariaLabel":null,"testId":null,"dataLoc":"client/src/pages/Home.tsx:626","href":null,"text":"Uma análise mais rápida para o Comercial, Marketing, Qualidade, Logística e dema…","selectorHint":"[data-loc=\"client/src/pages/Home.tsx:626\"]"},"x":1314,"y":407}}
[2026-10-02T01:11:41.950Z] {"timestamp":1790903503017,"kind":"scroll","url":"http://localhost:3000/","viewport":{"width":1707,"height":917},"payload":{"scrollX":0,"scrollY":5209.77783203125,"documentHeight":8105,"viewportHeight":917}}
[2026-10-02T01:11:41.950Z] {"timestamp":1790903503567,"kind":"scroll","url":"http://localhost:3000/","viewport":{"width":1707,"height":917},"payload":{"scrollX":0,"scrollY":4322.66650390625,"documentHeight":8105,"viewportHeight":917}}
[2026-10-02T01:11:43.646Z] {"timestamp":1790903504098,"kind":"scroll","url":"http://localhost:3000/","viewport":{"width":1707,"height":917},"payload":{"scrollX":0,"scrollY":3856,"documentHeight":8105,"viewportHeight":917}}
[2026-10-02T01:11:43.646Z] {"timestamp":1790903504599,"kind":"scroll","url":"http://localhost:3000/","viewport":{"width":1707,"height":917},"payload":{"scrollX":0,"scrollY":3336.888916015625,"documentHeight":8105,"viewportHeight":917}}
[2026-10-02T01:11:43.646Z] {"timestamp":1790903505101,"kind":"scroll","url":"http://localhost:3000/","viewport":{"width":1707,"height":917},"payload":{"scrollX":0,"scrollY":1586.6666259765625,"documentHeight":8105,"viewportHeight":917}}
[2026-10-02T01:11:43.646Z] {"timestamp":1790903505615,"kind":"scroll","url":"http://localhost:3000/","viewport":{"width":1707,"height":917},"payload":{"scrollX":0,"scrollY":1347.5555419921875,"documentHeight":8105,"viewportHeight":917}}
[2026-10-02T01:11:45.661Z] {"timestamp":1790903506134,"kind":"scroll","url":"http://localhost:3000/","viewport":{"width":1707,"height":917},"payload":{"scrollX":0,"scrollY":1173.3333740234375,"documentHeight":8105,"viewportHeight":917}}
[2026-10-02T01:11:45.661Z] {"timestamp":1790903506634,"kind":"scroll","url":"http://localhost:3000/","viewport":{"width":1707,"height":917},"payload":{"scrollX":0,"scrollY":861.3333129882812,"documentHeight":8105,"viewportHeight":917}}
[2026-10-02T01:11:45.661Z] {"timestamp":1790903507378,"kind":"scroll","url":"http://localhost:3000/","viewport":{"width":1707,"height":917},"payload":{"scrollX":0,"scrollY":656.888916015625,"documentHeight":8105,"viewportHeight":917}}
[2026-10-02T01:11:45.661Z] {"timestamp":1790903507948,"kind":"scroll","url":"http://localhost:3000/","viewport":{"width":1707,"height":917},"payload":{"scrollX":0,"scrollY":1082.6666259765625,"documentHeight":8105,"viewportHeight":917}}
[2026-10-02T01:11:47.652Z] {"timestamp":1790903508450,"kind":"scroll","url":"http://localhost:3000/","viewport":{"width":1707,"height":917},"payload":{"scrollX":0,"scrollY":2016,"documentHeight":8105,"viewportHeight":917}}
[2026-10-02T01:11:47.652Z] {"timestamp":1790903508979,"kind":"scroll","url":"http://localhost:3000/","viewport":{"width":1707,"height":917},"payload":{"scrollX":0,"scrollY":4045.333251953125,"documentHeight":8105,"viewportHeight":917}}
[2026-10-02T01:11:47.652Z] {"timestamp":1790903509502,"kind":"scroll","url":"http://localhost:3000/","viewport":{"width":1707,"height":917},"payload":{"scrollX":0,"scrollY":5929.77783203125,"documentHeight":8105,"viewportHeight":917}}
[2026-10-02T01:11:49.650Z] {"timestamp":1790903510032,"kind":"scroll","url":"http://localhost:3000/","viewport":{"width":1707,"height":917},"payload":{"scrollX":0,"scrollY":5814.22216796875,"documentHeight":8105,"viewportHeight":917}}
[2026-10-02T01:11:49.650Z] {"timestamp":1790903510534,"kind":"scroll","url":"http://localhost:3000/","viewport":{"width":1707,"height":917},"payload":{"scrollX":0,"scrollY":5734.22216796875,"documentHeight":8105,"viewportHeight":917}}
[2026-10-02T01:11:49.650Z] {"timestamp":1790903511034,"kind":"scroll","url":"http://localhost:3000/","viewport":{"width":1707,"height":917},"payload":{"scrollX":0,"scrollY":5489.77783203125,"documentHeight":8105,"viewportHeight":917}}
[2026-10-02T01:11:51.651Z] {"timestamp":1790903512600,"kind":"click","url":"http://localhost:3000/","viewport":{"width":1707,"height":917},"payload":{"target":{"tag":"p","id":null,"name":null,"type":null,"role":null,"ariaLabel":null,"testId":null,"dataLoc":"client/src/pages/Home.tsx:626","href":null,"text":"Uma análise mais rápida para o Comercial, Marketing, Qualidade, Logística e dema…","selectorHint":"[data-loc=\"client/src/pages/Home.tsx:626\"]"},"x":1335,"y":405}}
[2026-10-02T01:11:53.651Z] {"timestamp":1790903514648,"kind":"click","url":"http://localhost:3000/","viewport":{"width":1707,"height":917},"payload":{"target":{"tag":"div","id":null,"name":null,"type":null,"role":null,"ariaLabel":null,"testId":null,"dataLoc":"client/src/pages/Home.tsx:621","href":null,"text":"/ IMPACTO CONSOLIDADO Múltiplos projetos, um mesmo efeito. Uma análise mais rápi…","selectorHint":"[data-loc=\"client/src/pages/Home.tsx:621\"]"},"x":1138,"y":346}}
[2026-10-02T01:13:13.647Z] {"timestamp":1790903595732,"kind":"scroll","url":"http://localhost:3000/","viewport":{"width":1707,"height":917},"payload":{"scrollX":0,"scrollY":5230.22216796875,"documentHeight":8105,"viewportHeight":917}}
[2026-10-02T01:13:15.648Z] {"timestamp":1790903596299,"kind":"scroll","url":"http://localhost:3000/","viewport":{"width":1707,"height":917},"payload":{"scrollX":0,"scrollY":5644.4443359375,"documentHeight":8105,"viewportHeight":917}}
[2026-10-02T01:13:15.648Z] {"timestamp":1790903596915,"kind":"scroll","url":"http://localhost:3000/","viewport":{"width":1707,"height":917},"payload":{"scrollX":0,"scrollY":5994.66650390625,"documentHeight":8105,"viewportHeight":917}}
[2026-10-02T01:13:15.648Z] {"timestamp":1790903597415,"kind":"scroll","url":"http://localhost:3000/","viewport":{"width":1707,"height":917},"payload":{"scrollX":0,"scrollY":6376,"documentHeight":8105,"viewportHeight":917}}
[2026-10-02T01:13:17.653Z] {"timestamp":1790903598429,"kind":"scroll","url":"http://localhost:3000/","viewport":{"width":1707,"height":917},"payload":{"scrollX":0,"scrollY":7172.4443359375,"documentHeight":8105,"viewportHeight":917}}
[2026-10-02T01:13:17.653Z] {"timestamp":1790903598964,"kind":"scroll","url":"http://localhost:3000/","viewport":{"width":1707,"height":917},"payload":{"scrollX":0,"scrollY":6343.111328125,"documentHeight":8105,"viewportHeight":917}}
[2026-10-02T01:13:17.653Z] {"timestamp":1790903599482,"kind":"scroll","url":"http://localhost:3000/","viewport":{"width":1707,"height":917},"payload":{"scrollX":0,"scrollY":6009.77783203125,"documentHeight":8105,"viewportHeight":917}}
[2026-10-02T01:13:19.662Z] {"timestamp":1790903600015,"kind":"scroll","url":"http://localhost:3000/","viewport":{"width":1707,"height":917},"payload":{"scrollX":0,"scrollY":5259.5556640625,"documentHeight":8105,"viewportHeight":917}}
[2026-10-02T01:13:19.662Z] {"timestamp":1790903600548,"kind":"scroll","url":"http://localhost:3000/","viewport":{"width":1707,"height":917},"payload":{"scrollX":0,"scrollY":5016.888671875,"documentHeight":8105,"viewportHeight":917}}
[2026-10-02T01:13:19.662Z] {"timestamp":1790903601316,"kind":"scroll","url":"http://localhost:3000/","viewport":{"width":1707,"height":917},"payload":{"scrollX":0,"scrollY":4581.33349609375,"documentHeight":8105,"viewportHeight":917}}
[2026-10-02T01:13:19.662Z] {"timestamp":1790903601886,"kind":"scroll","url":"http://localhost:3000/","viewport":{"width":1707,"height":917},"payload":{"scrollX":0,"scrollY":4161.77783203125,"documentHeight":8105,"viewportHeight":917}}
[2026-10-02T01:13:21.656Z] {"timestamp":1790903602464,"kind":"scroll","url":"http://localhost:3000/","viewport":{"width":1707,"height":917},"payload":{"scrollX":0,"scrollY":2761.77783203125,"documentHeight":8105,"viewportHeight":917}}
[2026-10-02T01:13:21.656Z] {"timestamp":1790903603018,"kind":"scroll","url":"http://localhost:3000/","viewport":{"width":1707,"height":917},"payload":{"scrollX":0,"scrollY":1512.888916015625,"documentHeight":8105,"viewportHeight":917}}
[2026-10-02T01:13:21.656Z] {"timestamp":1790903603551,"kind":"scroll","url":"http://localhost:3000/","viewport":{"width":1707,"height":917},"payload":{"scrollX":0,"scrollY":1387.5555419921875,"documentHeight":8105,"viewportHeight":917}}
[2026-10-02T01:13:23.651Z] {"timestamp":1790903604117,"kind":"scroll","url":"http://localhost:3000/","viewport":{"width":1707,"height":917},"payload":{"scrollX":0,"scrollY":1335.111083984375,"documentHeight":8105,"viewportHeight":917}}
[2026-10-02T01:13:23.651Z] {"timestamp":1790903604651,"kind":"scroll","url":"http://localhost:3000/","viewport":{"width":1707,"height":917},"payload":{"scrollX":0,"scrollY":1314.6666259765625,"documentHeight":8105,"viewportHeight":917}}
[2026-10-02T01:13:23.651Z] {"timestamp":1790903605317,"kind":"scroll","url":"http://localhost:3000/","viewport":{"width":1707,"height":917},"payload":{"scrollX":0,"scrollY":1206.22216796875,"documentHeight":8105,"viewportHeight":917}}
[2026-10-02T01:13:23.651Z] {"timestamp":1790903605817,"kind":"scroll","url":"http://localhost:3000/","viewport":{"width":1707,"height":917},"payload":{"scrollX":0,"scrollY":794.6666870117188,"documentHeight":8105,"viewportHeight":917}}
[2026-10-02T01:13:25.645Z] {"timestamp":1790903606751,"kind":"scroll","url":"http://localhost:3000/","viewport":{"width":1707,"height":917},"payload":{"scrollX":0,"scrollY":236.44444274902344,"documentHeight":8105,"viewportHeight":917}}
[2026-10-02T01:13:25.645Z] {"timestamp":1790903607283,"kind":"scroll","url":"http://localhost:3000/","viewport":{"width":1707,"height":917},"payload":{"scrollX":0,"scrollY":1292.4444580078125,"documentHeight":8105,"viewportHeight":917}}
[2026-10-02T01:13:27.645Z] {"timestamp":1790903607982,"kind":"scroll","url":"http://localhost:3000/","viewport":{"width":1707,"height":917},"payload":{"scrollX":0,"scrollY":2031.111083984375,"documentHeight":8105,"viewportHeight":917}}
[2026-10-02T01:13:27.645Z] {"timestamp":1790903608484,"kind":"scroll","url":"http://localhost:3000/","viewport":{"width":1707,"height":917},"payload":{"scrollX":0,"scrollY":1872,"documentHeight":8105,"viewportHeight":917}}
[2026-10-02T01:13:27.645Z] {"timestamp":1790903609015,"kind":"scroll","url":"http://localhost:3000/","viewport":{"width":1707,"height":917},"payload":{"scrollX":0,"scrollY":1824.888916015625,"documentHeight":8105,"viewportHeight":917}}
[2026-10-02T01:13:27.645Z] {"timestamp":1790903609848,"kind":"scroll","url":"http://localhost:3000/","viewport":{"width":1707,"height":917},"payload":{"scrollX":0,"scrollY":1792,"documentHeight":8105,"viewportHeight":917}}
[2026-10-02T01:13:53.649Z] {"timestamp":1790903635067,"kind":"scroll","url":"http://localhost:3000/","viewport":{"width":1707,"height":917},"payload":{"scrollX":0,"scrollY":1938.6666259765625,"documentHeight":8105,"viewportHeight":917}}
[2026-10-02T01:13:53.649Z] {"timestamp":1790903635568,"kind":"scroll","url":"http://localhost:3000/","viewport":{"width":1707,"height":917},"payload":{"scrollX":0,"scrollY":2648,"documentHeight":8105,"viewportHeight":917}}
[2026-10-02T01:13:55.648Z] {"timestamp":1790903636098,"kind":"scroll","url":"http://localhost:3000/","viewport":{"width":1707,"height":917},"payload":{"scrollX":0,"scrollY":3537.77783203125,"documentHeight":8105,"viewportHeight":917}}
[2026-10-02T01:13:55.648Z] {"timestamp":1790903636664,"kind":"scroll","url":"http://localhost:3000/","viewport":{"width":1707,"height":917},"payload":{"scrollX":0,"scrollY":4816.888671875,"documentHeight":8105,"viewportHeight":917}}
[2026-10-02T01:13:55.648Z] {"timestamp":1790903637515,"kind":"scroll","url":"http://localhost:3000/","viewport":{"width":1707,"height":917},"payload":{"scrollX":0,"scrollY":6480,"documentHeight":8105,"viewportHeight":917}}
[2026-10-02T01:13:57.644Z] {"timestamp":1790903638115,"kind":"scroll","url":"http://localhost:3000/","viewport":{"width":1707,"height":917},"payload":{"scrollX":0,"scrollY":6284.4443359375,"documentHeight":8105,"viewportHeight":917}}
[2026-10-02T01:13:57.644Z] {"timestamp":1790903638616,"kind":"scroll","url":"http://localhost:3000/","viewport":{"width":1707,"height":917},"payload":{"scrollX":0,"scrollY":5676.4443359375,"documentHeight":8105,"viewportHeight":917}}
[2026-10-02T01:13:57.644Z] {"timestamp":1790903639131,"kind":"scroll","url":"http://localhost:3000/","viewport":{"width":1707,"height":917},"payload":{"scrollX":0,"scrollY":4987.5556640625,"documentHeight":8105,"viewportHeight":917}}
[2026-10-02T01:13:57.644Z] {"timestamp":1790903639632,"kind":"scroll","url":"http://localhost:3000/","viewport":{"width":1707,"height":917},"payload":{"scrollX":0,"scrollY":5061.33349609375,"documentHeight":8105,"viewportHeight":917}}
[2026-10-02T01:13:59.651Z] {"timestamp":1790903640137,"kind":"scroll","url":"http://localhost:3000/","viewport":{"width":1707,"height":917},"payload":{"scrollX":0,"scrollY":5101.33349609375,"documentHeight":8105,"viewportHeight":917}}
[2026-10-02T01:15:03.657Z] {"timestamp":1790903705732,"kind":"scroll","url":"http://localhost:3000/","viewport":{"width":1707,"height":917},"payload":{"scrollX":0,"scrollY":4904.888671875,"documentHeight":8105,"viewportHeight":917}}
[2026-10-02T01:15:05.670Z] {"timestamp":1790903706235,"kind":"scroll","url":"http://localhost:3000/","viewport":{"width":1707,"height":917},"payload":{"scrollX":0,"scrollY":3418.666748046875,"documentHeight":8105,"viewportHeight":917}}
[2026-10-02T01:15:05.670Z] {"timestamp":1790903706831,"kind":"scroll","url":"http://localhost:3000/","viewport":{"width":1707,"height":917},"payload":{"scrollX":0,"scrollY":331.5555419921875,"documentHeight":8105,"viewportHeight":917}}
[2026-10-02T01:15:05.670Z] {"timestamp":1790903707865,"kind":"scroll","url":"http://localhost:3000/","viewport":{"width":1707,"height":917},"payload":{"scrollX":0,"scrollY":51.55555725097656,"documentHeight":8105,"viewportHeight":917}}
[2026-10-02T01:15:07.666Z] {"timestamp":1790903708497,"kind":"scroll","url":"http://localhost:3000/","viewport":{"width":1707,"height":917},"payload":{"scrollX":0,"scrollY":623.111083984375,"documentHeight":8105,"viewportHeight":917}}
[2026-10-02T01:15:07.666Z] {"timestamp":1790903709077,"kind":"scroll","url":"http://localhost:3000/","viewport":{"width":1707,"height":917},"payload":{"scrollX":0,"scrollY":976,"documentHeight":8105,"viewportHeight":917}}
[2026-10-02T01:15:07.666Z] {"timestamp":1790903709768,"kind":"scroll","url":"http://localhost:3000/","viewport":{"width":1707,"height":917},"payload":{"scrollX":0,"scrollY":1333.3333740234375,"documentHeight":8105,"viewportHeight":917}}
[2026-10-02T01:15:09.647Z] {"timestamp":1790903710365,"kind":"scroll","url":"http://localhost:3000/","viewport":{"width":1707,"height":917},"payload":{"scrollX":0,"scrollY":1759.111083984375,"documentHeight":8105,"viewportHeight":917}}
[2026-10-02T01:15:09.647Z] {"timestamp":1790903711364,"kind":"scroll","url":"http://localhost:3000/","viewport":{"width":1707,"height":917},"payload":{"scrollX":0,"scrollY":1790.22216796875,"documentHeight":8105,"viewportHeight":917}}
[2026-10-02T01:15:09.647Z] {"timestamp":1790903711867,"kind":"scroll","url":"http://localhost:3000/","viewport":{"width":1707,"height":917},"payload":{"scrollX":0,"scrollY":2165.333251953125,"documentHeight":8105,"viewportHeight":917}}
[2026-10-02T01:15:11.649Z] {"timestamp":1790903712367,"kind":"scroll","url":"http://localhost:3000/","viewport":{"width":1707,"height":917},"payload":{"scrollX":0,"scrollY":2754.666748046875,"documentHeight":8105,"viewportHeight":917}}
[2026-10-02T01:15:11.649Z] {"timestamp":1790903712898,"kind":"scroll","url":"http://localhost:3000/","viewport":{"width":1707,"height":917},"payload":{"scrollX":0,"scrollY":3497.77783203125,"documentHeight":8105,"viewportHeight":917}}
[2026-10-02T01:15:11.649Z] {"timestamp":1790903713500,"kind":"scroll","url":"http://localhost:3000/","viewport":{"width":1707,"height":917},"payload":{"scrollX":0,"scrollY":3729.77783203125,"documentHeight":8105,"viewportHeight":917}}
[2026-10-02T01:15:13.645Z] {"timestamp":1790903714065,"kind":"scroll","url":"http://localhost:3000/","viewport":{"width":1707,"height":917},"payload":{"scrollX":0,"scrollY":4061.333251953125,"documentHeight":8105,"viewportHeight":917}}
[2026-10-02T01:15:13.645Z] {"timestamp":1790903715065,"kind":"scroll","url":"http://localhost:3000/","viewport":{"width":1707,"height":917},"payload":{"scrollX":0,"scrollY":4596.4443359375,"documentHeight":8105,"viewportHeight":917}}
[2026-10-02T01:15:13.645Z] {"timestamp":1790903715598,"kind":"scroll","url":"http://localhost:3000/","viewport":{"width":1707,"height":917},"payload":{"scrollX":0,"scrollY":4719.111328125,"documentHeight":8105,"viewportHeight":917}}
[2026-10-02T01:15:15.642Z] {"timestamp":1790903716100,"kind":"scroll","url":"http://localhost:3000/","viewport":{"width":1707,"height":917},"payload":{"scrollX":0,"scrollY":5056,"documentHeight":8105,"viewportHeight":917}}
[2026-10-02T01:15:15.642Z] {"timestamp":1790903716599,"kind":"scroll","url":"http://localhost:3000/","viewport":{"width":1707,"height":917},"payload":{"scrollX":0,"scrollY":5471.111328125,"documentHeight":8105,"viewportHeight":917}}
[2026-10-02T01:15:15.642Z] {"timestamp":1790903717099,"kind":"scroll","url":"http://localhost:3000/","viewport":{"width":1707,"height":917},"payload":{"scrollX":0,"scrollY":6740.4443359375,"documentHeight":8105,"viewportHeight":917}}
[2026-10-02T01:15:15.642Z] {"timestamp":1790903717600,"kind":"scroll","url":"http://localhost:3000/","viewport":{"width":1707,"height":917},"payload":{"scrollX":0,"scrollY":6614.22216796875,"documentHeight":8105,"viewportHeight":917}}
[2026-10-02T01:15:17.647Z] {"timestamp":1790903718100,"kind":"scroll","url":"http://localhost:3000/","viewport":{"width":1707,"height":917},"payload":{"scrollX":0,"scrollY":6120.888671875,"documentHeight":8105,"viewportHeight":917}}
[2026-10-02T01:15:17.647Z] {"timestamp":1790903718943,"kind":"scroll","url":"http://localhost:3000/","viewport":{"width":1707,"height":917},"payload":{"scrollX":0,"scrollY":6008.888671875,"documentHeight":8105,"viewportHeight":917}}
[2026-10-02T01:15:31.794Z] {"timestamp":1790903732199,"kind":"scroll","url":"http://localhost:3000/","viewport":{"width":1707,"height":917},"payload":{"scrollX":0,"scrollY":6016,"documentHeight":8105,"viewportHeight":917}}
[2026-10-02T01:15:31.794Z] {"timestamp":1790903732730,"kind":"scroll","url":"http://localhost:3000/","viewport":{"width":1707,"height":917},"payload":{"scrollX":0,"scrollY":6425.77783203125,"documentHeight":8105,"viewportHeight":917}}
[2026-10-02T01:15:31.794Z] {"timestamp":1790903733265,"kind":"scroll","url":"http://localhost:3000/","viewport":{"width":1707,"height":917},"payload":{"scrollX":0,"scrollY":7171.5556640625,"documentHeight":8105,"viewportHeight":917}}
